Unnamed: 0,Country.of.Origin,Lot.Number,ICO.Number,Altitude,Aroma,Flavor,Aftertaste,Acidity,Body,Balance,Uniformity,Clean.Cup,Sweetness,Cupper.Points,Total.Cup.Points,Moisture,Category.One.Defects,Quakers,Color,Category.Two.Defects,Expiration,Certification.Body,Certification.Address,Certification.Contact,unit_of_measurement,altitude_low_meters,altitude_high_meters,altitude_mean_meters,Cluster,PCA1,PCA2
1,Ethiopia,,2014/2015,1950-2200,8.67,8.83,8.67,8.75,8.5,8.42,10.0,10.0,10.0,8.75,90.58,0.12,0,0.0,Green,0,"April 3rd, 2016",METAD Agricultural Development plc,309fcf77415a3661ae83e027f7e5f05dad786e44,19fef5a731de2db57d16da10287413f5f99bc2dd,m,1950.0,2200.0,2075.0,2,7.66008918693806,0.17673010215386728
2,Ethiopia,,2014/2015,1950-2200,8.75,8.67,8.5,8.58,8.42,8.42,10.0,10.0,10.0,8.58,89.92,0.12,0,0.0,Green,1,"April 3rd, 2016",METAD Agricultural Development plc,309fcf77415a3661ae83e027f7e5f05dad786e44,19fef5a731de2db57d16da10287413f5f99bc2dd,m,1950.0,2200.0,2075.0,2,7.067630448417372,0.16047257100459933
3,Guatemala,,,1600 - 1800 m,8.42,8.5,8.42,8.42,8.33,8.42,10.0,10.0,10.0,9.25,89.75,0.0,0,0.0,,0,"May 31st, 2011",Specialty Coffee Association,36d0d00a3724338ba7937c52a378d085f2172daa,0878a7d4b9d35ddbf0fe2ce69a2062cceb45a660,m,1600.0,1800.0,1700.0,2,7.009048562807845,0.04663805234355169
4,Ethiopia,,,1800-2200,8.17,8.58,8.42,8.42,8.5,8.25,10.0,10.0,10.0,8.67,89.0,0.11,0,0.0,Green,2,"March 25th, 2016",METAD Agricultural Development plc,309fcf77415a3661ae83e027f7e5f05dad786e44,19fef5a731de2db57d16da10287413f5f99bc2dd,m,1800.0,2200.0,2000.0,2,6.263757858786225,0.12363632264980982
5,Ethiopia,,2014/2015,1950-2200,8.25,8.5,8.25,8.5,8.42,8.33,10.0,10.0,10.0,8.58,88.83,0.12,0,0.0,Green,2,"April 3rd, 2016",METAD Agricultural Development plc,309fcf77415a3661ae83e027f7e5f05dad786e44,19fef5a731de2db57d16da10287413f5f99bc2dd,m,1950.0,2200.0,2075.0,2,6.0914690563436285,0.14217556311415505
8,Ethiopia,,010/0338,1570-1700,8.25,8.33,8.5,8.42,8.33,8.5,10.0,10.0,9.33,9.0,88.67,0.03,0,0.0,,0,"September 2nd, 2011",Ethiopia Commodity Exchange,a176532400aebdc345cf3d870f84ed3ecab6249e,61bbaf6a9f341e5782b8e7bd3ebf76aac89fe24b,m,1570.0,1700.0,1635.0,2,6.293868332487613,0.034642823198928814
9,Ethiopia,,010/0338,1570-1700,8.67,8.67,8.58,8.42,8.33,8.42,9.33,10.0,9.33,8.67,88.42,0.03,0,0.0,,0,"September 2nd, 2011",Ethiopia Commodity Exchange,a176532400aebdc345cf3d870f84ed3ecab6249e,61bbaf6a9f341e5782b8e7bd3ebf76aac89fe24b,m,1570.0,1700.0,1635.0,2,6.392065551501333,0.03222727099531605
10,Ethiopia,,2014/15,1795-1850,8.08,8.58,8.5,8.5,7.67,8.42,10.0,10.0,10.0,8.5,88.25,0.1,0,0.0,Green,4,"March 29th, 2016",METAD Agricultural Development plc,309fcf77415a3661ae83e027f7e5f05dad786e44,19fef5a731de2db57d16da10287413f5f99bc2dd,m,1795.0,1850.0,1822.5,2,5.554306446327418,0.07110177746353115
11,Ethiopia,,,1855-1955,8.17,8.67,8.25,8.5,7.75,8.17,10.0,10.0,10.0,8.58,88.08,0.1,0,0.0,,1,"March 26th, 2016",METAD Agricultural Development plc,309fcf77415a3661ae83e027f7e5f05dad786e44,19fef5a731de2db57d16da10287413f5f99bc2dd,m,1855.0,1955.0,1905.0,2,5.455876334147796,0.09883046437656798
12,United States,,unknown,meters above sea level: 1.872,8.25,8.42,8.17,8.33,8.08,8.17,10.0,10.0,10.0,8.5,87.92,0.0,0,0.0,,0,"March 12th, 2016",Almacafé,e493c36c2d076bf273064f7ac23ad562af257a25,70d3c0c26f89e00fdae6fb39ff54f0d2eb1c38ab,m,1872.0,1872.0,1872.0,2,5.477064752438698,0.056817831316322766
13,United States,,unknown,meters above sea level: 1.943,8.08,8.67,8.33,8.42,8.0,8.08,10.0,10.0,10.0,8.33,87.92,0.0,0,0.0,,0,"March 12th, 2016",Almacafé,e493c36c2d076bf273064f7ac23ad562af257a25,70d3c0c26f89e00fdae6fb39ff54f0d2eb1c38ab,m,1943.0,1943.0,1943.0,2,5.500848500066097,0.07377726303708451
14,United States (Hawaii),,,2000 ft,8.33,8.42,8.08,8.25,8.25,8.0,10.0,10.0,10.0,8.58,87.92,0.0,0,0.0,,2,"May 31st, 2011",Specialty Coffee Association,36d0d00a3724338ba7937c52a378d085f2172daa,0878a7d4b9d35ddbf0fe2ce69a2062cceb45a660,ft,609.6,609.6,609.6,2,5.4433585325007385,-0.20043085489087717
15,Ethiopia,,010/0338,1570-1700,8.25,8.33,8.5,8.25,8.58,8.75,9.33,10.0,9.33,8.5,87.83,0.05,0,0.0,,2,"August 31st, 2011",Ethiopia Commodity Exchange,a176532400aebdc345cf3d870f84ed3ecab6249e,61bbaf6a9f341e5782b8e7bd3ebf76aac89fe24b,m,1570.0,1700.0,1635.0,2,5.821946051400462,0.017800660301600827
16,United States,,unknown,meters above sea level: 2.080,8.0,8.5,8.58,8.17,8.17,8.0,10.0,10.0,10.0,8.17,87.58,0.0,0,0.0,,0,"March 12th, 2016",Almacafé,e493c36c2d076bf273064f7ac23ad562af257a25,70d3c0c26f89e00fdae6fb39ff54f0d2eb1c38ab,m,2080.0,2080.0,2080.0,2,5.247820196502191,0.08673180920528437
17,Indonesia,,,1200-1800m,8.33,8.25,7.83,7.75,8.5,8.42,10.0,10.0,10.0,8.33,87.42,0.03,0,0.0,,0,"May 31st, 2011",Specialty Coffee Association,36d0d00a3724338ba7937c52a378d085f2172daa,0878a7d4b9d35ddbf0fe2ce69a2062cceb45a660,m,1200.0,1800.0,1500.0,2,5.0124329302121735,-0.02665074426035224
19,China,YNC-06114,,1450,8.42,8.25,8.08,8.17,7.92,8.0,10.0,10.0,10.0,8.42,87.25,0.1,0,0.0,Green,0,"April 7th, 2017",Yunnan Coffee Exchange,683fa6014608fc10ff681b0435b0b2dbe6df988f,f6d87a6c04653c569d4911a66f89d5e30ce83b93,m,1450.0,1450.0,1450.0,2,4.756201695766194,-0.008034100358151547
20,Ethiopia,,100181006,1700-2000m,8.17,8.17,8.0,8.17,8.08,8.33,10.0,10.0,10.0,8.33,87.25,0.0,0,0.0,,8,"March 24th, 2016",Blossom Valley International,fc45352eee499d8470cf94c9827922fb745bf815,de73fc9412358b523d3a641501e542f31d2668b0,m,1700.0,2000.0,1850.0,2,4.77201129181306,0.010633032959593128
21,United States,,unknown,meters above sea level: 2.019,8.0,8.25,8.08,8.5,8.25,8.0,10.0,10.0,10.0,8.17,87.25,0.0,0,0.0,,0,"March 12th, 2016",Almacafé,e493c36c2d076bf273064f7ac23ad562af257a25,70d3c0c26f89e00fdae6fb39ff54f0d2eb1c38ab,m,2019.0,2019.0,2019.0,2,4.9350491082459,0.08121933424038766
22,Costa Rica,,5-562-0015,1300 msnm,8.08,8.25,8.0,8.17,8.0,8.33,10.0,10.0,10.0,8.33,87.17,0.11,0,0.0,Green,2,"April 2nd, 2015",Specialty Coffee Association,36d0d00a3724338ba7937c52a378d085f2172daa,0878a7d4b9d35ddbf0fe2ce69a2062cceb45a660,m,1300.0,1300.0,1300.0,2,4.632241859500684,-0.041684931176785255
23,Mexico,,0,1320,8.17,8.25,8.17,8.0,7.83,8.17,10.0,10.0,10.0,8.58,87.17,0.13,0,0.0,Green,0,"July 26th, 2013",AMECAFE,59e396ad6e22a1c22b248f958e1da2bd8af85272,0eb4ee5b3f47b20b049548a2fd1e7d4a2b70d0a7,m,1320.0,1320.0,1320.0,2,4.607223418444357,-0.029913425647488518
24,United States,,unknown,meters above sea level: 2.112,8.25,8.33,8.17,8.17,7.83,8.17,10.0,10.0,10.0,8.17,87.08,0.0,0,0.0,,0,"March 12th, 2016",Almacafé,e493c36c2d076bf273064f7ac23ad562af257a25,70d3c0c26f89e00fdae6fb39ff54f0d2eb1c38ab,m,2112.0,2112.0,2112.0,2,4.766605565950601,0.08934233294821106
26,Brazil,,002/1251/0073,1250m,8.5,8.5,8.0,8.0,8.0,8.0,10.0,10.0,10.0,7.92,86.92,0.12,0,0.0,Green,2,"December 2nd, 2012",NUCOFFEE,567f200bcc17a90070cb952647bf88141ad9c80c,aa2ff513ffb9c844462a1fb07c599bce7f3bb53d,m,1250.0,1250.0,1250.0,2,4.473068031147035,-0.05421990445849107
28,Uganda,,0,1950,8.42,8.17,8.17,8.17,7.83,7.92,10.0,10.0,10.0,8.17,86.83,0.12,0,0.0,Green,1,"June 26th, 2015",Uganda Coffee Development Authority,188fe373b511e21f614564bf86aa4774270d8e04,b7614767a5343729bbde3a2777c60ce836aed928,m,1950.0,1950.0,1950.0,2,4.375153354298371,0.08659466060921547
29,Honduras,102,13-111-053,1400,8.17,8.08,8.08,8.0,8.08,8.0,10.0,10.0,10.0,8.25,86.67,0.1,0,0.0,Green,3,"May 18th, 2018",Instituto Hondureño del Café,b4660a57e9f8cc613ae5b8f02bfce8634c763ab4,7f521ca403540f81ec99daec7da19c2788393880,m,1400.0,1400.0,1400.0,2,4.20751200747475,-0.04162904606007193
30,Taiwan,Tsoustructive 2015 Sumatra Typica,Taiwan,1200,8.0,8.0,8.0,8.25,8.0,8.17,10.0,10.0,10.0,8.17,86.58,0.0,0,0.0,Green,0,"May 18th, 2017",Specialty Coffee Association,36d0d00a3724338ba7937c52a378d085f2172daa,0878a7d4b9d35ddbf0fe2ce69a2062cceb45a660,m,1200.0,1200.0,1200.0,2,4.324335556145965,-0.09528322226062046
33,Brazil,,002/1251/0068,1300,8.5,8.17,8.0,7.75,8.0,8.0,10.0,10.0,10.0,8.0,86.42,0.12,0,0.0,Green,2,"December 2nd, 2012",NUCOFFEE,567f200bcc17a90070cb952647bf88141ad9c80c,aa2ff513ffb9c844462a1fb07c599bce7f3bb53d,m,1300.0,1300.0,1300.0,2,4.008883038782488,-0.0594726782202257
34,Costa Rica,,5818009,1300,8.17,7.83,8.0,8.08,7.83,8.0,10.0,10.0,10.0,8.42,86.33,0.0,0,0.0,Blue-Green,0,"December 2nd, 2016",Specialty Coffee Association of Costa Rica,8e0b118f3cf3121ab27c5387deacdb7d4d2a60b1,5eb2b7129d9714c43825e44dc3bca9423de209e9,m,1300.0,1300.0,1300.0,2,4.051161754586199,-0.08455954210306085
35,Ethiopia,,2014/15,1750-1800,8.0,8.08,7.92,8.0,8.08,8.08,10.0,10.0,10.0,8.08,86.25,0.1,0,0.0,Green,3,"March 26th, 2016",METAD Agricultural Development plc,309fcf77415a3661ae83e027f7e5f05dad786e44,19fef5a731de2db57d16da10287413f5f99bc2dd,m,1750.0,1800.0,1775.0,2,3.852118793905955,0.028618290575228116
36,Kenya,,0,1800,8.08,8.0,8.0,8.25,7.92,7.92,10.0,10.0,10.0,8.08,86.25,0.12,0,0.0,Blue-Green,1,"May 30th, 2015",Kenya Coffee Traders Association,ccba45b89d859740b749878be8c6d16fbdb96c2e,d752c909a015f3c76224b3c5cc520f8a67afda74,m,1800.0,1800.0,1800.0,2,3.8564605801701255,0.05214644442278475
40,United States,,unknown,meters above sea level: 1.941,7.67,8.17,8.0,8.0,8.17,8.08,10.0,10.0,10.0,8.08,86.17,0.0,0,0.0,,0,"March 12th, 2016",Almacafé,e493c36c2d076bf273064f7ac23ad562af257a25,70d3c0c26f89e00fdae6fb39ff54f0d2eb1c38ab,m,1941.0,1941.0,1941.0,2,3.9785601568990603,0.04066632942117886
41,Thailand,,01-011-512,1300,7.83,8.33,7.83,8.25,7.58,7.92,10.0,10.0,10.0,8.42,86.17,0.1,1,0.0,Green,9,"April 12th, 2013",Specialty Coffee Association,36d0d00a3724338ba7937c52a378d085f2172daa,0878a7d4b9d35ddbf0fe2ce69a2062cceb45a660,m,1300.0,1300.0,1300.0,2,3.610630691297855,-0.08679574846286024
42,Brazil,,002/1352/0045,1.2,8.17,7.92,7.92,7.75,8.33,8.0,10.0,10.0,10.0,8.08,86.17,0.08,0,0.0,,2,"January 4th, 2012",Specialty Coffee Association,36d0d00a3724338ba7937c52a378d085f2172daa,0878a7d4b9d35ddbf0fe2ce69a2062cceb45a660,m,12.0,12.0,12.0,2,3.842087487069239,-0.329418935566729
43,Brazil,,002/1352/0045,1.2,8.42,7.92,8.0,7.75,7.92,8.0,10.0,10.0,10.0,8.17,86.17,0.01,0,0.0,,3,"January 4th, 2012",Specialty Coffee Association,36d0d00a3724338ba7937c52a378d085f2172daa,0878a7d4b9d35ddbf0fe2ce69a2062cceb45a660,m,12.0,12.0,12.0,2,3.8965001169201665,-0.3552655223508724
44,Taiwan,,Taiwan,1000 m,8.08,8.17,7.75,8.08,7.75,7.83,10.0,10.0,10.0,8.42,86.08,0.12,0,0.0,Green,0,"June 9th, 2016",Specialty Coffee Association,36d0d00a3724338ba7937c52a378d085f2172daa,0878a7d4b9d35ddbf0fe2ce69a2062cceb45a660,m,1000.0,1000.0,1000.0,2,3.669254008069665,-0.1041182731157309
45,Kenya,,NIL,1754,8.08,8.08,8.0,8.0,7.83,8.08,10.0,10.0,10.0,8.0,86.08,0.11,0,0.0,Bluish-Green,2,"January 29th, 2016",Kenya Coffee Traders Association,ccba45b89d859740b749878be8c6d16fbdb96c2e,d752c909a015f3c76224b3c5cc520f8a67afda74,m,1754.0,1754.0,1754.0,2,3.695556650934203,0.028929830678506938
46,Brazil,,002/1251/0071,1250m,8.33,8.0,8.0,8.0,7.75,8.0,10.0,10.0,10.0,8.0,86.08,0.11,0,0.0,Blue-Green,2,"December 2nd, 2012",NUCOFFEE,567f200bcc17a90070cb952647bf88141ad9c80c,aa2ff513ffb9c844462a1fb07c599bce7f3bb53d,m,1250.0,1250.0,1250.0,2,3.698289349727471,-0.0709210193850178
48,Colombia,,NONE,900-1500m,7.75,7.92,7.83,8.08,8.08,8.17,10.0,10.0,10.0,8.17,86.0,0.12,1,0.0,Green,1,"March 20th, 2015",Specialty Coffee Association,36d0d00a3724338ba7937c52a378d085f2172daa,0878a7d4b9d35ddbf0fe2ce69a2062cceb45a660,m,900.0,1500.0,1200.0,2,3.5961316770128438,-0.08056203232696613
49,Kenya,,NONE,1520m-2200m,7.92,8.17,7.83,8.5,7.5,7.92,10.0,10.0,10.0,8.17,86.0,0.11,0,0.0,Green,1,"February 6th, 2015",Specialty Coffee Association,36d0d00a3724338ba7937c52a378d085f2172daa,0878a7d4b9d35ddbf0fe2ce69a2062cceb45a660,m,1520.0,2200.0,1860.0,2,3.619005822727122,0.06793728676582926
50,Uganda,,x,1400-1900m,8.25,8.0,7.83,8.08,8.0,7.92,10.0,10.0,10.0,7.92,86.0,0.1,0,0.0,Blue-Green,0,"February 12th, 2013",Africa Fine Coffee Association,073285c0d45e2f5539012d969937e529564fa6fe,c4ab13415cdd69376a93780c0166e7b1a10481ea,m,1400.0,1900.0,1650.0,2,3.6911729317569915,0.01440375651852589
51,Ethiopia,,010/0145,1500-2000 m,7.75,8.08,8.0,8.25,8.0,8.0,10.0,10.0,10.0,7.92,86.0,0.01,0,0.0,,4,"June 17th, 2011",Ethiopia Commodity Exchange,a176532400aebdc345cf3d870f84ed3ecab6249e,61bbaf6a9f341e5782b8e7bd3ebf76aac89fe24b,m,1500.0,2000.0,1750.0,2,3.7601547678165046,-0.0045195115050643215
52,United States (Hawaii),,,1400ft,8.33,8.17,7.75,8.0,7.75,7.83,10.0,10.0,10.0,8.17,86.0,0.0,0,0.0,,0,"May 31st, 2011",Specialty Coffee Association,36d0d00a3724338ba7937c52a378d085f2172daa,0878a7d4b9d35ddbf0fe2ce69a2062cceb45a660,ft,426.72,426.72,426.72,2,3.7906013950221973,-0.25714495906976337
54,Uganda,,0,1400-1900,8.17,8.17,7.92,8.08,7.83,7.75,10.0,10.0,10.0,8.0,85.92,0.12,0,0.0,Green,0,"June 30th, 2015",Uganda Coffee Development Authority,188fe373b511e21f614564bf86aa4774270d8e04,b7614767a5343729bbde3a2777c60ce836aed928,m,1400.0,1900.0,1650.0,2,3.5839277558434284,0.020437371060153774
55,Colombia,,3-68-0215,1800 msnm,8.0,8.0,8.0,8.17,7.83,8.0,10.0,10.0,10.0,7.92,85.92,0.0,1,0.0,Blue-Green,0,"July 26th, 2014",Almacafé,e493c36c2d076bf273064f7ac23ad562af257a25,70d3c0c26f89e00fdae6fb39ff54f0d2eb1c38ab,m,1800.0,1800.0,1800.0,2,3.7268745219694974,0.0043807471136675285
56,Panama,Baby Geisha Washed,,1600,8.0,8.0,7.92,8.08,7.83,8.0,10.0,10.0,10.0,8.0,85.83,0.08,0,1.0,Bluish-Green,0,"October 9th, 2018",Specialty Coffee Association of Costa Rica,8e0b118f3cf3121ab27c5387deacdb7d4d2a60b1,5eb2b7129d9714c43825e44dc3bca9423de209e9,m,1600.0,1600.0,1600.0,2,3.553970434787041,0.10993676993597633
57,Ethiopia,,2014/2015,1800-2000,7.83,8.08,7.92,8.08,8.0,7.92,10.0,10.0,10.0,8.0,85.83,0.1,0,0.0,Green,4,"April 3rd, 2016",METAD Agricultural Development plc,309fcf77415a3661ae83e027f7e5f05dad786e44,19fef5a731de2db57d16da10287413f5f99bc2dd,m,1800.0,2000.0,1900.0,2,3.4731265943864806,0.047305436714528554
58,Guatemala,,11/1886/03,5000,7.83,8.0,8.0,8.17,7.83,8.0,10.0,10.0,10.0,8.0,85.83,0.12,0,0.0,Green,3,"July 3rd, 2013",Asociacion Nacional Del Café,b1f20fe3a819fd6b2ee0eb8fdc3da256604f1e53,724f04ad10ed31dbb9d260f0dfd221ba48be8a95,ft,1524.0,1524.0,1524.0,2,3.448780276155948,-0.015603888800241196
59,Guatemala,,11-853-155,4650,8.0,8.0,7.83,8.33,7.83,7.83,10.0,10.0,10.0,8.0,85.83,0.1,0,0.0,Bluish-Green,1,"June 5th, 2013",Asociacion Nacional Del Café,b1f20fe3a819fd6b2ee0eb8fdc3da256604f1e53,724f04ad10ed31dbb9d260f0dfd221ba48be8a95,ft,1417.32,1417.32,1417.32,2,3.498786545692167,-0.03031863782124005
62,Papua New Guinea,,25072012,1700 mts,8.33,8.42,7.83,8.33,8.0,8.25,9.33,9.33,10.0,7.92,85.75,0.12,0,0.0,Bluish-Green,1,"October 25th, 2013",Specialty Coffee Association,36d0d00a3724338ba7937c52a378d085f2172daa,0878a7d4b9d35ddbf0fe2ce69a2062cceb45a660,m,1700.0,1700.0,1700.0,2,4.02806511007883,0.0316372520246723
63,El Salvador,,09 – 060-24,1500 meters,7.92,8.17,8.0,7.92,7.75,7.83,10.0,10.0,10.0,8.0,85.58,0.1,0,0.0,Blue-Green,3,"March 18th, 2014",Specialty Coffee Association,36d0d00a3724338ba7937c52a378d085f2172daa,0878a7d4b9d35ddbf0fe2ce69a2062cceb45a660,m,1500.0,1500.0,1500.0,2,3.2668743069420816,-0.03452192286239924
64,El Salvador,,,1300~1400 m.s.l,7.83,8.0,8.0,7.75,7.92,8.17,10.0,10.0,10.0,7.92,85.58,0.11,0,0.0,,0,"January 12th, 2014",Specialty Coffee Association,36d0d00a3724338ba7937c52a378d085f2172daa,0878a7d4b9d35ddbf0fe2ce69a2062cceb45a660,m,1300.0,1400.0,1350.0,2,3.3022470747946655,-0.05540114442104211
66,Panama,,290503,1680,8.0,7.75,7.83,7.83,7.67,8.58,10.0,10.0,10.0,7.83,85.5,0.09,2,0.0,,2,"May 22nd, 2016",Blossom Valley International,fc45352eee499d8470cf94c9827922fb745bf815,de73fc9412358b523d3a641501e542f31d2668b0,m,1680.0,1680.0,1680.0,2,3.145203814494027,-0.020986965269986287
67,Kenya,,3707361715,1900m,7.92,7.92,7.83,8.08,7.83,7.92,10.0,10.0,10.0,8.0,85.5,0.1,0,0.0,Green,3,"May 22nd, 2016",Blossom Valley International,fc45352eee499d8470cf94c9827922fb745bf815,de73fc9412358b523d3a641501e542f31d2668b0,m,1900.0,1900.0,1900.0,2,3.175602277515084,0.04670262025148268
68,Ethiopia,,2015,1800-2000,7.83,8.0,7.83,7.92,7.83,8.08,10.0,10.0,10.0,8.0,85.5,0.12,0,0.0,Green,7,"March 30th, 2016",METAD Agricultural Development plc,309fcf77415a3661ae83e027f7e5f05dad786e44,19fef5a731de2db57d16da10287413f5f99bc2dd,m,1800.0,2000.0,1900.0,2,3.078271749378273,0.03503139832135325
69,Uganda,,0,1600,8.33,7.92,7.67,7.92,7.67,7.92,10.0,10.0,10.0,8.08,85.5,0.12,0,0.0,Green,1,"June 26th, 2015",Uganda Coffee Development Authority,188fe373b511e21f614564bf86aa4774270d8e04,b7614767a5343729bbde3a2777c60ce836aed928,m,1600.0,1600.0,1600.0,2,3.1609062535289025,-0.0014860857731980688
70,Guatemala,,11-52-492,5600-5760 metros,8.0,7.83,7.67,8.33,7.83,8.0,10.0,10.0,10.0,7.83,85.5,0.11,0,0.0,Green,1,"February 26th, 2014",Asociacion Nacional Del Café,b1f20fe3a819fd6b2ee0eb8fdc3da256604f1e53,724f04ad10ed31dbb9d260f0dfd221ba48be8a95,ft,1706.88,1755.648,1731.264,2,3.196129752560548,0.030923582519129803
71,Ethiopia,,2015,1800-2000,7.75,7.83,7.83,8.17,7.92,7.83,10.0,10.0,10.0,8.08,85.42,0.1,0,0.0,Green,18,"March 30th, 2016",METAD Agricultural Development plc,309fcf77415a3661ae83e027f7e5f05dad786e44,19fef5a731de2db57d16da10287413f5f99bc2dd,m,1800.0,2000.0,1900.0,2,2.866283386710097,-0.0075160461349307725
72,Uganda,,0,1950,8.08,8.0,7.83,7.67,8.0,7.83,10.0,10.0,10.0,8.0,85.42,0.12,0,0.0,Green,5,"June 26th, 2015",Uganda Coffee Development Authority,188fe373b511e21f614564bf86aa4774270d8e04,b7614767a5343729bbde3a2777c60ce836aed928,m,1950.0,1950.0,1950.0,2,3.0496681071420726,0.04444090732798313
74,Brazil,,002/1251/0072,1250m,8.0,8.0,8.0,7.67,7.75,8.0,10.0,10.0,10.0,8.0,85.42,0.11,0,0.0,Blue-Green,1,"December 2nd, 2012",NUCOFFEE,567f200bcc17a90070cb952647bf88141ad9c80c,aa2ff513ffb9c844462a1fb07c599bce7f3bb53d,m,1250.0,1250.0,1250.0,2,3.1170006333228355,-0.08263376931973376
75,El Salvador,,9-060-60D-L-1D,1400 m,8.08,7.83,7.83,8.08,7.83,7.83,10.0,10.0,10.0,7.92,85.42,0.01,0,0.0,,0,"May 31st, 2011",Specialty Coffee Association,36d0d00a3724338ba7937c52a378d085f2172daa,0878a7d4b9d35ddbf0fe2ce69a2062cceb45a660,m,1400.0,1400.0,1400.0,2,3.263030281430115,-0.07052448567169108
76,China,YNC-16115,,1700,8.0,8.0,8.0,7.83,7.83,7.75,10.0,10.0,10.0,7.92,85.33,0.1,0,0.0,Green,0,"April 6th, 2017",Yunnan Coffee Exchange,683fa6014608fc10ff681b0435b0b2dbe6df988f,f6d87a6c04653c569d4911a66f89d5e30ce83b93,m,1700.0,1700.0,1700.0,2,3.0860903987976473,0.009163256298266385
77,Guatemala,,11999144,1770,7.83,7.75,7.83,7.67,7.83,8.58,10.0,10.0,10.0,7.83,85.33,0.11,0,0.0,Green,1,"May 22nd, 2016",Blossom Valley International,fc45352eee499d8470cf94c9827922fb745bf815,de73fc9412358b523d3a641501e542f31d2668b0,m,1770.0,1770.0,1770.0,2,3.0260079174943377,0.018492927485602127
78,Costa Rica,,5-562-0006,1300,7.92,8.08,8.0,7.92,8.0,8.08,10.0,10.0,9.33,8.0,85.33,0.0,0,0.0,Bluish-Green,0,"May 1st, 2015",Specialty Coffee Association,36d0d00a3724338ba7937c52a378d085f2172daa,0878a7d4b9d35ddbf0fe2ce69a2062cceb45a660,m,1300.0,1300.0,1300.0,2,3.4783216893983844,-0.09034685845312763
79,Costa Rica,,5-562-0016,1300 msnm,8.0,7.58,7.58,7.67,8.08,8.5,10.0,10.0,10.0,7.92,85.33,0.1,0,0.0,Bluish-Green,2,"May 1st, 2015",Specialty Coffee Association,36d0d00a3724338ba7937c52a378d085f2172daa,0878a7d4b9d35ddbf0fe2ce69a2062cceb45a660,m,1300.0,1300.0,1300.0,2,3.025540512207295,-0.08016131672532215
80,Kenya,,37/672/0017,above 1600 m,7.83,8.08,7.75,8.08,7.92,7.75,10.0,10.0,10.0,7.92,85.33,0.0,0,0.0,Green,2,"April 19th, 2014",Kenya Coffee Traders Association,ccba45b89d859740b749878be8c6d16fbdb96c2e,d752c909a015f3c76224b3c5cc520f8a67afda74,m,1600.0,1600.0,1600.0,2,3.194596277460807,-0.039542457755183856
81,Kenya,,37/00597/0252 - AB FAQ Q certified,above 1200 m,8.0,7.92,7.92,8.08,7.83,7.75,10.0,10.0,10.0,7.83,85.33,0.0,0,0.0,Green,6,"March 12th, 2014",Kenya Coffee Traders Association,ccba45b89d859740b749878be8c6d16fbdb96c2e,d752c909a015f3c76224b3c5cc520f8a67afda74,m,1200.0,1200.0,1200.0,2,3.139426112045353,-0.13563614271630534
85,Colombia,,3-68-0102,1550 msnm,8.17,7.92,7.83,8.0,7.58,7.83,10.0,10.0,10.0,7.92,85.25,0.11,0,0.0,Green,0,"April 7th, 2016",Almacafé,e493c36c2d076bf273064f7ac23ad562af257a25,70d3c0c26f89e00fdae6fb39ff54f0d2eb1c38ab,m,1550.0,1550.0,1550.0,2,2.97425484262229,-0.012643772932873677
86,Colombia,,3-79-0634,1550,7.58,8.08,7.92,7.83,8.0,7.92,10.0,10.0,10.0,7.92,85.25,0.12,0,0.0,Green,2,"January 17th, 2015",Almacafé,e493c36c2d076bf273064f7ac23ad562af257a25,70d3c0c26f89e00fdae6fb39ff54f0d2eb1c38ab,m,1550.0,1550.0,1550.0,2,2.95986774604815,-0.02036565066064016
87,Indonesia,,,1250-1400 meter,7.75,7.83,7.67,8.0,8.08,7.83,10.0,10.0,10.0,8.0,85.17,0.11,0,0.0,Green,3,"November 26th, 2013",Specialty Coffee Association,36d0d00a3724338ba7937c52a378d085f2172daa,0878a7d4b9d35ddbf0fe2ce69a2062cceb45a660,m,1250.0,1400.0,1325.0,2,2.863812865820135,-0.06830600112804433
88,Guatemala,,11-30-0593,1400 msm,8.25,8.0,7.67,7.92,7.75,7.67,10.0,10.0,10.0,7.92,85.17,0.0,0,0.0,,7,"January 17th, 2013",Specialty Coffee Association,36d0d00a3724338ba7937c52a378d085f2172daa,0878a7d4b9d35ddbf0fe2ce69a2062cceb45a660,m,1400.0,1400.0,1400.0,2,2.96921618791985,-0.10305364426388276
90,Colombia,,3-59-3115,2.560 msnm,8.17,7.83,7.58,8.08,8.0,7.75,10.0,10.0,10.0,7.67,85.08,0.0,0,0.0,,0,"August 17th, 2016",Almacafé,e493c36c2d076bf273064f7ac23ad562af257a25,70d3c0c26f89e00fdae6fb39ff54f0d2eb1c38ab,m,2560.0,2560.0,2560.0,2,3.0190871630754117,0.15292031323223634
91,Ethiopia,,,1700,8.42,8.0,7.42,8.0,7.92,7.92,9.33,10.0,10.0,8.08,85.08,0.1,2,0.0,Green,7,"October 7th, 2015",Specialty Coffee Association,36d0d00a3724338ba7937c52a378d085f2172daa,0878a7d4b9d35ddbf0fe2ce69a2062cceb45a660,m,1700.0,1700.0,1700.0,2,2.939885837188047,-0.02856041512232423
93,Colombia,,3-59-0951,2136 msnm,7.83,8.0,7.75,7.75,7.83,7.83,10.0,10.0,10.0,8.08,85.08,0.11,0,0.0,Green,8,"March 16th, 2013",Almacafé,e493c36c2d076bf273064f7ac23ad562af257a25,70d3c0c26f89e00fdae6fb39ff54f0d2eb1c38ab,m,2136.0,2136.0,2136.0,2,2.685968195332404,0.06653513606561208
97,Uganda,6133,,1800,8.17,7.92,7.75,7.75,7.67,7.75,10.0,10.0,10.0,8.0,85.0,0.11,0,0.0,Green,1,"July 24th, 2018",Uganda Coffee Development Authority,188fe373b511e21f614564bf86aa4774270d8e04,b7614767a5343729bbde3a2777c60ce836aed928,m,1800.0,1800.0,1800.0,2,2.733882869659594,0.024505957288038928
99,Costa Rica,LP-C211-180,,1900,7.83,8.0,7.58,7.92,7.92,7.83,10.0,10.0,10.0,7.92,85.0,0.12,1,1.0,Green,1,"January 30th, 2018",Specialty Coffee Association,36d0d00a3724338ba7937c52a378d085f2172daa,0878a7d4b9d35ddbf0fe2ce69a2062cceb45a660,m,1900.0,1900.0,1900.0,2,2.720317271739125,0.15887678560803362
100,Mexico,Mezcla Veracruz 01,,1300,7.83,8.0,7.83,7.75,7.67,7.83,10.0,10.0,10.0,8.08,85.0,0.09,0,0.0,Green,3,"September 21st, 2017",Centro Agroecológico del Café A.C.,3b8dfdd621590b424ff64e0b76df7d6a92e1c628,d470dc009281519e30da6ead1c649fcd7670f386,m,1300.0,1300.0,1300.0,2,2.708542157098875,-0.08716673902495593
101,Kenya,CN 11462 AA,,-1,8.17,7.83,7.92,7.75,7.67,7.83,10.0,10.0,10.0,7.83,85.0,0.11,0,5.0,Green,7,"May 7th, 2017",Kenya Coffee Traders Association,ccba45b89d859740b749878be8c6d16fbdb96c2e,d752c909a015f3c76224b3c5cc520f8a67afda74,m,1.0,1.0,1.0,2,2.6948456538270347,0.2160212518938366
102,Kenya,,37/672/0016,1580,7.75,7.83,7.75,8.08,8.0,7.75,10.0,10.0,10.0,7.83,85.0,0.0,0,0.0,Green,5,"April 19th, 2014",Kenya Coffee Traders Association,ccba45b89d859740b749878be8c6d16fbdb96c2e,d752c909a015f3c76224b3c5cc520f8a67afda74,m,1580.0,1580.0,1580.0,2,2.8459978568518753,-0.05988651630383189
103,Brazil,,002/1251/0242,1100m,8.0,8.0,7.83,7.83,7.67,7.67,10.0,10.0,10.0,8.0,85.0,0.12,0,0.0,Green,3,"February 28th, 2013",NUCOFFEE,567f200bcc17a90070cb952647bf88141ad9c80c,aa2ff513ffb9c844462a1fb07c599bce7f3bb53d,m,1100.0,1100.0,1100.0,2,2.6879540519602454,-0.1151920994746776
104,Mexico,,016-2484-04,1400 masl,7.92,8.17,7.75,8.08,7.42,7.83,10.0,10.0,10.0,7.83,85.0,0.0,0,0.0,,0,"April 5th, 2012",Specialty Coffee Association,36d0d00a3724338ba7937c52a378d085f2172daa,0878a7d4b9d35ddbf0fe2ce69a2062cceb45a660,m,1400.0,1400.0,1400.0,2,2.904147691715516,-0.07370218362780735
106,Guatemala,,11-194-0014,3500-5200 feet,7.83,8.08,7.67,8.0,7.75,7.67,10.0,10.0,10.0,8.0,85.0,0.04,0,0.0,,1,"September 7th, 2011",Specialty Coffee Association,36d0d00a3724338ba7937c52a378d085f2172daa,0878a7d4b9d35ddbf0fe2ce69a2062cceb45a660,ft,1066.8,1584.96,1325.88,2,2.8295213381023343,-0.08179332322090897
108,Colombia,,3-37-4824,de 1600 a 1950 msnm,7.92,7.83,7.75,7.83,7.75,8.0,10.0,10.0,10.0,7.83,84.92,0.12,0,0.0,Green,1,"October 25th, 2016",Almacafé,e493c36c2d076bf273064f7ac23ad562af257a25,70d3c0c26f89e00fdae6fb39ff54f0d2eb1c38ab,m,1600.0,1950.0,1775.0,2,2.6446356771160784,0.02354291583895984
109,Taiwan,,Taiwan,800 m,7.67,7.83,8.0,7.58,8.0,7.92,10.0,10.0,10.0,7.92,84.92,0.11,0,0.0,Green,0,"June 8th, 2016",Specialty Coffee Association,36d0d00a3724338ba7937c52a378d085f2172daa,0878a7d4b9d35ddbf0fe2ce69a2062cceb45a660,m,800.0,800.0,800.0,2,2.693214880264935,-0.17610790915385333
110,"Tanzania, United Republic Of",,C47,1620m,8.0,7.83,7.83,7.92,7.75,7.75,10.0,10.0,10.0,7.83,84.92,0.12,0,0.0,Green,2,"December 12th, 2015",Africa Fine Coffee Association,073285c0d45e2f5539012d969937e529564fa6fe,c4ab13415cdd69376a93780c0166e7b1a10481ea,m,1620.0,1620.0,1620.0,2,2.637159556512608,-0.009191517009982301
111,Colombia,,3-37-0416,de 1600 a 1950 msnm,7.75,7.92,7.83,7.75,7.75,8.0,10.0,10.0,10.0,7.92,84.92,0.11,0,0.0,Green,3,"December 11th, 2013",Almacafé,e493c36c2d076bf273064f7ac23ad562af257a25,70d3c0c26f89e00fdae6fb39ff54f0d2eb1c38ab,m,1600.0,1950.0,1775.0,2,2.6277133515024333,0.011504978888609314
112,Mexico,,1104385872,1200,7.75,8.0,7.75,7.83,7.5,7.92,10.0,10.0,10.0,8.17,84.92,0.11,0,0.0,,0,"July 11th, 2013",AMECAFE,59e396ad6e22a1c22b248f958e1da2bd8af85272,0eb4ee5b3f47b20b049548a2fd1e7d4a2b70d0a7,m,1200.0,1200.0,1200.0,2,2.631172791494328,-0.08709708009094512
113,Brazil,,002/1251/0070,1200m,8.0,7.92,7.75,7.75,8.0,7.75,10.0,10.0,10.0,7.75,84.92,0.11,0,0.0,Green,2,"December 22nd, 2012",NUCOFFEE,567f200bcc17a90070cb952647bf88141ad9c80c,aa2ff513ffb9c844462a1fb07c599bce7f3bb53d,m,1200.0,1200.0,1200.0,2,2.6828233608808394,-0.09778520769877823
114,Brazil,,002/1251/0066,1000 m,8.0,8.0,7.75,8.0,7.5,7.75,10.0,10.0,10.0,7.92,84.92,0.12,0,0.0,Green,2,"December 2nd, 2012",NUCOFFEE,567f200bcc17a90070cb952647bf88141ad9c80c,aa2ff513ffb9c844462a1fb07c599bce7f3bb53d,m,1000.0,1000.0,1000.0,2,2.6230647718055375,-0.12659129461111546
116,Taiwan,2016 Tainan Coffee Cupping Event Micro Lot 臺南市咖啡評鑑批次,Taiwan,350,7.92,7.58,7.83,7.83,7.83,7.83,10.0,10.0,10.0,8.0,84.83,0.0,0,0.0,Green,0,"May 18th, 2017",Specialty Coffee Association,36d0d00a3724338ba7937c52a378d085f2172daa,0878a7d4b9d35ddbf0fe2ce69a2062cceb45a660,m,350.0,350.0,350.0,2,2.7244282672946527,-0.2941702845586307
117,Uganda,,0,1400-1900,7.75,7.92,7.67,7.67,8.25,7.75,10.0,10.0,10.0,7.83,84.83,0.12,0,0.0,Green,1,"June 30th, 2015",Uganda Coffee Development Authority,188fe373b511e21f614564bf86aa4774270d8e04,b7614767a5343729bbde3a2777c60ce836aed928,m,1400.0,1900.0,1650.0,2,2.6116383231107836,-0.00470648078346357
119,Ethiopia,,010/0145,1500-2000 m,7.75,7.92,7.83,7.92,7.75,7.67,10.0,10.0,10.0,8.0,84.83,0.1,0,0.0,,2,"June 17th, 2011",Ethiopia Commodity Exchange,a176532400aebdc345cf3d870f84ed3ecab6249e,61bbaf6a9f341e5782b8e7bd3ebf76aac89fe24b,m,1500.0,2000.0,1750.0,2,2.5791083070544434,0.010467299830592676
120,Ethiopia,,010/0145,1500-2000 m,7.42,7.92,7.92,8.0,7.83,7.83,10.0,10.0,10.0,7.92,84.83,0.1,0,0.0,,4,"June 17th, 2011",Ethiopia Commodity Exchange,a176532400aebdc345cf3d870f84ed3ecab6249e,61bbaf6a9f341e5782b8e7bd3ebf76aac89fe24b,m,1500.0,2000.0,1750.0,2,2.562282974360884,0.004785492345134144
122,Kenya,,KE 9143,1800,7.92,7.83,7.58,7.92,7.75,7.83,10.0,10.0,10.0,7.92,84.75,0.13,0,0.0,Green,0,"June 1st, 2016",Kenya Coffee Traders Association,ccba45b89d859740b749878be8c6d16fbdb96c2e,d752c909a015f3c76224b3c5cc520f8a67afda74,m,1800.0,1800.0,1800.0,2,2.4849756880019758,0.03734426415692585
123,Honduras,,13-63-174,1450 msnm,7.83,7.75,8.0,7.67,7.67,7.67,10.0,10.0,10.0,8.17,84.75,0.11,0,0.0,Green,4,"April 25th, 2015",Instituto Hondureño del Café,b4660a57e9f8cc613ae5b8f02bfce8634c763ab4,7f521ca403540f81ec99daec7da19c2788393880,m,1450.0,1450.0,1450.0,2,2.4342025606009865,-0.06278477248628984
124,El Salvador,,9-29-1986,1200 mts,7.75,8.0,8.0,8.33,7.67,7.92,10.0,10.0,9.33,7.75,84.75,0.15,0,0.0,,3,"August 22nd, 2012",Specialty Coffee Association,36d0d00a3724338ba7937c52a378d085f2172daa,0878a7d4b9d35ddbf0fe2ce69a2062cceb45a660,m,1200.0,1200.0,1200.0,2,2.706544400148589,-0.06984868159731243
125,Nicaragua,,1-053-0222,800-1050m,7.83,7.58,7.58,7.83,7.75,7.67,10.0,10.0,10.0,8.5,84.75,0.18,0,0.0,,2,"May 31st, 2011",Specialty Coffee Association,36d0d00a3724338ba7937c52a378d085f2172daa,0878a7d4b9d35ddbf0fe2ce69a2062cceb45a660,m,800.0,1050.0,925.0,2,2.301118255612366,-0.1308719506206378
126,El Salvador,1-71,09-392-69,1350,7.83,7.83,7.5,8.0,7.83,7.67,10.0,10.0,10.0,8.0,84.67,0.0,0,0.0,Blue-Green,2,"June 26th, 2018",Salvadoran Coffee Council,3d4987e3b91399dbb3938b5bdf53893b6ef45be1,27b21e368fb8291cbea02c60623fe6c98f84524d,m,1350.0,1350.0,1350.0,2,2.551439290122787,-0.09726999477789845
127,Indonesia,1,,1200,7.92,7.83,7.75,7.75,7.75,7.75,10.0,10.0,10.0,7.92,84.67,0.12,0,0.0,Green,7,"November 24th, 2017",Specialty Coffee Association of Indonesia,99fa73db21b7acd9c9ceb9dd84e409d2077d55c4,36910838db193ebdd61fa1427bac74622114c49a,m,1200.0,1200.0,1200.0,2,2.3277976101488,-0.11602612269276165
128,Japan,MCRKPBG 15/16,,170,7.75,7.75,7.75,7.42,8.08,7.83,10.0,10.0,10.0,8.08,84.67,0.12,0,0.0,Green,0,"November 2nd, 2017",Specialty Coffee Institute of Asia,726e4891cf2c9a4848768bd34b668124d12c4224,b70da261fcc84831e3e9620c30a8701540abc200,m,170.0,170.0,170.0,2,2.4195450248332224,-0.3022000293001824
129,Costa Rica,Tarrazu,5-423-0128,1150,8.08,7.75,7.67,7.83,7.5,7.92,10.0,10.0,10.0,7.92,84.67,0.1,0,0.0,Blue-Green,2,"October 4th, 2017",Specialty Coffee Association of Costa Rica,8e0b118f3cf3121ab27c5387deacdb7d4d2a60b1,5eb2b7129d9714c43825e44dc3bca9423de209e9,m,1150.0,1150.0,1150.0,2,2.405356711559075,-0.11146372216413064
130,Guatemala,11/08/0109,11/08/0109,1600,7.75,7.83,7.58,8.0,7.92,7.75,10.0,10.0,10.0,7.83,84.67,0.1,0,0.0,Green,1,"June 1st, 2017",Asociacion Nacional Del Café,b1f20fe3a819fd6b2ee0eb8fdc3da256604f1e53,724f04ad10ed31dbb9d260f0dfd221ba48be8a95,m,1600.0,1600.0,1600.0,2,2.4524224819391858,-0.01381530282302367
131,Costa Rica,,5-114-0171,1750,8.17,8.0,7.83,7.17,7.83,7.75,10.0,10.0,10.0,7.92,84.67,0.12,0,0.0,Green,0,"July 5th, 2016",Specialty Coffee Association of Costa Rica,8e0b118f3cf3121ab27c5387deacdb7d4d2a60b1,5eb2b7129d9714c43825e44dc3bca9423de209e9,m,1750.0,1750.0,1750.0,2,2.436768017489137,0.0036133162250288177
132,Ethiopia,,33,1900m,8.08,7.83,7.75,7.83,7.58,7.67,10.0,10.0,10.0,7.92,84.67,0.1,0,0.0,,3,"May 22nd, 2016",Blossom Valley International,fc45352eee499d8470cf94c9827922fb745bf815,de73fc9412358b523d3a641501e542f31d2668b0,m,1900.0,1900.0,1900.0,2,2.3937028964900002,0.032129393632180855
133,Costa Rica,,58180422,1750m,7.67,7.58,7.75,7.75,7.67,8.58,10.0,10.0,10.0,7.67,84.67,0.08,0,0.0,Green,1,"May 22nd, 2016",Blossom Valley International,fc45352eee499d8470cf94c9827922fb745bf815,de73fc9412358b523d3a641501e542f31d2668b0,m,1750.0,1750.0,1750.0,2,2.4637376027863667,0.0007776505517900231
134,Costa Rica,,5-0048-0052,1200,8.0,7.58,7.83,7.75,7.75,7.75,10.0,10.0,10.0,8.0,84.67,0.11,0,0.0,Green,4,"March 5th, 2015",Specialty Coffee Association of Costa Rica,8e0b118f3cf3121ab27c5387deacdb7d4d2a60b1,5eb2b7129d9714c43825e44dc3bca9423de209e9,m,1200.0,1200.0,1200.0,2,2.3561116617798574,-0.1107819203817366
136,Taiwan,,,1000 m,8.0,7.92,7.75,7.75,7.75,7.75,10.0,10.0,10.0,7.75,84.67,0.11,0,0.0,Green,0,"December 26th, 2014",Blossom Valley International,fc45352eee499d8470cf94c9827922fb745bf815,de73fc9412358b523d3a641501e542f31d2668b0,m,1000.0,1000.0,1000.0,2,2.464747782696092,-0.13188179536277625
137,Colombia,,3-79-0543,1550,7.75,7.83,7.75,7.83,7.75,7.83,10.0,10.0,10.0,7.92,84.67,0.0,0,0.0,Green,0,"December 20th, 2014",Almacafé,e493c36c2d076bf273064f7ac23ad562af257a25,70d3c0c26f89e00fdae6fb39ff54f0d2eb1c38ab,m,1550.0,1550.0,1550.0,2,2.5792838078831406,-0.05639341538158052
138,Kenya,,,2000,7.75,7.92,7.83,8.0,7.58,7.75,10.0,10.0,10.0,7.83,84.67,0.11,0,0.0,Bluish-Green,0,"September 16th, 2013",Specialty Coffee Institute of Asia,726e4891cf2c9a4848768bd34b668124d12c4224,b70da261fcc84831e3e9620c30a8701540abc200,m,2000.0,2000.0,2000.0,2,2.4360938339459457,0.0707959517806675
139,Guatemala,,11/23/1088,4300,8.0,7.83,7.67,7.83,7.67,8.0,10.0,10.0,10.0,7.67,84.67,0.11,0,0.0,Green,4,"July 17th, 2013",Asociacion Nacional Del Café,b1f20fe3a819fd6b2ee0eb8fdc3da256604f1e53,724f04ad10ed31dbb9d260f0dfd221ba48be8a95,ft,1310.64,1310.64,1310.64,2,2.3965509185232463,-0.0830248579626447
140,Guatemala,,11/1886/02,5000,7.67,7.83,7.67,8.0,7.67,7.83,10.0,10.0,10.0,8.0,84.67,0.12,0,0.0,Green,4,"July 3rd, 2013",Asociacion Nacional Del Café,b1f20fe3a819fd6b2ee0eb8fdc3da256604f1e53,724f04ad10ed31dbb9d260f0dfd221ba48be8a95,ft,1524.0,1524.0,1524.0,2,2.345581301445954,-0.03344794090487871
141,Mexico,,"703816889, 108282,703816891",1200,7.83,7.58,7.67,7.92,7.92,7.83,10.0,10.0,10.0,7.92,84.67,0.13,0,0.0,,3,"July 2nd, 2013",AMECAFE,59e396ad6e22a1c22b248f958e1da2bd8af85272,0eb4ee5b3f47b20b049548a2fd1e7d4a2b70d0a7,m,1200.0,1200.0,1200.0,2,2.361888694841572,-0.09476541147273623
142,Uganda,,x,1700-1850m,7.92,7.83,7.75,7.92,7.67,7.75,10.0,10.0,10.0,7.83,84.67,0.11,0,0.0,Blue-Green,3,"February 12th, 2013",Africa Fine Coffee Association,073285c0d45e2f5539012d969937e529564fa6fe,c4ab13415cdd69376a93780c0166e7b1a10481ea,m,1700.0,1850.0,1775.0,2,2.3963774758206746,0.013560262857031826
144,Ethiopia,,010/0145,1500-2000 m,7.42,7.75,7.75,8.0,8.0,7.92,10.0,10.0,10.0,7.83,84.67,0.2,0,0.0,,3,"June 17th, 2011",Ethiopia Commodity Exchange,a176532400aebdc345cf3d870f84ed3ecab6249e,61bbaf6a9f341e5782b8e7bd3ebf76aac89fe24b,m,1500.0,2000.0,1750.0,2,2.284997747505934,0.03837712008296706
145,Kenya,10NG0093,,1754,7.92,7.75,7.83,7.75,7.58,7.92,10.0,10.0,10.0,7.83,84.58,0.11,0,0.0,Blue-Green,5,"January 11th, 2019",Kenya Coffee Traders Association,ccba45b89d859740b749878be8c6d16fbdb96c2e,d752c909a015f3c76224b3c5cc520f8a67afda74,m,1754.0,1754.0,1754.0,2,2.274653720137138,-0.004347504748288741
146,Colombia,3-37-1724,3-37-1724,1500,7.83,7.67,7.58,7.92,7.67,7.83,10.0,10.0,10.0,8.08,84.58,0.0,0,0.0,Blue-Green,4,"January 10th, 2018",Almacafé,e493c36c2d076bf273064f7ac23ad562af257a25,70d3c0c26f89e00fdae6fb39ff54f0d2eb1c38ab,m,1500.0,1500.0,1500.0,2,2.4086352449374178,-0.07907202506337319
148,Kenya,,KE 3127,1800,7.83,7.83,7.83,7.75,7.58,7.83,10.0,10.0,10.0,7.92,84.58,0.1,0,0.0,Bluish-Green,2,"July 21st, 2015",Kenya Coffee Traders Association,ccba45b89d859740b749878be8c6d16fbdb96c2e,d752c909a015f3c76224b3c5cc520f8a67afda74,m,1800.0,1800.0,1800.0,2,2.3170134749976086,0.013220372363614096
149,Guatemala,,11/972/26,5000 ft.,7.75,7.83,7.67,7.92,7.75,7.83,10.0,10.0,10.0,7.83,84.58,0.11,0,0.0,Green,1,"May 29th, 2015",Asociacion Nacional Del Café,b1f20fe3a819fd6b2ee0eb8fdc3da256604f1e53,724f04ad10ed31dbb9d260f0dfd221ba48be8a95,ft,1524.0,1524.0,1524.0,2,2.344701089304701,-0.02854209834692397
150,Guatemala,,11-23-0291,4000 psn,8.0,7.92,7.67,7.58,7.58,7.67,10.0,10.0,10.0,8.17,84.58,0.09,0,0.0,Green,0,"March 24th, 2015",Asociacion Nacional Del Café,b1f20fe3a819fd6b2ee0eb8fdc3da256604f1e53,724f04ad10ed31dbb9d260f0dfd221ba48be8a95,ft,1219.2,1219.2,1219.2,2,2.3474114904589123,-0.09900243559628098
151,Colombia,,3-79-0542,1550,7.67,7.67,7.58,7.75,7.58,8.5,10.0,10.0,10.0,7.83,84.58,0.0,0,0.0,,0,"December 20th, 2014",Almacafé,e493c36c2d076bf273064f7ac23ad562af257a25,70d3c0c26f89e00fdae6fb39ff54f0d2eb1c38ab,m,1550.0,1550.0,1550.0,2,2.473647197146712,-0.05800881822254698
152,Colombia,,3-37-0930,1600 a 1900 msnm,7.75,7.75,7.83,7.75,7.58,8.0,10.0,10.0,10.0,7.92,84.58,0.0,0,0.0,,5,"December 6th, 2014",Almacafé,e493c36c2d076bf273064f7ac23ad562af257a25,70d3c0c26f89e00fdae6fb39ff54f0d2eb1c38ab,m,1600.0,1900.0,1750.0,2,2.407244743771017,-0.038857786706722505
154,Colombia,,3-68-0224,1750 msnm,7.67,7.83,7.83,8.0,7.58,7.92,10.0,10.0,10.0,7.75,84.58,0.0,0,0.0,Green,2,"July 17th, 2014",Almacafé,e493c36c2d076bf273064f7ac23ad562af257a25,70d3c0c26f89e00fdae6fb39ff54f0d2eb1c38ab,m,1750.0,1750.0,1750.0,2,2.4783468651958898,-0.020828807573091513
155,Costa Rica,,,1450 ~ 1700 m,7.75,7.83,7.75,8.0,7.83,7.67,10.0,10.0,10.0,7.75,84.58,0.12,0,0.0,Bluish-Green,2,"March 12th, 2014",Specialty Coffee Association,36d0d00a3724338ba7937c52a378d085f2172daa,0878a7d4b9d35ddbf0fe2ce69a2062cceb45a660,m,1450.0,1700.0,1575.0,2,2.332598575929382,-0.017664926541663857
156,Colombia,,3-68-0005,1800 msnm,7.42,7.67,7.75,7.75,8.08,7.83,10.0,10.0,10.0,8.08,84.58,0.11,0,0.0,Green,6,"October 9th, 2013",Almacafé,e493c36c2d076bf273064f7ac23ad562af257a25,70d3c0c26f89e00fdae6fb39ff54f0d2eb1c38ab,m,1800.0,1800.0,1800.0,2,2.2474479674044257,0.0014794764538539013
157,Brazil,,002/1251/0069,1300m,8.0,8.0,7.75,7.75,7.58,7.75,10.0,10.0,10.0,7.75,84.58,0.12,0,0.0,Green,2,"December 22nd, 2012",NUCOFFEE,567f200bcc17a90070cb952647bf88141ad9c80c,aa2ff513ffb9c844462a1fb07c599bce7f3bb53d,m,1300.0,1300.0,1300.0,2,2.3200574731915715,-0.07658921034089282
158,Brazil,,002/1251/0076,1100m,8.5,8.0,7.5,7.75,7.5,7.83,10.0,10.0,10.0,7.5,84.58,0.11,0,0.0,Blue-Green,1,"December 2nd, 2012",NUCOFFEE,567f200bcc17a90070cb952647bf88141ad9c80c,aa2ff513ffb9c844462a1fb07c599bce7f3bb53d,m,1100.0,1100.0,1100.0,2,2.3669682878068,-0.11348481803355502
159,Costa Rica,S015.367,5-0015-0029,1200,7.92,7.67,7.92,7.75,7.67,7.58,10.0,10.0,10.0,8.0,84.5,0.1,0,0.0,Bluish-Green,2,"November 28th, 2018",Specialty Coffee Association of Costa Rica,8e0b118f3cf3121ab27c5387deacdb7d4d2a60b1,5eb2b7129d9714c43825e44dc3bca9423de209e9,m,1200.0,1200.0,1200.0,2,2.2543829182294233,-0.10758411273890954
160,Uganda,035/170/5071146⁠⁠⁠⁠,035/170/5071146⁠⁠⁠⁠,1750,7.92,7.75,7.67,7.75,7.83,7.75,10.0,10.0,10.0,7.83,84.5,0.11,0,0.0,Green,1,"March 14th, 2018",Uganda Coffee Development Authority,188fe373b511e21f614564bf86aa4774270d8e04,b7614767a5343729bbde3a2777c60ce836aed928,m,1750.0,1750.0,1750.0,2,2.2689992775597707,0.010111277662934116
161,China,YNC-16018,,1680,7.75,7.92,7.67,7.83,7.75,7.67,10.0,10.0,10.0,7.92,84.5,0.1,0,0.0,Green,1,"April 6th, 2017",Yunnan Coffee Exchange,683fa6014608fc10ff681b0435b0b2dbe6df988f,f6d87a6c04653c569d4911a66f89d5e30ce83b93,m,1680.0,1680.0,1680.0,2,2.2828609662381325,-0.003072641990148063
162,Costa Rica,,5-114-0170,1700,7.92,7.83,7.83,7.83,7.58,7.58,10.0,10.0,10.0,7.92,84.5,0.11,0,0.0,Green,0,"July 5th, 2016",Specialty Coffee Association of Costa Rica,8e0b118f3cf3121ab27c5387deacdb7d4d2a60b1,5eb2b7129d9714c43825e44dc3bca9423de209e9,m,1700.0,1700.0,1700.0,2,2.2603480714138584,0.005267138985652806
163,Colombia,,01-4008,1800,8.08,7.67,7.83,7.83,7.67,7.67,10.0,10.0,10.0,7.75,84.5,0.12,1,0.0,Green,0,"June 4th, 2016",Almacafé,e493c36c2d076bf273064f7ac23ad562af257a25,70d3c0c26f89e00fdae6fb39ff54f0d2eb1c38ab,m,1800.0,1800.0,1800.0,2,2.2513020759456053,0.017927891706121787
164,China,,1,above 1100m,7.67,8.0,7.75,7.83,7.75,7.58,10.0,10.0,10.0,7.92,84.5,0.0,0,0.0,Green,2,"June 16th, 2015",Specialty Coffee Association,36d0d00a3724338ba7937c52a378d085f2172daa,0878a7d4b9d35ddbf0fe2ce69a2062cceb45a660,m,1100.0,1100.0,1100.0,2,2.403847047485562,-0.15195015689842978
165,Guatemala,,11/23/0398,4300,8.17,7.83,7.67,7.83,7.67,7.83,10.0,10.0,10.0,7.5,84.5,0.11,0,0.0,Green,2,"February 26th, 2014",Asociacion Nacional Del Café,b1f20fe3a819fd6b2ee0eb8fdc3da256604f1e53,724f04ad10ed31dbb9d260f0dfd221ba48be8a95,ft,1310.64,1310.64,1310.64,2,2.2851966852939434,-0.07711712268483212
166,Kenya,,,2000 m,7.92,7.83,7.67,8.0,7.67,7.75,10.0,10.0,10.0,7.67,84.5,0.11,0,0.0,Blue-Green,0,"September 16th, 2013",Specialty Coffee Institute of Asia,726e4891cf2c9a4848768bd34b668124d12c4224,b70da261fcc84831e3e9620c30a8701540abc200,m,2000.0,2000.0,2000.0,2,2.301811734064196,0.07040044648884032
167,Mexico,,1104548679,1350,8.0,7.92,7.42,8.08,7.5,7.67,10.0,10.0,10.0,7.92,84.5,0.12,0,0.0,Green,0,"July 11th, 2013",AMECAFE,59e396ad6e22a1c22b248f958e1da2bd8af85272,0eb4ee5b3f47b20b049548a2fd1e7d4a2b70d0a7,m,1350.0,1350.0,1350.0,2,2.248022158601525,-0.04938914051167422
168,Mexico,,2222,1500,7.92,7.83,7.75,7.75,7.75,7.83,10.0,10.0,10.0,7.67,84.5,0.11,0,0.0,,4,"June 6th, 2013",AMECAFE,59e396ad6e22a1c22b248f958e1da2bd8af85272,0eb4ee5b3f47b20b049548a2fd1e7d4a2b70d0a7,m,1500.0,1500.0,1500.0,2,2.237628091258594,-0.049627444508702094
172,Costa Rica,5-0015-0231,5-0015-0231,1300,7.58,7.83,7.83,8.0,7.67,7.58,10.0,10.0,10.0,7.92,84.42,0.1,0,0.0,Blue-Green,3,"March 23rd, 2018",Specialty Coffee Association of Costa Rica,8e0b118f3cf3121ab27c5387deacdb7d4d2a60b1,5eb2b7129d9714c43825e44dc3bca9423de209e9,m,1300.0,1300.0,1300.0,2,2.1603805326955188,-0.08358631521910302
173,Indonesia,MANDHELING BRASTAGI,To be advice,1400,7.67,7.67,7.83,7.58,7.83,7.83,10.0,10.0,10.0,8.0,84.42,0.0,0,0.0,Blue-Green,3,"March 14th, 2018",Specialty Coffee Association,36d0d00a3724338ba7937c52a378d085f2172daa,0878a7d4b9d35ddbf0fe2ce69a2062cceb45a660,m,1400.0,1400.0,1400.0,2,2.280999452428469,-0.10692437932823123
175,Colombia,,3-37-2940,de 1600 a 1950 msnm,7.92,7.75,7.67,7.92,7.67,7.75,10.0,10.0,10.0,7.75,84.42,0.0,0,0.0,Green,3,"July 9th, 2015",Almacafé,e493c36c2d076bf273064f7ac23ad562af257a25,70d3c0c26f89e00fdae6fb39ff54f0d2eb1c38ab,m,1600.0,1950.0,1775.0,2,2.318849831836011,-0.022362148606957042
176,Taiwan,,Taiwan,1200m,7.83,7.83,7.75,8.0,7.5,7.75,10.0,10.0,10.0,7.75,84.42,0.11,0,0.0,Blue-Green,0,"July 10th, 2014",Specialty Coffee Association,36d0d00a3724338ba7937c52a378d085f2172daa,0878a7d4b9d35ddbf0fe2ce69a2062cceb45a660,m,1200.0,1200.0,1200.0,2,2.1941096794684865,-0.08827906515121516
178,Mexico,,1506545936,900,7.75,7.92,7.75,7.67,7.83,7.67,10.0,10.0,10.0,7.83,84.42,0.12,2,0.0,,4,"June 6th, 2013",AMECAFE,59e396ad6e22a1c22b248f958e1da2bd8af85272,0eb4ee5b3f47b20b049548a2fd1e7d4a2b70d0a7,m,900.0,900.0,900.0,2,2.0997382655409216,-0.18417399755340158
180,Kenya,K25159,,1800,7.33,7.58,7.83,7.75,7.75,7.92,10.0,10.0,10.0,8.17,84.33,0.11,0,0.0,Green,4,"August 3rd, 2018",Kenya Coffee Traders Association,ccba45b89d859740b749878be8c6d16fbdb96c2e,d752c909a015f3c76224b3c5cc520f8a67afda74,m,1800.0,1800.0,1800.0,2,2.0085683626980235,0.005555981336681118
181,Honduras,152,13-111-023,1500,7.92,8.0,7.75,7.67,7.67,7.75,10.0,10.0,10.0,7.58,84.33,0.1,0,0.0,Green,3,"May 11th, 2018",Instituto Hondureño del Café,b4660a57e9f8cc613ae5b8f02bfce8634c763ab4,7f521ca403540f81ec99daec7da19c2788393880,m,1500.0,1500.0,1500.0,2,2.1310876256102085,-0.0512706544171931
183,Honduras,76,13-111-032,1500,7.58,7.92,7.58,7.75,7.92,7.75,10.0,10.0,10.0,7.83,84.33,0.11,0,1.0,Green,2,"April 4th, 2017",Instituto Hondureño del Café,b4660a57e9f8cc613ae5b8f02bfce8634c763ab4,7f521ca403540f81ec99daec7da19c2788393880,m,1500.0,1500.0,1500.0,2,2.1073371456814285,0.07228110325976984
185,Colombia,,3-59-2235,442 msnm,7.75,7.67,8.0,7.67,8.08,7.83,10.0,10.0,10.0,7.33,84.33,0.11,6,0.0,Green,0,"April 28th, 2016",Almacafé,e493c36c2d076bf273064f7ac23ad562af257a25,70d3c0c26f89e00fdae6fb39ff54f0d2eb1c38ab,m,442.0,442.0,442.0,2,2.079582878186073,-0.3032246513556804
186,Colombia,,3-68-0225,1800,7.75,7.58,7.33,7.83,7.58,8.08,10.0,10.0,10.0,8.17,84.33,0.0,0,0.0,Green,0,"July 19th, 2014",Almacafé,e493c36c2d076bf273064f7ac23ad562af257a25,70d3c0c26f89e00fdae6fb39ff54f0d2eb1c38ab,m,1800.0,1800.0,1800.0,2,2.1813842404773665,-0.007652701379744888
187,Mexico,,1506680144,1700,8.0,7.75,7.75,7.83,7.5,7.67,10.0,10.0,10.0,7.83,84.33,0.12,0,0.0,Blue-Green,1,"July 27th, 2013",AMECAFE,59e396ad6e22a1c22b248f958e1da2bd8af85272,0eb4ee5b3f47b20b049548a2fd1e7d4a2b70d0a7,m,1700.0,1700.0,1700.0,2,2.07329619012421,0.0037735101318309735
188,Brazil,,,1200m to 1350m,8.17,8.0,7.5,7.75,7.5,7.67,10.0,10.0,10.0,7.75,84.33,0.0,0,0.0,,4,"October 27th, 2012",NUCOFFEE,567f200bcc17a90070cb952647bf88141ad9c80c,aa2ff513ffb9c844462a1fb07c599bce7f3bb53d,m,1200.0,1350.0,1275.0,2,2.2139023264000777,-0.12595156985067282
189,Brazil,,002/1251/0360,900-1200m,8.0,8.0,7.5,7.5,7.67,7.75,10.0,10.0,10.0,7.92,84.33,0.02,0,0.0,,2,"October 27th, 2012",NUCOFFEE,567f200bcc17a90070cb952647bf88141ad9c80c,aa2ff513ffb9c844462a1fb07c599bce7f3bb53d,m,900.0,1200.0,1050.0,2,2.201720214667563,-0.16291157873506346
190,Ethiopia,,,3600-6200 ft,7.75,7.75,7.92,7.75,7.5,7.92,10.0,10.0,10.0,7.75,84.33,0.0,0,0.0,,1,"June 13th, 2012",Specialty Coffee Association,36d0d00a3724338ba7937c52a378d085f2172daa,0878a7d4b9d35ddbf0fe2ce69a2062cceb45a660,ft,1097.28,1889.76,1493.52,2,2.2516046930641394,-0.0770268804468031
191,Guatemala,,11-897-10,4400-4700 ft,7.5,7.67,7.75,7.67,7.92,7.92,10.0,10.0,10.0,7.92,84.33,0.04,1,0.0,,1,"April 30th, 2011",Specialty Coffee Association,36d0d00a3724338ba7937c52a378d085f2172daa,0878a7d4b9d35ddbf0fe2ce69a2062cceb45a660,ft,1341.12,1432.56,1386.84,2,2.1798054577246404,-0.09559554222097685
192,Taiwan,2017南投咖啡評鑑 NANTOU COFFEE EVALUATION EVENT 2017,Taiwan,1000,7.92,7.75,7.75,7.67,7.67,7.83,10.0,10.0,10.0,7.67,84.25,0.12,0,0.0,Blue-Green,0,"August 10th, 2018",Specialty Coffee Association,36d0d00a3724338ba7937c52a378d085f2172daa,0878a7d4b9d35ddbf0fe2ce69a2062cceb45a660,m,1000.0,1000.0,1000.0,2,2.0501969257163704,-0.13498509269975362
193,Thailand,MCCRNX115/16,,1200,7.83,7.75,7.75,7.42,7.83,7.67,10.0,10.0,10.0,8.0,84.25,0.12,0,0.0,Green,0,"November 2nd, 2017",Specialty Coffee Institute of Asia,726e4891cf2c9a4848768bd34b668124d12c4224,b70da261fcc84831e3e9620c30a8701540abc200,m,1200.0,1200.0,1200.0,2,2.011527394647133,-0.1022199030553833
194,Colombia,3-59-3461,3-59-3461,2560,7.83,7.58,7.75,7.58,7.67,8.0,10.0,10.0,10.0,7.83,84.25,0.11,0,0.0,Green,2,"August 5th, 2017",Almacafé,e493c36c2d076bf273064f7ac23ad562af257a25,70d3c0c26f89e00fdae6fb39ff54f0d2eb1c38ab,m,2560.0,2560.0,2560.0,2,1.981292748472333,0.15788519374208226
195,Guatemala,11/11711/59,11/11711/59,1500,7.75,7.75,7.58,7.92,7.75,7.75,10.0,10.0,10.0,7.75,84.25,0.11,0,4.0,Green,4,"May 23rd, 2017",Asociacion Nacional Del Café,b1f20fe3a819fd6b2ee0eb8fdc3da256604f1e53,724f04ad10ed31dbb9d260f0dfd221ba48be8a95,m,1500.0,1500.0,1500.0,2,2.0152580026143934,0.4090041552592298
196,Guatemala,11/52/709,11/52/709,3607,7.75,7.92,7.5,8.08,7.58,7.67,10.0,10.0,10.0,7.75,84.25,0.1,0,0.0,Green,1,"April 6th, 2017",Asociacion Nacional Del Café,b1f20fe3a819fd6b2ee0eb8fdc3da256604f1e53,724f04ad10ed31dbb9d260f0dfd221ba48be8a95,ft,1099.4136,1099.4136,1099.4136,2,2.0433544668920827,-0.11123230894619028
197,China,YNC-16017,,1400,7.83,7.83,7.58,7.75,7.75,7.75,10.0,10.0,10.0,7.75,84.25,0.1,0,0.0,Green,1,"April 6th, 2017",Yunnan Coffee Exchange,683fa6014608fc10ff681b0435b0b2dbe6df988f,f6d87a6c04653c569d4911a66f89d5e30ce83b93,m,1400.0,1400.0,1400.0,2,2.038414486592354,-0.06209498831441447
198,Colombia,,3-37-0637,de 1600 a 1950 msnm,7.67,7.67,7.75,7.75,7.67,7.92,10.0,10.0,10.0,7.83,84.25,0.11,0,0.0,Green,3,"November 18th, 2016",Almacafé,e493c36c2d076bf273064f7ac23ad562af257a25,70d3c0c26f89e00fdae6fb39ff54f0d2eb1c38ab,m,1600.0,1950.0,1775.0,2,1.9879772304856442,0.005295624125055776
199,Colombia,,3-37-4823,de 1600 a 1950 msnm,7.83,7.67,7.75,7.58,7.92,7.75,10.0,10.0,10.0,7.75,84.25,0.12,4,0.0,Green,2,"October 25th, 2016",Almacafé,e493c36c2d076bf273064f7ac23ad562af257a25,70d3c0c26f89e00fdae6fb39ff54f0d2eb1c38ab,m,1600.0,1950.0,1775.0,2,1.9265976453340963,-0.028117226932903916
200,Colombia,,01-3576,1800,7.83,7.75,7.83,7.58,7.67,7.75,10.0,10.0,10.0,7.83,84.25,0.12,0,0.0,Green,0,"June 4th, 2016",Almacafé,e493c36c2d076bf273064f7ac23ad562af257a25,70d3c0c26f89e00fdae6fb39ff54f0d2eb1c38ab,m,1800.0,1800.0,1800.0,2,2.009788972712994,0.019533745106449677
201,Colombia,,3-59-2270,442 msnm,7.42,7.67,7.83,7.75,7.92,7.83,10.0,10.0,10.0,7.83,84.25,0.12,3,0.0,Green,0,"April 28th, 2016",Almacafé,e493c36c2d076bf273064f7ac23ad562af257a25,70d3c0c26f89e00fdae6fb39ff54f0d2eb1c38ab,m,442.0,442.0,442.0,2,1.9709926448101354,-0.27008948116791537
202,"Tanzania, United Republic Of",,C46,1620m,7.83,7.67,7.75,7.83,7.67,7.67,10.0,10.0,10.0,7.83,84.25,0.12,0,0.0,Green,7,"December 12th, 2015",Africa Fine Coffee Association,073285c0d45e2f5539012d969937e529564fa6fe,c4ab13415cdd69376a93780c0166e7b1a10481ea,m,1620.0,1620.0,1620.0,2,1.9108481647311277,-0.03494747638724381
203,"Tanzania, United Republic Of",,C12,1600,7.83,7.75,7.75,7.75,7.67,7.75,10.0,10.0,10.0,7.75,84.25,0.12,0,0.0,Green,2,"December 12th, 2015",Africa Fine Coffee Association,073285c0d45e2f5539012d969937e529564fa6fe,c4ab13415cdd69376a93780c0166e7b1a10481ea,m,1600.0,1600.0,1600.0,2,1.9953768839482995,-0.021891384845068817
204,Guatemala,,11/23/0561,4000 psnm,7.83,7.83,7.5,7.92,7.58,7.75,10.0,10.0,10.0,7.83,84.25,0.1,0,0.0,Green,1,"August 21st, 2015",Asociacion Nacional Del Café,b1f20fe3a819fd6b2ee0eb8fdc3da256604f1e53,724f04ad10ed31dbb9d260f0dfd221ba48be8a95,ft,1219.2,1219.2,1219.2,2,2.0132402579265967,-0.0922448224433495
205,Colombia,,3-68-0290,1700,7.58,7.5,7.75,7.83,7.92,7.83,10.0,10.0,10.0,7.83,84.25,0.11,0,0.0,Green,2,"October 1st, 2014",Almacafé,e493c36c2d076bf273064f7ac23ad562af257a25,70d3c0c26f89e00fdae6fb39ff54f0d2eb1c38ab,m,1700.0,1700.0,1700.0,2,1.9937014781645943,-0.005281369596785937
207,Mexico,,0,1450,7.83,7.92,7.67,7.83,7.5,7.75,10.0,10.0,10.0,7.75,84.25,0.12,0,0.0,Green,1,"September 11th, 2013",AMECAFE,59e396ad6e22a1c22b248f958e1da2bd8af85272,0eb4ee5b3f47b20b049548a2fd1e7d4a2b70d0a7,m,1450.0,1450.0,1450.0,2,2.002895704616449,-0.0433541152332768
208,Mexico,,1,1170,7.83,7.83,7.75,7.67,7.83,7.58,10.0,10.0,10.0,7.75,84.25,0.12,0,0.0,Green,0,"April 9th, 2013",AMECAFE,59e396ad6e22a1c22b248f958e1da2bd8af85272,0eb4ee5b3f47b20b049548a2fd1e7d4a2b70d0a7,m,1170.0,1170.0,1170.0,2,2.0311830157484243,-0.10071655738927168
209,Mexico,,2222,1400,7.83,7.92,7.67,7.75,7.5,7.75,10.0,10.0,10.0,7.83,84.25,0.1,0,0.0,Bluish-Green,4,"April 2nd, 2013",AMECAFE,59e396ad6e22a1c22b248f958e1da2bd8af85272,0eb4ee5b3f47b20b049548a2fd1e7d4a2b70d0a7,m,1400.0,1400.0,1400.0,2,1.9737396437545456,-0.07231838548905124
210,Uganda,,x,1700m,8.17,7.75,7.58,7.67,7.83,7.58,10.0,10.0,10.0,7.67,84.25,0.13,4,0.0,Green,29,"February 12th, 2013",Africa Fine Coffee Association,073285c0d45e2f5539012d969937e529564fa6fe,c4ab13415cdd69376a93780c0166e7b1a10481ea,m,1700.0,1700.0,1700.0,2,1.5104581163601534,-0.13392637731407106
211,Guatemala,11/23/0365,11/23/0365,1700,7.75,7.83,7.58,7.83,7.67,7.75,10.0,10.0,10.0,7.75,84.17,0.13,0,0.0,Green,1,"June 1st, 2018",Asociacion Nacional Del Café,b1f20fe3a819fd6b2ee0eb8fdc3da256604f1e53,724f04ad10ed31dbb9d260f0dfd221ba48be8a95,m,1700.0,1700.0,1700.0,2,1.9127173151755552,0.007947980931799381
213,Costa Rica,EC-1180,5-818-0450,1700,7.92,7.75,7.67,7.67,7.5,7.67,10.0,10.0,10.0,8.0,84.17,0.09,0,0.0,Bluish-Green,2,"August 19th, 2017",Specialty Coffee Association of Costa Rica,8e0b118f3cf3121ab27c5387deacdb7d4d2a60b1,5eb2b7129d9714c43825e44dc3bca9423de209e9,m,1700.0,1700.0,1700.0,2,1.9253995447023626,-0.013397862084428138
214,Guatemala,11/52/1170,11/52/1170,3664,7.75,7.75,7.58,8.0,7.67,7.83,10.0,10.0,10.0,7.58,84.17,0.11,0,0.0,Green,6,"June 23rd, 2017",Asociacion Nacional Del Café,b1f20fe3a819fd6b2ee0eb8fdc3da256604f1e53,724f04ad10ed31dbb9d260f0dfd221ba48be8a95,ft,1116.7872,1116.7872,1116.7872,2,1.8826372931956545,-0.1274246151787038
215,Guatemala,11/752/01,11/752/01,1565,7.75,7.92,7.58,7.92,7.67,7.67,10.0,10.0,10.0,7.67,84.17,0.1,0,1.0,Green,10,"June 1st, 2017",Asociacion Nacional Del Café,b1f20fe3a819fd6b2ee0eb8fdc3da256604f1e53,724f04ad10ed31dbb9d260f0dfd221ba48be8a95,m,1565.0,1565.0,1565.0,2,1.8554697635819775,0.056378502894244585
216,Guatemala,11/23/0335,11/23/0335,3280,7.58,7.83,7.58,7.83,7.83,7.67,10.0,10.0,10.0,7.83,84.17,0.1,0,0.0,Green,2,"June 1st, 2017",Asociacion Nacional Del Café,b1f20fe3a819fd6b2ee0eb8fdc3da256604f1e53,724f04ad10ed31dbb9d260f0dfd221ba48be8a95,m,3280.0,3280.0,3280.0,2,1.9239557000507568,0.3058153116996539
217,Colombia,,3-37-4173,de 1600 a 1950 msnm,8.0,7.5,7.5,7.67,8.0,7.83,10.0,10.0,10.0,7.67,84.17,0.0,0,0.0,Bluish-Green,0,"August 17th, 2016",Almacafé,e493c36c2d076bf273064f7ac23ad562af257a25,70d3c0c26f89e00fdae6fb39ff54f0d2eb1c38ab,m,1600.0,1950.0,1775.0,2,2.120968497554893,-0.020174938747455545
218,Nicaragua,,017/176/165,de 900 a 1100 msnm,7.67,7.83,7.83,7.5,7.67,7.83,10.0,10.0,10.0,7.83,84.17,0.12,0,0.0,Bluish-Green,0,"August 2nd, 2016",Specialty Coffee Association of Costa Rica,8e0b118f3cf3121ab27c5387deacdb7d4d2a60b1,5eb2b7129d9714c43825e44dc3bca9423de209e9,m,900.0,1100.0,1000.0,2,1.9306032664235135,-0.13931925102340129
219,Brazil,,002/1495/0607,1150,7.67,7.75,7.75,7.67,7.83,7.75,10.0,10.0,10.0,7.75,84.17,0.0,0,0.0,,16,"April 23rd, 2016",Brazil Specialty Coffee Association,3297cfa4c538e3dd03f72cc4082c54f7999e1f9d,8900f0bf1d0b2bafe6807a73562c7677d57eb980,m,1150.0,1150.0,1150.0,2,1.8801348653434193,-0.201285727568404
220,Costa Rica,,5-025-0111,1850,7.67,7.75,7.67,7.75,7.5,8.0,10.0,10.0,10.0,7.83,84.17,0.0,0,0.0,Blue-Green,0,"April 9th, 2016",Specialty Coffee Association of Costa Rica,528ec9cf40c1bab91ce8fae8e80c50f46627d2c6,5eb2b7129d9714c43825e44dc3bca9423de209e9,m,1850.0,1850.0,1850.0,2,2.0792931108645436,-0.0019085843589246442
221,Ethiopia,,2014/15,1545-1668 masl,7.5,7.92,7.58,7.83,7.75,7.83,10.0,10.0,10.0,7.75,84.17,0.1,0,0.0,Green,5,"March 25th, 2016",METAD Agricultural Development plc,309fcf77415a3661ae83e027f7e5f05dad786e44,19fef5a731de2db57d16da10287413f5f99bc2dd,m,1545.0,1668.0,1606.5,2,1.893589651454774,-0.03305494424737066
222,"Tanzania, United Republic Of",,C31,1400,7.92,7.75,7.75,7.75,7.75,7.58,10.0,10.0,10.0,7.67,84.17,0.13,0,0.0,Green,0,"December 12th, 2015",Africa Fine Coffee Association,073285c0d45e2f5539012d969937e529564fa6fe,c4ab13415cdd69376a93780c0166e7b1a10481ea,m,1400.0,1400.0,1400.0,2,1.9477592269235948,-0.051347067080048374
223,Colombia,,329,1530,7.67,7.5,7.67,7.42,7.83,8.58,10.0,10.0,10.0,7.5,84.17,0.12,0,0.0,Green,4,"October 15th, 2015",Almacafé,e493c36c2d076bf273064f7ac23ad562af257a25,70d3c0c26f89e00fdae6fb39ff54f0d2eb1c38ab,m,1530.0,1530.0,1530.0,2,1.8896004552819872,-0.052241709696502193
225,Kenya,,37-0569-2730,approx. 1'500 metres a.s.l.,7.58,7.75,7.75,7.75,7.75,7.83,10.0,10.0,10.0,7.75,84.17,0.08,0,0.0,Green,0,"November 7th, 2014",Kenya Coffee Traders Association,ccba45b89d859740b749878be8c6d16fbdb96c2e,d752c909a015f3c76224b3c5cc520f8a67afda74,m,1.0,500.0,250.5,2,1.9942307265278878,-0.2925241043179159
226,Brazil,,not assigned,894m - 1183m,7.58,7.83,7.75,7.67,7.67,8.0,10.0,10.0,10.0,7.67,84.17,0.11,0,0.0,Green,3,"May 20th, 2014",Specialty Coffee Association,36d0d00a3724338ba7937c52a378d085f2172daa,0878a7d4b9d35ddbf0fe2ce69a2062cceb45a660,m,894.0,1183.0,1038.5,2,1.9166638989473586,-0.1401866331655519
227,Guatemala,,11/9772/2,4300,7.92,7.75,7.67,7.67,7.83,7.92,10.0,10.0,10.0,7.42,84.17,0.11,0,0.0,Green,4,"May 9th, 2014",Asociacion Nacional Del Café,b1f20fe3a819fd6b2ee0eb8fdc3da256604f1e53,724f04ad10ed31dbb9d260f0dfd221ba48be8a95,ft,1310.64,1310.64,1310.64,2,1.94535292453231,-0.09059536671466611
228,El Salvador,,09-060-24,1500 meters,8.42,8.08,7.5,7.17,7.58,8.17,9.33,10.0,10.0,7.92,84.17,0.11,0,0.0,Bluish-Green,2,"March 18th, 2014",Specialty Coffee Association,36d0d00a3724338ba7937c52a378d085f2172daa,0878a7d4b9d35ddbf0fe2ce69a2062cceb45a660,m,1500.0,1500.0,1500.0,2,2.13911734900319,-0.05568844332321815
229,Colombia,,3-68-0019,1750 msnm,7.75,7.75,7.75,7.75,7.83,7.75,10.0,10.0,10.0,7.58,84.17,0.0,0,0.0,Green,2,"October 19th, 2013",Almacafé,e493c36c2d076bf273064f7ac23ad562af257a25,70d3c0c26f89e00fdae6fb39ff54f0d2eb1c38ab,m,1750.0,1750.0,1750.0,2,2.0940277449483755,-0.029852138886435734
231,Uganda,,x,1500-1700m,7.83,7.75,7.5,7.83,7.83,7.75,10.0,10.0,10.0,7.67,84.17,0.11,0,0.0,Green,1,"February 12th, 2013",Africa Fine Coffee Association,073285c0d45e2f5539012d969937e529564fa6fe,c4ab13415cdd69376a93780c0166e7b1a10481ea,m,1500.0,1700.0,1600.0,2,1.940701339624806,-0.017297449091196442
233,Colombia,3-59-0503,3-59-0503,442,7.83,7.5,7.42,7.5,7.83,8.5,10.0,10.0,10.0,7.5,84.08,0.0,1,3.0,Green,3,"November 9th, 2018",Almacafé,e493c36c2d076bf273064f7ac23ad562af257a25,70d3c0c26f89e00fdae6fb39ff54f0d2eb1c38ab,m,442.0,442.0,442.0,2,1.9839637021049699,0.03612507318492407
234,Taiwan,2016 Tainan Coffee Cupping Event Micro Lot 臺南市咖啡評鑑批次,Taiwan,968,7.58,7.67,7.67,7.67,7.75,7.83,10.0,10.0,10.0,7.92,84.08,0.1,0,0.0,Bluish-Green,4,"May 18th, 2017",Specialty Coffee Association,36d0d00a3724338ba7937c52a378d085f2172daa,0878a7d4b9d35ddbf0fe2ce69a2062cceb45a660,m,968.0,968.0,968.0,2,1.8090474037000517,-0.16233629074738948
236,Colombia,,3-37-0118,de 1600 a 1950 msnm,7.92,7.75,7.67,7.75,7.67,7.67,10.0,10.0,10.0,7.67,84.08,0.0,0,0.0,,2,"November 5th, 2015",Almacafé,e493c36c2d076bf273064f7ac23ad562af257a25,70d3c0c26f89e00fdae6fb39ff54f0d2eb1c38ab,m,1600.0,1950.0,1775.0,2,2.0132056270813443,-0.02486403786280543
237,Guatemala,,-,1550,7.58,7.75,7.67,8.0,7.75,7.67,10.0,10.0,10.0,7.67,84.08,0.1,0,0.0,Bluish-Green,10,"June 16th, 2015",Specialty Coffee Association,36d0d00a3724338ba7937c52a378d085f2172daa,0878a7d4b9d35ddbf0fe2ce69a2062cceb45a660,m,1550.0,1550.0,1550.0,2,1.7556551580884903,-0.060767174733027014
239,Mexico,,1405843946,1480,7.67,7.75,7.67,7.75,7.67,7.75,10.0,10.0,10.0,7.83,84.08,0.11,1,0.0,Green,10,"September 4th, 2013",AMECAFE,59e396ad6e22a1c22b248f958e1da2bd8af85272,0eb4ee5b3f47b20b049548a2fd1e7d4a2b70d0a7,m,1480.0,1480.0,1480.0,2,1.692123070150961,-0.08646587011880241
240,Ethiopia,,010-0343-0083,1800m,7.92,7.92,7.83,8.0,7.92,7.92,10.0,10.0,8.67,7.92,84.08,0.09,0,0.0,,15,"August 17th, 2013",Specialty Coffee Association,36d0d00a3724338ba7937c52a378d085f2172daa,0878a7d4b9d35ddbf0fe2ce69a2062cceb45a660,m,1800.0,1800.0,1800.0,2,2.1979737607159406,-0.018921919604650304
242,Ethiopia,S3/01/2017,,1800,7.83,7.75,7.67,7.75,7.33,7.75,10.0,10.0,10.0,7.92,84.0,0.11,3,11.0,Green,1,"June 5th, 2018",Uganda Coffee Development Authority,188fe373b511e21f614564bf86aa4774270d8e04,b7614767a5343729bbde3a2777c60ce836aed928,m,1800.0,1800.0,1800.0,2,1.7515874432003384,1.2435272671980218
243,Honduras,96,13-111-038,1500,7.42,7.83,7.75,7.92,7.75,7.58,10.0,10.0,10.0,7.75,84.0,0.1,0,0.0,Green,5,"May 11th, 2018",Instituto Hondureño del Café,b4660a57e9f8cc613ae5b8f02bfce8634c763ab4,7f521ca403540f81ec99daec7da19c2788393880,m,1500.0,1500.0,1500.0,2,1.7454087800467235,-0.05522362101904127
244,Guatemala,,11/52/841,5440 - 5760 metros,7.67,7.83,7.58,7.92,7.75,7.67,10.0,10.0,10.0,7.58,84.0,0.12,0,0.0,Green,7,"June 9th, 2016",Asociacion Nacional Del Café,b1f20fe3a819fd6b2ee0eb8fdc3da256604f1e53,724f04ad10ed31dbb9d260f0dfd221ba48be8a95,ft,1658.112,1755.648,1706.88,2,1.701715958978284,-0.014249908258488202
245,Colombia,,613,1600,7.67,7.67,7.83,7.58,7.58,7.83,10.0,10.0,10.0,7.83,84.0,0.11,2,0.0,Green,7,"December 18th, 2015",Almacafé,e493c36c2d076bf273064f7ac23ad562af257a25,70d3c0c26f89e00fdae6fb39ff54f0d2eb1c38ab,m,1600.0,1600.0,1600.0,2,1.6192723155233744,-0.06792728582420526
246,Guatemala,,11/23/0535,4000 psnm,7.92,7.67,7.42,7.92,7.75,7.83,10.0,10.0,10.0,7.5,84.0,0.1,0,0.0,Green,1,"August 8th, 2015",Asociacion Nacional Del Café,b1f20fe3a819fd6b2ee0eb8fdc3da256604f1e53,724f04ad10ed31dbb9d260f0dfd221ba48be8a95,ft,1219.2,1219.2,1219.2,2,1.8227873922242237,-0.09429316303642286
247,Guatemala,,11/23/0465,4000 psnm,7.75,7.83,7.5,7.83,7.58,7.67,10.0,10.0,10.0,7.83,84.0,0.1,0,0.0,Green,0,"June 27th, 2015",Asociacion Nacional Del Café,b1f20fe3a819fd6b2ee0eb8fdc3da256604f1e53,724f04ad10ed31dbb9d260f0dfd221ba48be8a95,ft,1219.2,1219.2,1219.2,2,1.781486584107938,-0.09233130131109168
248,Colombia,,1032,1480,7.67,7.75,7.67,7.67,7.67,7.75,10.0,10.0,10.0,7.83,84.0,0.12,0,0.0,Green,0,"May 27th, 2015",Almacafé,e493c36c2d076bf273064f7ac23ad562af257a25,70d3c0c26f89e00fdae6fb39ff54f0d2eb1c38ab,m,1480.0,1480.0,1480.0,2,1.7715737885737832,-0.04066967857408246
249,Colombia,,14-3-79-1417,1450,7.58,7.42,7.75,7.92,7.75,7.92,10.0,10.0,10.0,7.67,84.0,0.12,0,0.0,Green,0,"May 27th, 2015",Almacafé,e493c36c2d076bf273064f7ac23ad562af257a25,70d3c0c26f89e00fdae6fb39ff54f0d2eb1c38ab,m,1450.0,1450.0,1450.0,2,1.782876060683871,-0.043414833539226934
250,Colombia,,3-37-2301,de 1600 a 1950 msnm,7.67,7.67,7.5,7.5,7.67,7.67,10.0,10.0,10.0,8.33,84.0,0.12,0,0.0,Green,3,"April 8th, 2015",Almacafé,e493c36c2d076bf273064f7ac23ad562af257a25,70d3c0c26f89e00fdae6fb39ff54f0d2eb1c38ab,m,1600.0,1950.0,1775.0,2,1.655794407248777,0.0029321406052635495
251,Ethiopia,,,1550 m,7.75,7.75,7.5,7.58,7.67,7.92,10.0,10.0,10.0,7.83,84.0,0.09,4,0.0,Green,40,"January 17th, 2015",Specialty Coffee Association,36d0d00a3724338ba7937c52a378d085f2172daa,0878a7d4b9d35ddbf0fe2ce69a2062cceb45a660,m,1550.0,1550.0,1550.0,2,1.1151896377697523,-0.21845657726197917
252,Brazil,,002/4177/0121,1260,7.58,7.83,7.67,7.25,8.0,7.75,10.0,10.0,10.0,7.92,84.0,0.1,0,0.0,Green,0,"January 2nd, 2015",Specialty Coffee Association,36d0d00a3724338ba7937c52a378d085f2172daa,0878a7d4b9d35ddbf0fe2ce69a2062cceb45a660,m,1260.0,1260.0,1260.0,2,1.7975214294846162,-0.10029960590538699
253,Colombia,,68-0222,1700 msnm,7.67,7.83,7.67,7.75,7.67,7.75,10.0,10.0,10.0,7.67,84.0,0.11,0,0.0,Green,1,"June 21st, 2014",Almacafé,e493c36c2d076bf273064f7ac23ad562af257a25,70d3c0c26f89e00fdae6fb39ff54f0d2eb1c38ab,m,1700.0,1700.0,1700.0,2,1.7895736663205357,-0.0012832656375410432
254,Kenya,,37/00597/0252 - AB FAQ Q certified,above 1200 m,7.67,7.83,7.5,7.75,7.92,7.67,10.0,10.0,10.0,7.67,84.0,0.0,0,0.0,Green,2,"March 8th, 2014",Kenya Coffee Traders Association,ccba45b89d859740b749878be8c6d16fbdb96c2e,d752c909a015f3c76224b3c5cc520f8a67afda74,m,1200.0,1200.0,1200.0,2,1.9386092789523246,-0.13625653766226556
256,Kenya,,37-0569-2347,1650,7.67,7.75,7.67,7.75,7.83,7.67,10.0,10.0,10.0,7.67,84.0,0.0,0,0.0,Bluish-Green,0,"May 31st, 2013",Kenya Coffee Traders Association,ccba45b89d859740b749878be8c6d16fbdb96c2e,d752c909a015f3c76224b3c5cc520f8a67afda74,m,1650.0,1650.0,1650.0,2,1.9614166432571454,-0.042391119927172864
257,Uganda,,x,1700m,7.92,7.75,7.58,7.67,7.67,7.83,10.0,10.0,10.0,7.58,84.0,0.1,10,0.0,Green,26,"February 12th, 2013",Africa Fine Coffee Association,073285c0d45e2f5539012d969937e529564fa6fe,c4ab13415cdd69376a93780c0166e7b1a10481ea,m,1700.0,1700.0,1700.0,2,1.2189519040608903,-0.18607089640742286
259,Brazil,019/17,002/1660/0079,890,7.5,7.75,7.58,7.5,7.58,7.5,10.0,10.0,10.0,8.5,83.92,0.0,0,0.0,Green,3,"October 20th, 2018",Brazil Specialty Coffee Association,3297cfa4c538e3dd03f72cc4082c54f7999e1f9d,8900f0bf1d0b2bafe6807a73562c7677d57eb980,m,890.0,890.0,890.0,2,1.7138372222079556,-0.20930675670671087
260,Mexico,101,016-1273-101,1300,7.83,7.83,7.58,7.92,7.42,7.5,10.0,10.0,10.0,7.83,83.92,0.11,0,0.0,Green,5,"July 3rd, 2018",Centro Agroecológico del Café A.C.,3b8dfdd621590b424ff64e0b76df7d6a92e1c628,d470dc009281519e30da6ead1c649fcd7670f386,m,1300.0,1300.0,1300.0,2,1.6111798039564305,-0.09057474460236724
261,Thailand,INT-2015,,1350,7.67,7.75,7.5,7.67,7.67,7.83,10.0,10.0,10.0,7.83,83.92,0.1,0,0.0,Bluish-Green,1,"October 18th, 2017",Specialty Coffee Association,36d0d00a3724338ba7937c52a378d085f2172daa,0878a7d4b9d35ddbf0fe2ce69a2062cceb45a660,m,1350.0,1350.0,1350.0,2,1.6918822486714866,-0.07519238644681742
262,Brazil,007/16E,002/1660/0105,934,7.58,7.67,7.67,7.75,7.58,7.83,10.0,10.0,10.0,7.83,83.92,0.11,0,2.0,Green,7,"August 16th, 2017",Brazil Specialty Coffee Association,3297cfa4c538e3dd03f72cc4082c54f7999e1f9d,8900f0bf1d0b2bafe6807a73562c7677d57eb980,m,934.0,934.0,934.0,2,1.5920107638876033,0.0519180403253585
263,Taiwan,Tsoustructive 2015 Typica,Taiwan,1200,7.83,7.75,7.83,7.75,7.83,7.75,9.33,10.0,10.0,7.83,83.92,0.11,0,0.0,Green,3,"May 18th, 2017",Specialty Coffee Association,36d0d00a3724338ba7937c52a378d085f2172daa,0878a7d4b9d35ddbf0fe2ce69a2062cceb45a660,m,1200.0,1200.0,1200.0,2,1.9027852163927608,-0.11120221214373058
264,Colombia,3-59-1772,3-59-1772,442,7.75,7.67,7.5,7.75,7.83,7.75,10.0,10.0,10.0,7.67,83.92,0.11,1,0.0,Green,2,"February 10th, 2017",Almacafé,e493c36c2d076bf273064f7ac23ad562af257a25,70d3c0c26f89e00fdae6fb39ff54f0d2eb1c38ab,m,442.0,442.0,442.0,2,1.6723641437955314,-0.2619429954282922
269,Colombia,,3-37-0985,de 1600 a 1950 msnm,7.75,7.58,7.67,7.83,7.83,7.67,10.0,10.0,10.0,7.58,83.92,0.0,0,0.0,Green,1,"December 12th, 2015",Almacafé,e493c36c2d076bf273064f7ac23ad562af257a25,70d3c0c26f89e00fdae6fb39ff54f0d2eb1c38ab,m,1600.0,1950.0,1775.0,2,1.857135988477357,-0.021583430726219252
270,Taiwan,,Taiwan台灣,950公尺,8.0,7.92,7.92,7.92,7.67,7.33,10.0,10.0,10.0,7.17,83.92,0.06,0,0.0,Green,0,"November 23rd, 2015",Blossom Valley International,fc45352eee499d8470cf94c9827922fb745bf815,de73fc9412358b523d3a641501e542f31d2668b0,m,950.0,950.0,950.0,2,1.8762942743139928,-0.1587766980821165
271,Colombia,,3-79-0635,1550,7.67,7.83,7.67,7.75,7.67,7.83,10.0,10.0,10.0,7.5,83.92,0.12,0,0.0,Green,3,"January 17th, 2015",Almacafé,e493c36c2d076bf273064f7ac23ad562af257a25,70d3c0c26f89e00fdae6fb39ff54f0d2eb1c38ab,m,1550.0,1550.0,1550.0,2,1.6757068310116607,-0.03533363073367517
272,Mexico,,1207088353,900,7.67,7.75,7.58,7.67,7.75,7.83,10.0,10.0,10.0,7.67,83.92,0.12,10,0.0,Blue-Green,32,"July 3rd, 2013",AMECAFE,59e396ad6e22a1c22b248f958e1da2bd8af85272,0eb4ee5b3f47b20b049548a2fd1e7d4a2b70d0a7,m,900.0,900.0,900.0,2,1.0179069933238494,-0.3594173722063107
273,Mexico,,2222,1500,7.5,7.67,7.58,7.83,7.75,7.75,10.0,10.0,10.0,7.83,83.92,0.11,0,0.0,,2,"June 6th, 2013",AMECAFE,59e396ad6e22a1c22b248f958e1da2bd8af85272,0eb4ee5b3f47b20b049548a2fd1e7d4a2b70d0a7,m,1500.0,1500.0,1500.0,2,1.6531898587580003,-0.04312346416259111
274,Mexico,,2671,1400,7.75,7.92,7.83,7.92,7.75,7.67,9.33,10.0,10.0,7.75,83.92,0.0,0,0.0,Green,2,"April 2nd, 2013",AMECAFE,59e396ad6e22a1c22b248f958e1da2bd8af85272,0eb4ee5b3f47b20b049548a2fd1e7d4a2b70d0a7,m,1400.0,1400.0,1400.0,2,2.0900324249844053,-0.09600830459751125
275,Colombia,3-59-2888,3-59-2888,2527,7.92,7.58,7.5,7.83,7.58,7.67,10.0,10.0,10.0,7.75,83.83,0.0,1,0.0,Green,6,"June 30th, 2018",Almacafé,e493c36c2d076bf273064f7ac23ad562af257a25,70d3c0c26f89e00fdae6fb39ff54f0d2eb1c38ab,m,2527.0,2527.0,2527.0,2,1.6448232448652376,0.09996787412848729
277,Costa Rica,8039,5-025-0249,1850,7.67,7.67,7.75,7.67,7.5,7.75,10.0,10.0,10.0,7.83,83.83,0.0,0,0.0,Blue-Green,0,"June 6th, 2017",Specialty Coffee Association of Costa Rica,8e0b118f3cf3121ab27c5387deacdb7d4d2a60b1,5eb2b7129d9714c43825e44dc3bca9423de209e9,m,1850.0,1850.0,1850.0,2,1.7551167517389192,-0.007411379453161098
278,Guatemala,11/11711/60,11/11711/60,1500,7.75,7.75,7.5,7.75,7.83,7.58,10.0,10.0,10.0,7.67,83.83,0.11,0,7.0,Green,6,"May 23rd, 2017",Asociacion Nacional Del Café,b1f20fe3a819fd6b2ee0eb8fdc3da256604f1e53,724f04ad10ed31dbb9d260f0dfd221ba48be8a95,m,1500.0,1500.0,1500.0,2,1.5980156145278663,0.7374944356983608
279,Taiwan,1,,1200,7.75,7.67,7.5,7.75,7.75,7.67,10.0,10.0,10.0,7.75,83.83,0.0,0,0.0,,0,"February 22nd, 2017",Blossom Valley International,fc45352eee499d8470cf94c9827922fb745bf815,de73fc9412358b523d3a641501e542f31d2668b0,m,1200.0,1200.0,1200.0,2,1.776818771221403,-0.13133884638762156
280,Brazil,,002/4177/0150,1,7.25,7.58,7.42,8.0,7.75,7.83,10.0,10.0,10.0,8.0,83.83,0.0,0,0.0,Green,0,"October 7th, 2016",Brazil Specialty Coffee Association,3297cfa4c538e3dd03f72cc4082c54f7999e1f9d,8900f0bf1d0b2bafe6807a73562c7677d57eb980,m,1.0,1.0,1.0,2,1.733744793485765,-0.36042026449844383
281,Taiwan,,Taiwan,480-570m,7.67,7.75,7.67,7.75,7.42,7.75,10.0,10.0,10.0,7.83,83.83,0.0,0,0.0,Green,1,"April 29th, 2016",Specialty Coffee Association,36d0d00a3724338ba7937c52a378d085f2172daa,0878a7d4b9d35ddbf0fe2ce69a2062cceb45a660,m,480.0,570.0,525.0,2,1.7384415196116765,-0.26811893187670777
282,Ethiopia,,2014/2015,1650-1703,7.75,7.75,7.67,7.67,7.58,7.67,10.0,10.0,10.0,7.75,83.83,0.12,0,0.0,Green,4,"March 30th, 2016",METAD Agricultural Development plc,309fcf77415a3661ae83e027f7e5f05dad786e44,19fef5a731de2db57d16da10287413f5f99bc2dd,m,1650.0,1703.0,1676.5,2,1.5457813317490035,-0.01749434864981601
283,Brazil,,002/1660/0066,1200,7.67,7.67,7.58,7.5,7.83,8.17,10.0,10.0,9.33,8.08,83.83,0.0,0,0.0,Green,1,"October 16th, 2015",Specialty Coffee Association,36d0d00a3724338ba7937c52a378d085f2172daa,0878a7d4b9d35ddbf0fe2ce69a2062cceb45a660,m,1200.0,1200.0,1200.0,2,1.9630134705174558,-0.13449692276022024
284,Costa Rica,,5-0048-0145,1200-1400,7.83,7.42,7.5,7.83,7.75,7.83,10.0,10.0,10.0,7.67,83.83,0.1,0,0.0,Green,3,"June 9th, 2015",Specialty Coffee Association of Costa Rica,8e0b118f3cf3121ab27c5387deacdb7d4d2a60b1,5eb2b7129d9714c43825e44dc3bca9423de209e9,m,1200.0,1400.0,1300.0,2,1.5809055147489857,-0.09137755066776074
285,Guatemala,,11/23/0436,4000 psnm,7.58,7.83,7.33,8.0,7.58,7.75,10.0,10.0,10.0,7.75,83.83,0.1,0,0.0,Green,1,"May 22nd, 2015",Asociacion Nacional Del Café,b1f20fe3a819fd6b2ee0eb8fdc3da256604f1e53,724f04ad10ed31dbb9d260f0dfd221ba48be8a95,ft,1219.2,1219.2,1219.2,2,1.59690125210699,-0.09065180150882814
286,Brazil,,002/4177/0121,1260,7.92,7.5,7.33,7.67,8.17,7.5,10.0,10.0,10.0,7.75,83.83,0.1,0,0.0,Green,0,"December 26th, 2014",Specialty Coffee Association,36d0d00a3724338ba7937c52a378d085f2172daa,0878a7d4b9d35ddbf0fe2ce69a2062cceb45a660,m,1260.0,1260.0,1260.0,2,1.652481612971067,-0.09070540330854239
287,Ecuador,,0,800 meters above sea level,7.5,7.67,7.58,7.75,7.83,7.83,10.0,10.0,10.0,7.67,83.83,0.09,0,0.0,Bluish-Green,0,"October 4th, 2014",Specialty Coffee Association,36d0d00a3724338ba7937c52a378d085f2172daa,0878a7d4b9d35ddbf0fe2ce69a2062cceb45a660,m,800.0,800.0,800.0,2,1.6544010009400925,-0.18224477478149728
288,Colombia,,3-68-0221,1750 msnm,7.67,7.58,7.58,7.83,7.58,7.67,10.0,10.0,10.0,7.92,83.83,0.11,0,0.0,Green,1,"September 3rd, 2014",Almacafé,e493c36c2d076bf273064f7ac23ad562af257a25,70d3c0c26f89e00fdae6fb39ff54f0d2eb1c38ab,m,1750.0,1750.0,1750.0,2,1.563361959424436,0.00847310737158606
289,Guatemala,,11/23/0464,4300,7.5,7.83,7.5,7.83,7.83,7.67,10.0,10.0,10.0,7.67,83.83,0.11,0,0.0,Green,3,"April 26th, 2014",Asociacion Nacional Del Café,b1f20fe3a819fd6b2ee0eb8fdc3da256604f1e53,724f04ad10ed31dbb9d260f0dfd221ba48be8a95,ft,1310.64,1310.64,1310.64,2,1.5875810981200662,-0.08256824094496512
290,Mexico,,1302922721,1218,7.67,8.0,7.67,7.42,7.67,7.5,10.0,10.0,10.0,7.92,83.83,0.1,0,0.0,Green,2,"July 26th, 2013",AMECAFE,59e396ad6e22a1c22b248f958e1da2bd8af85272,0eb4ee5b3f47b20b049548a2fd1e7d4a2b70d0a7,m,1218.0,1218.0,1218.0,2,1.6023879675441053,-0.11062111799700627
291,Mexico,,222,1300,7.67,7.58,7.5,7.75,7.75,7.75,10.0,10.0,10.0,7.83,83.83,0.11,0,0.0,,4,"June 6th, 2013",AMECAFE,59e396ad6e22a1c22b248f958e1da2bd8af85272,0eb4ee5b3f47b20b049548a2fd1e7d4a2b70d0a7,m,1300.0,1300.0,1300.0,2,1.5347826044827222,-0.09230184065163471
292,Brazil,,002/1352/0052,1.250 m,7.83,7.83,7.58,7.67,7.5,7.58,10.0,10.0,10.0,7.83,83.83,0.12,0,0.0,Green,3,"December 20th, 2012",NUCOFFEE,567f200bcc17a90070cb952647bf88141ad9c80c,aa2ff513ffb9c844462a1fb07c599bce7f3bb53d,m,1250.0,1250.0,1250.0,2,1.5276934932265287,-0.09619975837822363
293,Thailand,,Thailand/Organic/FT/FLO 19467/2011-A/140,4921ft,7.75,7.75,7.58,8.0,7.67,7.58,10.0,10.0,10.0,7.5,83.83,0.02,0,0.0,,2,"September 19th, 2012",Specialty Coffee Association,36d0d00a3724338ba7937c52a378d085f2172daa,0878a7d4b9d35ddbf0fe2ce69a2062cceb45a660,ft,1499.9208,1499.9208,1499.9208,2,1.7361298323107428,-0.06669044714078108
296,Kenya,sc 9693,37-0985-4132,1800,7.75,7.58,7.5,7.58,7.75,7.75,10.0,10.0,10.0,7.83,83.75,0.11,0,0.0,Green,2,"January 11th, 2019",Kenya Coffee Traders Association,ccba45b89d859740b749878be8c6d16fbdb96c2e,d752c909a015f3c76224b3c5cc520f8a67afda74,m,1800.0,1800.0,1800.0,2,1.4809844628287856,0.008061228931750078
297,Brazil,019/17,002/1660/0079,890,7.67,7.67,7.58,7.75,7.67,7.67,10.0,10.0,10.0,7.75,83.75,0.11,0,0.0,Green,5,"October 20th, 2018",Brazil Specialty Coffee Association,3297cfa4c538e3dd03f72cc4082c54f7999e1f9d,8900f0bf1d0b2bafe6807a73562c7677d57eb980,m,890.0,890.0,890.0,2,1.4674922496886615,-0.17723951442518696
298,Colombia,3-59-0075,3-59-0075,442,7.83,7.83,7.58,7.58,7.58,7.58,10.0,10.0,10.0,7.75,83.75,0.11,0,0.0,Green,1,"September 28th, 2018",Almacafé,e493c36c2d076bf273064f7ac23ad562af257a25,70d3c0c26f89e00fdae6fb39ff54f0d2eb1c38ab,m,442.0,442.0,442.0,2,1.5062586942308025,-0.25417592318633875
299,Taiwan,2017台南市精品咖啡評鑑批次 Specialty Coffee Evaluation of Tainan 2017,Taiwan,750,7.67,7.67,7.58,7.58,7.67,7.83,10.0,10.0,10.0,7.75,83.75,0.0,0,0.0,Green,0,"June 6th, 2018",Specialty Coffee Association,36d0d00a3724338ba7937c52a378d085f2172daa,0878a7d4b9d35ddbf0fe2ce69a2062cceb45a660,m,750.0,750.0,750.0,2,1.6790601635243683,-0.22493014848131274
301,China,YNC-16063,,1650,7.83,7.75,7.67,7.5,7.58,7.67,10.0,10.0,10.0,7.75,83.75,0.1,0,1.0,Green,2,"April 6th, 2017",Yunnan Coffee Exchange,683fa6014608fc10ff681b0435b0b2dbe6df988f,f6d87a6c04653c569d4911a66f89d5e30ce83b93,m,1650.0,1650.0,1650.0,2,1.5181828914856996,0.08751988703969081
302,Colombia,,3-59-0708,442 msnm,7.75,7.67,7.5,7.67,7.58,7.83,10.0,10.0,10.0,7.75,83.75,0.0,0,0.0,Green,0,"November 26th, 2016",Almacafé,e493c36c2d076bf273064f7ac23ad562af257a25,70d3c0c26f89e00fdae6fb39ff54f0d2eb1c38ab,m,442.0,442.0,442.0,2,1.671249665406703,-0.28242089140399584
303,Uganda,,0,1400,8.0,7.92,7.58,7.75,7.33,7.5,10.0,10.0,10.0,7.67,83.75,0.12,0,0.0,Green,0,"June 30th, 2015",Uganda Coffee Development Authority,188fe373b511e21f614564bf86aa4774270d8e04,b7614767a5343729bbde3a2777c60ce836aed928,m,1400.0,1400.0,1400.0,2,1.518000514585591,-0.05351627141249251
304,United States (Puerto Rico),,,2800 ft,7.83,7.83,7.83,7.67,8.0,8.17,9.33,9.33,10.0,7.75,83.75,0.12,0,0.0,Green,1,"June 9th, 2015",Specialty Coffee Association,36d0d00a3724338ba7937c52a378d085f2172daa,0878a7d4b9d35ddbf0fe2ce69a2062cceb45a660,ft,853.44,853.44,853.44,2,2.115821209931872,-0.17182552891361846
305,Colombia,,3-37-1419,de 1600 a 1950 msnm,7.67,7.67,7.67,7.92,7.5,7.67,10.0,10.0,10.0,7.67,83.75,0.0,0,0.0,Green,5,"February 5th, 2015",Almacafé,e493c36c2d076bf273064f7ac23ad562af257a25,70d3c0c26f89e00fdae6fb39ff54f0d2eb1c38ab,m,1600.0,1950.0,1775.0,2,1.6206190444589657,-0.03326323214009527
306,Colombia,,3-259-0471,1500-1600,7.67,7.42,7.42,7.42,8.0,8.33,10.0,10.0,10.0,7.5,83.75,0.0,0,0.0,Green,3,"January 24th, 2015",Almacafé,e493c36c2d076bf273064f7ac23ad562af257a25,70d3c0c26f89e00fdae6fb39ff54f0d2eb1c38ab,m,1500.0,1600.0,1550.0,2,1.6591129597954706,-0.08271493220240005
307,Colombia,,3-68-0049,1750 msnm,7.58,7.67,7.75,7.67,7.67,7.67,10.0,10.0,10.0,7.75,83.75,0.0,0,0.0,Blue-Green,1,"November 22nd, 2014",Almacafé,e493c36c2d076bf273064f7ac23ad562af257a25,70d3c0c26f89e00fdae6fb39ff54f0d2eb1c38ab,m,1750.0,1750.0,1750.0,2,1.6715538492486879,-0.030680409212890416
308,Colombia,,3-68-0260,1750,7.75,7.67,7.75,7.58,7.42,8.0,10.0,10.0,10.0,7.58,83.75,0.11,0,0.0,Green,3,"August 27th, 2014",Almacafé,e493c36c2d076bf273064f7ac23ad562af257a25,70d3c0c26f89e00fdae6fb39ff54f0d2eb1c38ab,m,1750.0,1750.0,1750.0,2,1.4807123798847246,-0.005816335088073414
310,Mexico,,0,700,7.83,7.58,7.58,7.5,7.75,7.67,10.0,10.0,10.0,7.83,83.75,0.13,5,0.0,,5,"September 27th, 2013",AMECAFE,59e396ad6e22a1c22b248f958e1da2bd8af85272,0eb4ee5b3f47b20b049548a2fd1e7d4a2b70d0a7,m,700.0,700.0,700.0,2,1.3035661983602975,-0.25952046675259666
311,Guatemala,,11-10170-005,1300 mts,7.67,7.58,7.58,7.67,7.75,7.75,10.0,10.0,10.0,7.75,83.75,0.11,0,0.0,Bluish-Green,1,"May 24th, 2013",Specialty Coffee Association,36d0d00a3724338ba7937c52a378d085f2172daa,0878a7d4b9d35ddbf0fe2ce69a2062cceb45a660,m,1300.0,1300.0,1300.0,2,1.50714897879405,-0.08427857935112874
312,Colombia,,3-059-1329,1600 m.s.n.m,7.83,7.83,7.58,7.33,7.42,7.67,10.0,10.0,10.0,8.08,83.75,0.1,0,0.0,,1,"April 19th, 2012",Almacafé,e493c36c2d076bf273064f7ac23ad562af257a25,70d3c0c26f89e00fdae6fb39ff54f0d2eb1c38ab,m,1600.0,1600.0,1600.0,2,1.459781891717974,-0.03496432066652795
313,Colombia,,3-68-0124,1600 msnm,7.75,7.67,7.25,7.25,7.58,8.5,10.0,10.0,10.0,7.75,83.75,0.06,0,0.0,,1,"February 9th, 2012",Almacafé,e493c36c2d076bf273064f7ac23ad562af257a25,70d3c0c26f89e00fdae6fb39ff54f0d2eb1c38ab,m,1600.0,1600.0,1600.0,2,1.5381550231525334,-0.047155079418736395
315,Brazil,020/17,002/1660/0080,890,7.67,7.83,7.5,7.67,7.67,7.5,10.0,10.0,10.0,7.83,83.67,0.11,0,0.0,Green,2,"October 20th, 2018",Brazil Specialty Coffee Association,3297cfa4c538e3dd03f72cc4082c54f7999e1f9d,8900f0bf1d0b2bafe6807a73562c7677d57eb980,m,890.0,890.0,890.0,2,1.4197105261843206,-0.16685664080954332
316,Kenya,SC 9634,37-0985-4045,1700,8.08,7.67,7.67,7.58,7.25,7.67,10.0,10.0,10.0,7.75,83.67,0.11,0,0.0,Bluish-Green,0,"September 1st, 2018",Kenya Coffee Traders Association,ccba45b89d859740b749878be8c6d16fbdb96c2e,d752c909a015f3c76224b3c5cc520f8a67afda74,m,1700.0,1700.0,1700.0,2,1.4248856095536062,-0.0050916961915438855
317,Honduras,103,13 / 111 / 053,1400,7.5,7.5,7.67,7.67,8.0,8.0,10.0,10.0,10.0,7.33,83.67,0.1,0,0.0,Green,2,"May 11th, 2018",Instituto Hondureño del Café,b4660a57e9f8cc613ae5b8f02bfce8634c763ab4,7f521ca403540f81ec99daec7da19c2788393880,m,1400.0,1400.0,1400.0,2,1.4921667150653362,-0.07344214675123499
318,Nicaragua,606118 / K1730101,017/001/1412,1250,7.67,7.75,7.67,7.67,7.83,7.58,10.0,10.0,10.0,7.5,83.67,0.1,0,0.0,Green,3,"May 11th, 2018",Instituto Hondureño del Café,b4660a57e9f8cc613ae5b8f02bfce8634c763ab4,7f521ca403540f81ec99daec7da19c2788393880,m,1250.0,1250.0,1250.0,2,1.4649948770737984,-0.10486829687961448
319,Brazil,008/16A,002/1660/0106,934,7.58,7.75,7.58,7.75,7.58,7.58,10.0,10.0,10.0,7.83,83.67,0.11,0,2.0,Green,3,"August 16th, 2017",Brazil Specialty Coffee Association,3297cfa4c538e3dd03f72cc4082c54f7999e1f9d,8900f0bf1d0b2bafe6807a73562c7677d57eb980,m,934.0,934.0,934.0,2,1.3927573888174973,0.06675257286767576
320,Taiwan,Tsoustructive 2015 Caturra,Taiwan,1200,7.5,7.67,7.33,7.92,7.83,7.67,10.0,10.0,10.0,7.75,83.67,0.1,0,0.0,Bluish-Green,0,"May 18th, 2017",Specialty Coffee Association,36d0d00a3724338ba7937c52a378d085f2172daa,0878a7d4b9d35ddbf0fe2ce69a2062cceb45a660,m,1200.0,1200.0,1200.0,2,1.465746033031243,-0.09482499458277896
321,Costa Rica,8062-1,5-025-0109,1350,7.33,7.67,7.67,7.5,7.67,7.5,10.0,10.0,10.0,8.33,83.67,0.11,0,0.0,Blue-Green,1,"March 14th, 2017",Specialty Coffee Association of Costa Rica,8e0b118f3cf3121ab27c5387deacdb7d4d2a60b1,5eb2b7129d9714c43825e44dc3bca9423de209e9,m,1350.0,1350.0,1350.0,2,1.3636921082154847,-0.07925830939770553
322,Thailand,,-,800++,7.5,7.75,7.58,7.83,7.67,7.58,10.0,10.0,10.0,7.75,83.67,0.12,0,0.0,Bluish-Green,0,"June 8th, 2016",Specialty Coffee Association,36d0d00a3724338ba7937c52a378d085f2172daa,0878a7d4b9d35ddbf0fe2ce69a2062cceb45a660,m,800.0,800.0,800.0,2,1.4315827739700777,-0.17104936625695522
323,Colombia,,3-259-1444,1550-1700m,7.5,7.75,7.5,7.75,7.67,7.67,10.0,10.0,10.0,7.83,83.67,0.11,0,0.0,,4,"November 21st, 2015",Specialty Coffee Association,36d0d00a3724338ba7937c52a378d085f2172daa,0878a7d4b9d35ddbf0fe2ce69a2062cceb45a660,m,1550.0,1700.0,1625.0,2,1.3754658166167864,-0.027607792409488897
324,Guatemala,,11-52-380,4451 metros,8.0,7.5,7.33,8.0,8.0,8.0,9.33,10.0,10.0,7.5,83.67,0.1,0,0.0,Green,0,"February 27th, 2015",Asociacion Nacional Del Café,b1f20fe3a819fd6b2ee0eb8fdc3da256604f1e53,724f04ad10ed31dbb9d260f0dfd221ba48be8a95,ft,1356.6648,1356.6648,1356.6648,2,1.733218886223755,-0.0646319939034826
325,Colombia,,3-68-0021,1750 msnm,7.83,7.75,7.67,7.58,7.58,7.67,10.0,10.0,10.0,7.58,83.67,0.0,0,0.0,Green,3,"October 29th, 2014",Almacafé,e493c36c2d076bf273064f7ac23ad562af257a25,70d3c0c26f89e00fdae6fb39ff54f0d2eb1c38ab,m,1750.0,1750.0,1750.0,2,1.5601130488750026,-0.03958259352082051
326,Colombia,,3-37-2865,1800 - 2000,7.67,7.67,7.67,7.67,7.33,7.75,10.0,10.0,10.0,7.92,83.67,0.0,0,0.0,Green,1,"August 16th, 2014",Almacafé,e493c36c2d076bf273064f7ac23ad562af257a25,70d3c0c26f89e00fdae6fb39ff54f0d2eb1c38ab,m,1800.0,2000.0,1900.0,2,1.5429524150633585,-0.0004818533898519075
327,Guatemala,,11/23/0634,4300,7.67,7.67,7.42,7.67,8.0,7.75,10.0,10.0,10.0,7.5,83.67,0.12,1,0.0,Green,3,"May 30th, 2014",Asociacion Nacional Del Café,b1f20fe3a819fd6b2ee0eb8fdc3da256604f1e53,724f04ad10ed31dbb9d260f0dfd221ba48be8a95,ft,1310.64,1310.64,1310.64,2,1.4153795134873988,-0.09358290064235582
328,Guatemala,,11/23/0420,4300,7.83,7.67,7.33,7.67,7.67,7.83,10.0,10.0,10.0,7.67,83.67,0.11,0,0.0,Green,2,"February 26th, 2014",Asociacion Nacional Del Café,b1f20fe3a819fd6b2ee0eb8fdc3da256604f1e53,724f04ad10ed31dbb9d260f0dfd221ba48be8a95,ft,1310.64,1310.64,1310.64,2,1.4112060626260903,-0.08330137180913208
329,Colombia,,3-68-0045,1750 msnm,7.75,7.75,7.58,7.83,7.17,7.75,10.0,10.0,10.0,7.83,83.67,0.11,0,0.0,Green,1,"November 22nd, 2013",Almacafé,e493c36c2d076bf273064f7ac23ad562af257a25,70d3c0c26f89e00fdae6fb39ff54f0d2eb1c38ab,m,1750.0,1750.0,1750.0,2,1.378868015343228,0.009666063401283613
330,Guatemala,,11-183-22,1450,8.17,8.17,7.83,7.67,8.08,7.75,9.33,9.33,9.33,8.0,83.67,0.11,0,0.0,Green,1,"August 23rd, 2013",Specialty Coffee Association,36d0d00a3724338ba7937c52a378d085f2172daa,0878a7d4b9d35ddbf0fe2ce69a2062cceb45a660,m,1450.0,1450.0,1450.0,2,2.295255837111448,-0.048405729117767804
331,Guatemala,,11/23/0933,4300,7.67,8.17,7.5,7.42,7.58,7.83,10.0,10.0,10.0,7.5,83.67,0.11,0,0.0,Green,13,"July 9th, 2013",Asociacion Nacional Del Café,b1f20fe3a819fd6b2ee0eb8fdc3da256604f1e53,724f04ad10ed31dbb9d260f0dfd221ba48be8a95,ft,1310.64,1310.64,1310.64,2,1.2820293425552145,-0.12692647145692063
332,Mexico,,1207033381,1100,7.67,7.5,7.5,7.33,7.83,8.25,10.0,10.0,10.0,7.58,83.67,0.12,4,0.0,Green,11,"July 2nd, 2013",AMECAFE,59e396ad6e22a1c22b248f958e1da2bd8af85272,0eb4ee5b3f47b20b049548a2fd1e7d4a2b70d0a7,m,1100.0,1100.0,1100.0,2,1.1778978062104222,-0.20092550041047635
333,Indonesia,,,1200-1600masl,8.17,7.67,7.58,7.58,7.42,7.67,10.0,10.0,10.0,7.58,83.67,0.12,0,0.0,Green,0,"May 23rd, 2013",Specialty Coffee Association of Indonesia,99fa73db21b7acd9c9ceb9dd84e409d2077d55c4,36910838db193ebdd61fa1427bac74622114c49a,m,1200.0,1600.0,1400.0,2,1.429128439632963,-0.0597525474634457
334,Guatemala,,11/11711/08,5000,7.67,7.5,7.33,8.0,7.67,7.67,10.0,10.0,10.0,7.83,83.67,0.1,0,0.0,Green,0,"April 30th, 2013",Asociacion Nacional Del Café,b1f20fe3a819fd6b2ee0eb8fdc3da256604f1e53,724f04ad10ed31dbb9d260f0dfd221ba48be8a95,ft,1524.0,1524.0,1524.0,2,1.4295146647729822,-0.02989338576959593
336,Brazil,020/17,002/1660/0080,890,7.58,7.67,7.58,7.58,7.67,7.58,10.0,10.0,10.0,7.92,83.58,0.11,0,0.0,Green,5,"October 20th, 2018",Brazil Specialty Coffee Association,3297cfa4c538e3dd03f72cc4082c54f7999e1f9d,8900f0bf1d0b2bafe6807a73562c7677d57eb980,m,890.0,890.0,890.0,2,1.2640209120669619,-0.18225414507309157
337,Guatemala,11/52/1170,11/52/1170,3702,7.75,7.75,7.5,7.83,7.58,7.58,10.0,10.0,10.0,7.58,83.58,0.11,0,1.0,Green,0,"July 5th, 2017",Asociacion Nacional Del Café,b1f20fe3a819fd6b2ee0eb8fdc3da256604f1e53,724f04ad10ed31dbb9d260f0dfd221ba48be8a95,ft,1128.3696,1128.3696,1128.3696,2,1.3762451538651133,0.004321723247278311
339,China,YNC-16029,,1100,7.67,7.58,7.58,7.58,7.67,7.75,10.0,10.0,10.0,7.75,83.58,0.1,0,1.0,Green,4,"April 6th, 2017",Yunnan Coffee Exchange,683fa6014608fc10ff681b0435b0b2dbe6df988f,f6d87a6c04653c569d4911a66f89d5e30ce83b93,m,1100.0,1100.0,1100.0,2,1.3107059597245425,-0.02707368548936701
340,Colombia,,3-37-0636,de 1600 a 1950 msnm,7.67,7.75,7.58,7.67,7.75,7.58,10.0,10.0,10.0,7.58,83.58,0.12,0,0.0,Green,3,"November 18th, 2016",Almacafé,e493c36c2d076bf273064f7ac23ad562af257a25,70d3c0c26f89e00fdae6fb39ff54f0d2eb1c38ab,m,1600.0,1950.0,1775.0,2,1.325217998742261,0.00520043355516608
341,Mexico,,016-2028-042,1200,7.75,7.75,7.58,7.58,7.5,7.67,10.0,10.0,10.0,7.75,83.58,0.12,1,0.0,Green,13,"May 11th, 2016",Asociación Mexicana De Cafés y Cafeterías De Especialidad A.C.,3441698871fa609a44ce947e8944ee42eb4428b9,9894541e8065ee718165a1d432389d114defc38c,m,1200.0,1200.0,1200.0,2,1.1179995137166496,-0.15531929597881283
342,Ethiopia,,100181006,1700-2000m,7.75,7.67,7.58,7.67,7.5,7.67,10.0,10.0,10.0,7.75,83.58,0.0,0,0.0,,7,"March 24th, 2016",Blossom Valley International,fc45352eee499d8470cf94c9827922fb745bf815,de73fc9412358b523d3a641501e542f31d2668b0,m,1700.0,2000.0,1850.0,2,1.3948208681312266,-0.03223677387166605
343,Uganda,,0,1800,7.67,7.67,7.42,7.75,7.75,7.67,10.0,10.0,10.0,7.67,83.58,0.12,0,0.0,Green,5,"June 27th, 2015",Uganda Coffee Development Authority,188fe373b511e21f614564bf86aa4774270d8e04,b7614767a5343729bbde3a2777c60ce836aed928,m,1800.0,1800.0,1800.0,2,1.2890052096703137,0.005973890720278885
344,Colombia,,14-3-79-1921,1600,7.67,7.58,7.67,7.67,7.67,7.67,10.0,10.0,10.0,7.67,83.58,0.0,0,0.0,Green,0,"June 24th, 2015",Almacafé,e493c36c2d076bf273064f7ac23ad562af257a25,70d3c0c26f89e00fdae6fb39ff54f0d2eb1c38ab,m,1600.0,1600.0,1600.0,2,1.5252221516678846,-0.05722690618484617
345,Colombia,,14-3-79-0953,1550,7.67,7.58,7.67,7.58,7.67,7.75,10.0,10.0,10.0,7.67,83.58,0.12,0,0.0,Green,1,"March 13th, 2015",Almacafé,e493c36c2d076bf273064f7ac23ad562af257a25,70d3c0c26f89e00fdae6fb39ff54f0d2eb1c38ab,m,1550.0,1550.0,1550.0,2,1.3352528307679072,-0.03568445171291384
346,Colombia,,3-79-0828,1550,7.75,7.58,7.5,7.58,7.75,7.83,10.0,10.0,10.0,7.58,83.58,0.0,0,0.0,,0,"March 21st, 2015",Almacafé,e493c36c2d076bf273064f7ac23ad562af257a25,70d3c0c26f89e00fdae6fb39ff54f0d2eb1c38ab,m,1550.0,1550.0,1550.0,2,1.508142074713321,-0.06812484389092643
347,Taiwan,,,1000 m,7.75,7.75,7.75,7.75,7.5,7.58,10.0,10.0,10.0,7.5,83.58,0.11,0,0.0,Green,0,"December 26th, 2014",Blossom Valley International,fc45352eee499d8470cf94c9827922fb745bf815,de73fc9412358b523d3a641501e542f31d2668b0,m,1000.0,1000.0,1000.0,2,1.3810092073474785,-0.13842750216877492
348,Colombia,,3-37-1824,de 1.600 a 1.950 msnm,7.67,7.67,7.58,7.67,7.75,7.58,10.0,10.0,10.0,7.67,83.58,0.11,0,0.0,Green,3,"August 31st, 2013",Almacafé,e493c36c2d076bf273064f7ac23ad562af257a25,70d3c0c26f89e00fdae6fb39ff54f0d2eb1c38ab,m,1600.0,1950.0,1775.0,2,1.3267808953260967,0.0018695939681447464
349,Mexico,,2222,1000,7.83,7.67,7.58,7.58,7.67,7.58,10.0,10.0,10.0,7.67,83.58,0.12,0,0.0,,2,"June 6th, 2013",AMECAFE,59e396ad6e22a1c22b248f958e1da2bd8af85272,0eb4ee5b3f47b20b049548a2fd1e7d4a2b70d0a7,m,1000.0,1000.0,1000.0,2,1.316631138666265,-0.14623691408824235
350,Colombia,,3-59-0951,2136 msnm,7.67,7.58,7.58,7.58,7.67,7.75,10.0,10.0,10.0,7.75,83.58,0.11,0,0.0,Green,4,"April 2nd, 2013",Almacafé,e493c36c2d076bf273064f7ac23ad562af257a25,70d3c0c26f89e00fdae6fb39ff54f0d2eb1c38ab,m,2136.0,2136.0,2136.0,2,1.278876641500814,0.0663875290777225
351,Brazil,,002/1251/0181,1100m,7.83,7.75,7.5,7.75,7.5,7.58,10.0,10.0,10.0,7.67,83.58,0.12,0,0.0,Blue-Green,2,"January 22nd, 2013",NUCOFFEE,567f200bcc17a90070cb952647bf88141ad9c80c,aa2ff513ffb9c844462a1fb07c599bce7f3bb53d,m,1100.0,1100.0,1100.0,2,1.3070777696575286,-0.12070264361825718
352,Colombia,3-59-1695,3-59-1695,1799,7.75,7.58,7.58,7.75,7.75,7.5,10.0,10.0,10.0,7.58,83.5,0.0,0,0.0,Bluish-Green,5,"February 20th, 2018",Almacafé,e493c36c2d076bf273064f7ac23ad562af257a25,70d3c0c26f89e00fdae6fb39ff54f0d2eb1c38ab,m,1799.0,1799.0,1799.0,2,1.3696986648672957,-0.03482760063243366
354,Costa Rica,8038,5-025-0250,1850,7.92,7.42,7.5,7.67,7.5,7.67,10.0,10.0,10.0,7.83,83.5,0.0,0,0.0,Blue-Green,0,"June 6th, 2017",Specialty Coffee Association of Costa Rica,8e0b118f3cf3121ab27c5387deacdb7d4d2a60b1,5eb2b7129d9714c43825e44dc3bca9423de209e9,m,1850.0,1850.0,1850.0,2,1.3998460211671249,-0.00867381509268735
355,Colombia,3-59-1919,3-59-1919,1000,7.75,7.58,7.58,7.5,7.75,7.75,10.0,10.0,10.0,7.58,83.5,0.0,0,0.0,Green,0,"April 7th, 2017",Almacafé,e493c36c2d076bf273064f7ac23ad562af257a25,70d3c0c26f89e00fdae6fb39ff54f0d2eb1c38ab,m,1000.0,1000.0,1000.0,2,1.437178081519403,-0.17975492115704528
356,Guatemala,11/23/0145,11/23/0145,4000,7.67,7.75,7.5,7.83,7.58,7.58,10.0,10.0,10.0,7.58,83.5,0.1,0,2.0,Bluish-Green,5,"March 16th, 2017",Asociacion Nacional Del Café,b1f20fe3a819fd6b2ee0eb8fdc3da256604f1e53,724f04ad10ed31dbb9d260f0dfd221ba48be8a95,ft,1219.2,1219.2,1219.2,2,1.239058843202741,0.1144984477791046
357,Colombia,,3-37-0634,de 1600 a 1950 msnm,7.58,7.58,7.58,7.58,7.75,7.67,10.0,10.0,10.0,7.75,83.5,0.12,0,0.0,Green,4,"November 18th, 2016",Almacafé,e493c36c2d076bf273064f7ac23ad562af257a25,70d3c0c26f89e00fdae6fb39ff54f0d2eb1c38ab,m,1600.0,1950.0,1775.0,2,1.1906433549408222,-0.0024104089007174682
358,"Tanzania, United Republic Of",,CA007,1400m,7.75,7.67,7.58,7.67,7.67,7.58,10.0,10.0,10.0,7.58,83.5,0.13,0,0.0,Green,21,"November 15th, 2016",Africa Fine Coffee Association,073285c0d45e2f5539012d969937e529564fa6fe,c4ab13415cdd69376a93780c0166e7b1a10481ea,m,1400.0,1400.0,1400.0,2,0.9539827369966779,-0.13217744917660063
359,Indonesia,,To be advice,1500,7.25,7.67,7.58,7.92,7.83,7.58,10.0,10.0,10.0,7.67,83.5,0.13,0,0.0,Bluish-Green,8,"September 13th, 2016",Specialty Coffee Association,36d0d00a3724338ba7937c52a378d085f2172daa,0878a7d4b9d35ddbf0fe2ce69a2062cceb45a660,m,1500.0,1500.0,1500.0,2,1.146999148855081,-0.058337817284344604
360,Ethiopia,,2014/15,1600 on average,7.67,7.75,7.5,7.58,7.75,7.67,10.0,10.0,10.0,7.58,83.5,0.1,1,0.0,,18,"March 30th, 2016",METAD Agricultural Development plc,309fcf77415a3661ae83e027f7e5f05dad786e44,19fef5a731de2db57d16da10287413f5f99bc2dd,m,1600.0,1600.0,1600.0,2,1.0204426444686143,-0.10082760736253044
362,Colombia,,3-68-0068,1850 msnm,8.0,7.58,7.25,7.58,7.92,7.58,10.0,10.0,10.0,7.58,83.5,0.11,0,0.0,Green,0,"January 22nd, 2016",Almacafé,e493c36c2d076bf273064f7ac23ad562af257a25,70d3c0c26f89e00fdae6fb39ff54f0d2eb1c38ab,m,1850.0,1850.0,1850.0,2,1.2854671569221907,0.026336700268613133
363,Guatemala,,11-023-0025,1400 mts,7.58,7.75,7.5,7.83,7.42,7.67,10.0,10.0,10.0,7.75,83.5,0.1,0,0.0,Green,0,"December 18th, 2015",Specialty Coffee Association of Costa Rica,8e0b118f3cf3121ab27c5387deacdb7d4d2a60b1,5eb2b7129d9714c43825e44dc3bca9423de209e9,m,1400.0,1400.0,1400.0,2,1.2690514559662458,-0.05876839026087702
364,Colombia,,3-79-2009,1650,7.75,7.58,7.33,7.5,7.83,7.83,10.0,10.0,10.0,7.67,83.5,0.0,2,0.0,,0,"August 11th, 2015",Almacafé,e493c36c2d076bf273064f7ac23ad562af257a25,70d3c0c26f89e00fdae6fb39ff54f0d2eb1c38ab,m,1650.0,1650.0,1650.0,2,1.3734934777862073,-0.06704433396689566
365,Honduras,,13-111-240,1350,7.67,7.5,7.67,7.5,7.67,7.67,10.0,10.0,10.0,7.83,83.5,0.1,0,0.0,Green,3,"April 8th, 2015",Instituto Hondureño del Café,b4660a57e9f8cc613ae5b8f02bfce8634c763ab4,7f521ca403540f81ec99daec7da19c2788393880,m,1350.0,1350.0,1350.0,2,1.2280502185673796,-0.09150970320506324
366,Colombia,,3-68-0161,1750 msnm,7.58,7.75,7.42,7.67,7.75,7.67,10.0,10.0,10.0,7.67,83.5,0.0,1,0.0,Green,1,"April 26th, 2014",Almacafé,e493c36c2d076bf273064f7ac23ad562af257a25,70d3c0c26f89e00fdae6fb39ff54f0d2eb1c38ab,m,1750.0,1750.0,1750.0,2,1.4015401565080123,-0.03690916196178895
368,Mexico,,0,1170,7.83,7.58,7.25,7.5,7.5,7.42,10.0,10.0,10.0,8.42,83.5,0.13,0,0.0,Green,14,"August 31st, 2013",AMECAFE,59e396ad6e22a1c22b248f958e1da2bd8af85272,0eb4ee5b3f47b20b049548a2fd1e7d4a2b70d0a7,m,1170.0,1170.0,1170.0,2,0.9286506810008912,-0.15368168335149301
369,Mexico,,01-04,940,7.67,7.75,7.67,7.75,7.58,7.5,10.0,10.0,10.0,7.58,83.5,0.11,0,0.0,Green,12,"August 30th, 2013",AMECAFE,59e396ad6e22a1c22b248f958e1da2bd8af85272,0eb4ee5b3f47b20b049548a2fd1e7d4a2b70d0a7,m,940.0,940.0,940.0,2,1.1116436748863026,-0.19358465223626373
370,Mexico,,2484,1400,7.75,7.67,7.67,7.75,7.33,7.5,10.0,10.0,10.0,7.83,83.5,0.12,0,0.0,Green,0,"July 11th, 2013",AMECAFE,59e396ad6e22a1c22b248f958e1da2bd8af85272,0eb4ee5b3f47b20b049548a2fd1e7d4a2b70d0a7,m,1400.0,1400.0,1400.0,2,1.225959786963211,-0.05661267125825621
371,Guatemala,,11/752/02,5000,7.83,7.5,7.5,8.0,7.67,7.5,10.0,10.0,10.0,7.5,83.5,0.1,0,0.0,Green,5,"April 30th, 2013",Asociacion Nacional Del Café,b1f20fe3a819fd6b2ee0eb8fdc3da256604f1e53,724f04ad10ed31dbb9d260f0dfd221ba48be8a95,ft,1524.0,1524.0,1524.0,2,1.2299522784752295,-0.05058411182571273
372,Colombia,,3-37-0666,de 1600 a 1950 msnm,7.67,7.58,7.58,7.67,7.67,7.67,10.0,10.0,10.0,7.67,83.5,0.11,0,0.0,Green,0,"February 8th, 2013",Almacafé,e493c36c2d076bf273064f7ac23ad562af257a25,70d3c0c26f89e00fdae6fb39ff54f0d2eb1c38ab,m,1600.0,1950.0,1775.0,2,1.2747413421429077,0.012176446054358402
373,Guatemala,,11/23/0237,4600 ft.,7.5,7.5,7.75,7.5,8.0,7.67,10.0,10.0,10.0,7.58,83.5,0.0,3,0.0,Green,12,"January 31st, 2013",Specialty Coffee Association,36d0d00a3724338ba7937c52a378d085f2172daa,0878a7d4b9d35ddbf0fe2ce69a2062cceb45a660,ft,1402.08,1402.08,1402.08,2,1.208371867045172,-0.17235146780149296
375,Indonesia,,015-282,1600,7.83,7.58,7.58,7.58,7.75,7.58,10.0,10.0,10.0,7.58,83.5,0.0,0,0.0,,0,"November 29th, 2011",Specialty Coffee Association of Indonesia,99fa73db21b7acd9c9ceb9dd84e409d2077d55c4,36910838db193ebdd61fa1427bac74622114c49a,m,1600.0,1600.0,1600.0,2,1.417866846775934,-0.05920677728641791
376,Colombia,3-59-0504,3-59-0504,439,7.5,7.58,7.58,7.5,7.75,7.83,10.0,10.0,10.0,7.67,83.42,0.0,0,2.0,Green,1,"November 9th, 2018",Almacafé,e493c36c2d076bf273064f7ac23ad562af257a25,70d3c0c26f89e00fdae6fb39ff54f0d2eb1c38ab,m,439.0,439.0,439.0,2,1.3406716556860363,-0.06590977433846919
377,Guatemala,11/23/0696,11/23/0696,1700,7.67,7.75,7.5,7.58,7.58,7.67,10.0,10.0,10.0,7.67,83.42,0.1,0,0.0,Green,3,"August 23rd, 2018",Asociacion Nacional Del Café,b1f20fe3a819fd6b2ee0eb8fdc3da256604f1e53,724f04ad10ed31dbb9d260f0dfd221ba48be8a95,m,1700.0,1700.0,1700.0,2,1.1615145274209204,-0.017716544669874663
378,Colombia,3-59-2318,3-59-2318,442,7.67,7.67,7.5,7.67,7.67,7.58,10.0,10.0,10.0,7.67,83.42,0.11,0,0.0,Green,2,"May 10th, 2018",Almacafé,e493c36c2d076bf273064f7ac23ad562af257a25,70d3c0c26f89e00fdae6fb39ff54f0d2eb1c38ab,m,442.0,442.0,442.0,2,1.178800448374899,-0.2567779423123076
379,Costa Rica,8885,5-025-0032,1850,7.58,7.5,7.42,7.92,7.5,7.67,10.0,10.0,10.0,7.83,83.42,0.09,0,0.0,Blue-Green,4,"February 17th, 2018",Specialty Coffee Association of Costa Rica,8e0b118f3cf3121ab27c5387deacdb7d4d2a60b1,5eb2b7129d9714c43825e44dc3bca9423de209e9,m,1850.0,1850.0,1850.0,2,1.1247234027314583,0.012531884616036073
381,Uganda,5055,7697,1800,7.58,7.75,7.33,7.75,7.67,7.58,10.0,10.0,10.0,7.75,83.42,0.11,0,0.0,Green,1,"July 21st, 2017",Uganda Coffee Development Authority,188fe373b511e21f614564bf86aa4774270d8e04,b7614767a5343729bbde3a2777c60ce836aed928,m,1800.0,1800.0,1800.0,2,1.1612766220372028,0.01813580897151003
382,Thailand,MCCFWXA15/16,,1200,7.5,7.58,7.75,7.5,7.75,7.67,10.0,10.0,10.0,7.67,83.42,0.13,0,0.0,Bluish-Green,0,"June 27th, 2017",Specialty Coffee Institute of Asia,726e4891cf2c9a4848768bd34b668124d12c4224,b70da261fcc84831e3e9620c30a8701540abc200,m,1200.0,1200.0,1200.0,2,1.1724650506718373,-0.10113715957984419
383,El Salvador,73,9-391-73,1330,7.58,7.5,7.75,7.58,7.75,7.67,10.0,10.0,10.0,7.58,83.42,0.11,0,0.0,,0,"April 25th, 2017",Salvadoran Coffee Council,3d4987e3b91399dbb3938b5bdf53893b6ef45be1,27b21e368fb8291cbea02c60623fe6c98f84524d,m,1330.0,1330.0,1330.0,2,1.1996943028335048,-0.08053850488228692
384,Colombia,,3-59-2236,442 msnm,7.58,7.67,7.58,7.67,7.58,7.67,10.0,10.0,10.0,7.67,83.42,0.12,4,0.0,Green,0,"April 28th, 2016",Almacafé,e493c36c2d076bf273064f7ac23ad562af257a25,70d3c0c26f89e00fdae6fb39ff54f0d2eb1c38ab,m,442.0,442.0,442.0,2,1.0958195091904996,-0.2820354753011254
386,"Tanzania, United Republic Of",,C50,1600,7.75,7.67,7.58,7.67,7.58,7.58,10.0,10.0,10.0,7.58,83.42,0.13,0,0.0,Green,4,"December 12th, 2015",Africa Fine Coffee Association,073285c0d45e2f5539012d969937e529564fa6fe,c4ab13415cdd69376a93780c0166e7b1a10481ea,m,1600.0,1600.0,1600.0,2,1.1045548723048897,-0.030653569525167478
387,Colombia,,15-3-79-0002,1813,7.58,7.58,7.25,7.75,7.75,8.58,9.33,10.0,10.0,7.58,83.42,0.12,0,0.0,Green,1,"October 15th, 2015",Almacafé,e493c36c2d076bf273064f7ac23ad562af257a25,70d3c0c26f89e00fdae6fb39ff54f0d2eb1c38ab,m,1813.0,1813.0,1813.0,2,1.3807595243527915,0.02292940419105909
388,Guatemala,,11/23/0562,4000 psnm,7.75,7.83,7.33,7.83,7.5,7.67,10.0,10.0,10.0,7.5,83.42,0.1,0,0.0,Green,1,"August 21st, 2015",Asociacion Nacional Del Café,b1f20fe3a819fd6b2ee0eb8fdc3da256604f1e53,724f04ad10ed31dbb9d260f0dfd221ba48be8a95,ft,1219.2,1219.2,1219.2,2,1.1943468514494984,-0.09620828591102609
389,Guatemala,,11/11711/6,1500 msnm,7.67,7.75,7.5,7.83,7.58,7.5,10.0,10.0,10.0,7.58,83.42,0.1,0,0.0,Green,2,"February 18th, 2015",Asociacion Nacional Del Café,b1f20fe3a819fd6b2ee0eb8fdc3da256604f1e53,724f04ad10ed31dbb9d260f0dfd221ba48be8a95,m,1500.0,1500.0,1500.0,2,1.1776980364064136,-0.04682807137057457
390,Guatemala,,11/23/1040,4300,7.67,7.5,7.75,7.42,7.75,7.75,10.0,10.0,10.0,7.58,83.42,0.11,0,0.0,Green,0,"July 16th, 2014",Asociacion Nacional Del Café,b1f20fe3a819fd6b2ee0eb8fdc3da256604f1e53,724f04ad10ed31dbb9d260f0dfd221ba48be8a95,ft,1310.64,1310.64,1310.64,2,1.1995789746721384,-0.08803001481461342
392,Colombia,,3-68-0147,1450 msnm,7.5,7.75,7.58,7.5,7.67,7.75,10.0,10.0,10.0,7.67,83.42,0.11,0,0.0,Green,2,"June 26th, 2013",Almacafé,e493c36c2d076bf273064f7ac23ad562af257a25,70d3c0c26f89e00fdae6fb39ff54f0d2eb1c38ab,m,1450.0,1450.0,1450.0,2,1.1577928872346253,-0.06211846386287292
396,Mexico,,016-2729-001-A-LAB-SS2,900-1200mtr,7.25,7.88,7.38,7.63,7.5,8.75,9.0,10.0,10.0,8.0,83.38,0.09,2,0.0,,4,"May 26th, 2011",Specialty Coffee Association,36d0d00a3724338ba7937c52a378d085f2172daa,0878a7d4b9d35ddbf0fe2ce69a2062cceb45a660,m,900.0,1200.0,1050.0,2,1.38702186457085,-0.16657941032537738
397,Colombia,68-0054,68-0054,1650,7.75,7.5,7.75,7.58,7.58,7.58,10.0,10.0,10.0,7.58,83.33,0.0,0,1.0,,0,"November 8th, 2017",Almacafé,e493c36c2d076bf273064f7ac23ad562af257a25,70d3c0c26f89e00fdae6fb39ff54f0d2eb1c38ab,m,1650.0,1650.0,1650.0,2,1.260143706432151,0.061420456830989255
400,Brazil,,002/1660/0106,1227,7.5,7.83,7.33,7.58,7.58,7.92,10.0,10.0,10.0,7.58,83.33,0.1,1,0.0,Green,5,"October 11th, 2016",Specialty Coffee Association,36d0d00a3724338ba7937c52a378d085f2172daa,0878a7d4b9d35ddbf0fe2ce69a2062cceb45a660,m,1227.0,1227.0,1227.0,2,1.0146768193593354,-0.12478704757298387
401,Mexico,,1620280402,1200,7.75,7.75,7.5,7.67,7.5,7.58,10.0,10.0,10.0,7.58,83.33,0.12,0,0.0,Green,2,"July 13th, 2016",Asociación Mexicana De Cafés y Cafeterías De Especialidad A.C.,3441698871fa609a44ce947e8944ee42eb4428b9,9894541e8065ee718165a1d432389d114defc38c,m,1200.0,1200.0,1200.0,2,1.0645292622273885,-0.10417799033078563
402,Colombia,,3-68-0103,1650 msnm,7.67,7.75,7.42,7.83,7.83,7.42,10.0,10.0,10.0,7.42,83.33,0.11,0,0.0,Green,1,"April 7th, 2016",Almacafé,e493c36c2d076bf273064f7ac23ad562af257a25,70d3c0c26f89e00fdae6fb39ff54f0d2eb1c38ab,m,1650.0,1650.0,1650.0,2,1.1410774031513926,-0.010543572036912755
403,"Tanzania, United Republic Of",,C27,1700,7.75,7.58,7.67,7.58,7.58,7.58,10.0,10.0,10.0,7.58,83.33,0.12,0,0.0,Green,6,"December 12th, 2015",Africa Fine Coffee Association,073285c0d45e2f5539012d969937e529564fa6fe,c4ab13415cdd69376a93780c0166e7b1a10481ea,m,1700.0,1700.0,1700.0,2,0.9959286845688687,-0.02565299433918162
404,Mexico,,0,1100,7.67,7.67,7.58,7.67,7.5,7.58,10.0,10.0,10.0,7.67,83.33,0.12,0,0.0,Green,0,"July 15th, 2015",AMECAFE,59e396ad6e22a1c22b248f958e1da2bd8af85272,0eb4ee5b3f47b20b049548a2fd1e7d4a2b70d0a7,m,1100.0,1100.0,1100.0,2,1.0880640972963422,-0.11758535163866937
405,Costa Rica,,5-562-0013,1300 msnm,7.67,7.67,7.42,7.67,7.67,7.67,10.0,10.0,10.0,7.58,83.33,0.12,0,0.0,Green,3,"April 7th, 2015",Specialty Coffee Association,36d0d00a3724338ba7937c52a378d085f2172daa,0878a7d4b9d35ddbf0fe2ce69a2062cceb45a660,m,1300.0,1300.0,1300.0,2,1.0649654502186128,-0.08774483116262984
407,Costa Rica,,5-0048-0023,1100-1300,7.5,7.67,7.67,7.5,7.83,7.17,10.0,10.0,10.0,8.0,83.33,0.11,0,0.0,Green,3,"February 14th, 2015",Specialty Coffee Association of Costa Rica,8e0b118f3cf3121ab27c5387deacdb7d4d2a60b1,5eb2b7129d9714c43825e44dc3bca9423de209e9,m,1100.0,1300.0,1200.0,2,1.0436014239647768,-0.11738742444542612
409,Haiti,,,4200 feet,7.58,7.5,7.67,7.5,7.83,7.42,10.0,10.0,10.0,7.83,83.33,0.11,0,0.0,Green,4,"October 3rd, 2014",Specialty Coffee Association,36d0d00a3724338ba7937c52a378d085f2172daa,0878a7d4b9d35ddbf0fe2ce69a2062cceb45a660,ft,1280.16,1280.16,1280.16,2,1.0281598740129936,-0.10655148811256172
410,Colombia,,3-59-1326,1000 msnm,7.67,7.67,7.5,7.67,7.92,7.42,10.0,10.0,10.0,7.5,83.33,0.11,0,0.0,Green,1,"April 26th, 2014",Almacafé,e493c36c2d076bf273064f7ac23ad562af257a25,70d3c0c26f89e00fdae6fb39ff54f0d2eb1c38ab,m,1000.0,1000.0,1000.0,2,1.138425536728692,-0.14344552287835566
411,Guatemala,,11/23/0419,4300,7.83,7.67,7.17,7.67,7.67,7.67,10.0,10.0,10.0,7.67,83.33,0.11,0,0.0,Green,3,"February 26th, 2014",Asociacion Nacional Del Café,b1f20fe3a819fd6b2ee0eb8fdc3da256604f1e53,724f04ad10ed31dbb9d260f0dfd221ba48be8a95,ft,1310.64,1310.64,1310.64,2,1.0570707797033496,-0.08649786693927497
413,Burundi,,,1880,7.75,7.67,7.33,7.5,7.5,7.75,10.0,10.0,10.0,7.83,83.33,0.0,0,0.0,,5,"August 29th, 2013",Specialty Coffee Association,36d0d00a3724338ba7937c52a378d085f2172daa,0878a7d4b9d35ddbf0fe2ce69a2062cceb45a660,m,1880.0,1880.0,1880.0,2,1.1299788201103884,-0.021570849200600574
414,Colombia,,3-68-0133,1750 msnm,7.5,7.67,7.67,7.58,7.67,7.58,10.0,10.0,10.0,7.67,83.33,0.0,0,0.0,Green,1,"May 30th, 2013",Almacafé,e493c36c2d076bf273064f7ac23ad562af257a25,70d3c0c26f89e00fdae6fb39ff54f0d2eb1c38ab,m,1750.0,1750.0,1750.0,2,1.2399070354706454,-0.03334744801980001
417,Mexico,2016-2017-1,,1600,7.67,7.83,7.42,7.83,7.33,7.5,10.0,10.0,10.0,7.67,83.25,0.11,0,0.0,Blue-Green,0,"March 7th, 2018",Centro Agroecológico del Café A.C.,3b8dfdd621590b424ff64e0b76df7d6a92e1c628,d470dc009281519e30da6ead1c649fcd7670f386,m,1600.0,1600.0,1600.0,2,1.0086596333183389,-0.01613871943409705
418,Costa Rica,LP-C211-181,,1900,7.5,7.5,7.83,7.5,7.67,7.67,10.0,10.0,10.0,7.58,83.25,0.11,0,0.0,Green,0,"January 30th, 2018",Specialty Coffee Association,36d0d00a3724338ba7937c52a378d085f2172daa,0878a7d4b9d35ddbf0fe2ce69a2062cceb45a660,m,1900.0,1900.0,1900.0,2,1.0296447383270872,0.028340924028713115
420,Guatemala,11-973-152,11/973/152,2100,7.5,7.58,7.42,7.83,7.67,7.58,10.0,10.0,10.0,7.67,83.25,0.11,0,2.0,Green,7,"August 12th, 2017",Asociacion Nacional Del Café,b1f20fe3a819fd6b2ee0eb8fdc3da256604f1e53,724f04ad10ed31dbb9d260f0dfd221ba48be8a95,m,2100.0,2100.0,2100.0,2,0.9234732734104394,0.2824298786092685
423,Colombia,,3-59-0318,442 msnm,7.58,7.67,7.67,7.17,7.75,7.83,10.0,10.0,10.0,7.58,83.25,0.0,0,0.0,Green,2,"November 26th, 2016",Almacafé,e493c36c2d076bf273064f7ac23ad562af257a25,70d3c0c26f89e00fdae6fb39ff54f0d2eb1c38ab,m,442.0,442.0,442.0,2,1.1526825663308538,-0.3053967649283704
424,Mexico,,3,1261,7.83,7.75,7.5,7.58,7.58,7.58,10.0,10.0,10.0,7.42,83.25,0.12,0,0.0,Bluish-Green,2,"July 13th, 2016",Asociación Mexicana De Cafés y Cafeterías De Especialidad A.C.,3441698871fa609a44ce947e8944ee42eb4428b9,9894541e8065ee718165a1d432389d114defc38c,m,1261.0,1261.0,1261.0,2,0.9947157958359434,-0.09479869955605705
425,Taiwan,,Taiwan,1000 m,7.67,7.5,7.5,7.5,7.67,7.83,10.0,10.0,10.0,7.58,83.25,0.1,0,0.0,Blue-Green,0,"June 17th, 2016",Specialty Coffee Association,36d0d00a3724338ba7937c52a378d085f2172daa,0878a7d4b9d35ddbf0fe2ce69a2062cceb45a660,m,1000.0,1000.0,1000.0,2,1.0294447238136653,-0.14870110698999556
426,Taiwan,,Taiwanw台灣,800公尺,7.92,7.83,7.75,7.58,7.5,7.33,10.0,10.0,10.0,7.33,83.25,0.1,0,0.0,Green,0,"November 23rd, 2015",Blossom Valley International,fc45352eee499d8470cf94c9827922fb745bf815,de73fc9412358b523d3a641501e542f31d2668b0,m,800.0,800.0,800.0,2,1.0733677263207473,-0.186030035556586
427,Colombia,,3-79-1818,1483,7.58,7.58,7.5,7.58,7.58,7.75,10.0,10.0,10.0,7.67,83.25,0.0,0,0.0,Green,0,"June 24th, 2015",Almacafé,e493c36c2d076bf273064f7ac23ad562af257a25,70d3c0c26f89e00fdae6fb39ff54f0d2eb1c38ab,m,1483.0,1483.0,1483.0,2,1.144546433053315,-0.08205263958899346
428,Guatemala,,11-11711-85 (MED),1500 msnm,7.5,7.67,7.58,7.67,7.67,7.5,10.0,10.0,10.0,7.67,83.25,0.1,0,0.0,Green,1,"March 7th, 2015",Asociacion Nacional Del Café,b1f20fe3a819fd6b2ee0eb8fdc3da256604f1e53,724f04ad10ed31dbb9d260f0dfd221ba48be8a95,m,1500.0,1500.0,1500.0,2,1.0245982568470107,-0.048889867277881596
429,Colombia,,3-68-0215,1750 msnm,7.83,7.5,7.67,7.33,7.67,7.67,10.0,10.0,10.0,7.58,83.25,0.11,0,0.0,Green,1,"August 2nd, 2014",Almacafé,e493c36c2d076bf273064f7ac23ad562af257a25,70d3c0c26f89e00fdae6fb39ff54f0d2eb1c38ab,m,1750.0,1750.0,1750.0,2,1.002310452528114,-0.007585252100826339
430,Mexico,,2406,1300,7.58,7.75,7.5,7.5,7.58,7.58,10.0,10.0,10.0,7.75,83.25,0.12,0,0.0,Green,6,"March 29th, 2014",AMECAFE,59e396ad6e22a1c22b248f958e1da2bd8af85272,0eb4ee5b3f47b20b049548a2fd1e7d4a2b70d0a7,m,1300.0,1300.0,1300.0,2,0.8890635601330804,-0.10331883788547584
433,Mexico,,0,1000,7.75,7.75,7.42,7.92,7.33,7.5,10.0,10.0,10.0,7.58,83.25,0.12,0,0.0,Blue-Green,0,"July 11th, 2013",AMECAFE,59e396ad6e22a1c22b248f958e1da2bd8af85272,0eb4ee5b3f47b20b049548a2fd1e7d4a2b70d0a7,m,1000.0,1000.0,1000.0,2,0.9943335059266891,-0.12885165209221006
434,Guatemala,,11/23/0767,4300,7.83,7.58,7.08,7.83,7.42,8.08,10.0,10.0,10.0,7.42,83.25,0.11,0,0.0,Green,9,"July 9th, 2013",Asociacion Nacional Del Café,b1f20fe3a819fd6b2ee0eb8fdc3da256604f1e53,724f04ad10ed31dbb9d260f0dfd221ba48be8a95,ft,1310.64,1310.64,1310.64,2,0.8606680180463716,-0.10422219344750638
435,Brazil,,002/1251/0241,1200m,7.75,7.67,7.5,7.58,7.58,7.58,10.0,10.0,10.0,7.58,83.25,0.11,0,0.0,Blue-Green,1,"February 22nd, 2013",NUCOFFEE,567f200bcc17a90070cb952647bf88141ad9c80c,aa2ff513ffb9c844462a1fb07c599bce7f3bb53d,m,1200.0,1200.0,1200.0,2,0.9928164052586217,-0.1063943964310223
436,Colombia,,3-68-0089,175,7.67,7.58,7.58,7.42,7.83,7.58,10.0,10.0,10.0,7.58,83.25,0.12,0,0.0,Green,1,"February 21st, 2013",Almacafé,e493c36c2d076bf273064f7ac23ad562af257a25,70d3c0c26f89e00fdae6fb39ff54f0d2eb1c38ab,m,175.0,175.0,175.0,2,0.9939162879959597,-0.3104823078619173
437,Colombia,,3-37-0661,de 1600 a 1950 msnm,7.67,7.67,7.5,7.5,7.58,7.67,10.0,10.0,10.0,7.67,83.25,0.11,0,0.0,Green,0,"February 8th, 2013",Almacafé,e493c36c2d076bf273064f7ac23ad562af257a25,70d3c0c26f89e00fdae6fb39ff54f0d2eb1c38ab,m,1600.0,1950.0,1775.0,2,1.00618331465327,0.00877208210440743
438,Colombia,,3-68-0205,1600-1800msnm,7.92,7.75,7.25,7.42,7.83,7.58,10.0,10.0,10.0,7.5,83.25,0.08,0,0.0,,0,"June 13th, 2012",Almacafé,e493c36c2d076bf273064f7ac23ad562af257a25,70d3c0c26f89e00fdae6fb39ff54f0d2eb1c38ab,m,1600.0,1800.0,1700.0,2,1.0734114528191805,-0.015081095365041604
439,Colombia,,3-68-0107,1880 msnm,8.0,7.67,7.67,7.25,7.67,7.5,10.0,10.0,10.0,7.5,83.25,0.13,0,0.0,,1,"February 22nd, 2012",Almacafé,e493c36c2d076bf273064f7ac23ad562af257a25,70d3c0c26f89e00fdae6fb39ff54f0d2eb1c38ab,m,1880.0,1880.0,1880.0,2,0.9949498105198878,0.023786652579136144
440,Colombia,,3-068-0108,1800 m.s.n.m,7.92,7.75,7.5,7.42,7.42,7.67,10.0,10.0,10.0,7.58,83.25,0.04,0,0.0,,1,"January 17th, 2012",Almacafé,e493c36c2d076bf273064f7ac23ad562af257a25,70d3c0c26f89e00fdae6fb39ff54f0d2eb1c38ab,m,1800.0,1800.0,1800.0,2,1.0890383073893375,-0.013075906782446143
441,Brazil,019/17,002/1660/0079,890,7.67,7.42,7.5,7.58,7.67,7.58,10.0,10.0,10.0,7.75,83.17,0.11,0,0.0,Green,4,"October 20th, 2018",Brazil Specialty Coffee Association,3297cfa4c538e3dd03f72cc4082c54f7999e1f9d,8900f0bf1d0b2bafe6807a73562c7677d57eb980,m,890.0,890.0,890.0,2,0.857694071038991,-0.18103586185239492
442,Guatemala,11/23/0673,11/23/0673,1901,7.58,7.58,7.33,7.67,7.75,7.58,10.0,10.0,10.0,7.67,83.17,0.1,0,0.0,Green,1,"August 24th, 2018",Asociacion Nacional Del Café,b1f20fe3a819fd6b2ee0eb8fdc3da256604f1e53,724f04ad10ed31dbb9d260f0dfd221ba48be8a95,m,1901.0,1901.0,1901.0,2,0.9216969209372625,0.030679166070058696
443,"Tanzania, United Republic Of",AA,033/0004,16.8,7.67,7.58,7.42,7.67,7.67,7.58,10.0,10.0,10.0,7.58,83.17,0.12,0,0.0,Green,3,"June 20th, 2018",Tanzanian Coffee Board,047484d5700c44f033915e632e0c6013d985cd79,127e651fc8b7c35802268599656f2c76bf041b15,m,168.0,168.0,168.0,2,0.8856507058532825,-0.31195296378655346
445,Vietnam,Oriental Paris Natural Coffee,,1550,7.58,7.42,7.08,7.33,7.58,8.58,10.0,10.0,10.0,7.58,83.17,0.07,0,0.0,,0,"May 8th, 2018",Specialty Coffee Association,36d0d00a3724338ba7937c52a378d085f2172daa,0878a7d4b9d35ddbf0fe2ce69a2062cceb45a660,m,1550.0,1550.0,1550.0,2,0.932304873389355,-0.050876928021593416
446,Guatemala,11/11711/58,11/11711/58,1500,7.67,7.75,7.42,7.75,7.58,7.5,10.0,10.0,10.0,7.5,83.17,0.11,2,2.0,Green,3,"May 23rd, 2017",Asociacion Nacional Del Café,b1f20fe3a819fd6b2ee0eb8fdc3da256604f1e53,724f04ad10ed31dbb9d260f0dfd221ba48be8a95,m,1500.0,1500.0,1500.0,2,0.8797577995214895,0.16058579458155575
447,Honduras,427,13-63-214,1450,7.67,7.67,7.5,7.67,7.5,7.67,10.0,10.0,10.0,7.5,83.17,0.11,0,1.0,Blue-Green,1,"May 2nd, 2017",Instituto Hondureño del Café,b4660a57e9f8cc613ae5b8f02bfce8634c763ab4,7f521ca403540f81ec99daec7da19c2788393880,m,1450.0,1450.0,1450.0,2,0.9402620533679704,0.05882030483911142
448,China,YNC-16056,,1200,7.5,7.67,7.33,7.67,7.67,7.67,10.0,10.0,10.0,7.67,83.17,0.11,0,0.0,Green,0,"April 6th, 2017",Yunnan Coffee Exchange,683fa6014608fc10ff681b0435b0b2dbe6df988f,f6d87a6c04653c569d4911a66f89d5e30ce83b93,m,1200.0,1200.0,1200.0,2,0.9329778012720114,-0.09907043360638532
449,China,YNC-16028,,1600,7.67,7.67,7.5,7.67,7.42,7.58,10.0,10.0,10.0,7.67,83.17,0.1,0,0.0,Green,3,"April 5th, 2017",Yunnan Coffee Exchange,683fa6014608fc10ff681b0435b0b2dbe6df988f,f6d87a6c04653c569d4911a66f89d5e30ce83b93,m,1600.0,1600.0,1600.0,2,0.8913527760291733,-0.035895856715110024
450,El Salvador,1,9-392-68,1350,7.5,7.5,7.33,7.67,8.0,7.67,10.0,10.0,10.0,7.5,83.17,0.0,0,0.0,Green,0,"March 29th, 2017",Salvadoran Coffee Council,3d4987e3b91399dbb3938b5bdf53893b6ef45be1,27b21e368fb8291cbea02c60623fe6c98f84524d,m,1350.0,1350.0,1350.0,2,1.1081708903331655,-0.10544071175835357
451,Guatemala,,11/11711/1,1500msnm,7.5,7.75,7.5,7.83,7.58,7.5,10.0,10.0,10.0,7.5,83.17,0.11,0,0.0,Green,1,"October 28th, 2016",Asociacion Nacional Del Café,b1f20fe3a819fd6b2ee0eb8fdc3da256604f1e53,724f04ad10ed31dbb9d260f0dfd221ba48be8a95,m,1500.0,1500.0,1500.0,2,0.9275177729075431,-0.040628836799528924
452,Guatemala,,11/23/2004,1400-1900 psn,7.92,7.67,7.42,7.75,7.5,7.5,10.0,10.0,10.0,7.42,83.17,0.12,0,0.0,Green,3,"September 28th, 2016",Asociacion Nacional Del Café,b1f20fe3a819fd6b2ee0eb8fdc3da256604f1e53,724f04ad10ed31dbb9d260f0dfd221ba48be8a95,m,1400.0,1900.0,1650.0,2,0.8979888536565156,-0.01733891476068683
453,Kenya,,37-0843-3305,approx.1'500 metres a.s.l.,7.83,7.75,7.67,7.75,7.83,8.5,9.33,9.33,9.33,7.83,83.17,0.1,0,0.0,Bluish-Green,1,"July 2nd, 2016",Kenya Coffee Traders Association,ccba45b89d859740b749878be8c6d16fbdb96c2e,d752c909a015f3c76224b3c5cc520f8a67afda74,m,1.0,500.0,250.5,2,1.752683999948569,-0.28795756756351854
454,Thailand,,-,800++,7.67,7.58,7.58,7.75,7.42,7.67,10.0,10.0,10.0,7.5,83.17,0.12,0,0.0,Bluish-Green,0,"June 8th, 2016",Specialty Coffee Association,36d0d00a3724338ba7937c52a378d085f2172daa,0878a7d4b9d35ddbf0fe2ce69a2062cceb45a660,m,800.0,800.0,800.0,2,0.9181458213526271,-0.17531419332132023
455,"Tanzania, United Republic Of",,C9,1653,7.58,7.67,7.67,7.58,7.42,7.58,10.0,10.0,10.0,7.67,83.17,0.13,0,0.0,Bluish-Green,6,"December 12th, 2015",Africa Fine Coffee Association,073285c0d45e2f5539012d969937e529564fa6fe,c4ab13415cdd69376a93780c0166e7b1a10481ea,m,1653.0,1653.0,1653.0,2,0.7968764889211595,-0.030642506931064996
456,Colombia,,3-37-0119,de 1600 a 1950 msnm,7.58,7.5,7.5,7.67,7.5,7.67,10.0,10.0,10.0,7.75,83.17,0.0,0,0.0,,4,"November 5th, 2015",Almacafé,e493c36c2d076bf273064f7ac23ad562af257a25,70d3c0c26f89e00fdae6fb39ff54f0d2eb1c38ab,m,1600.0,1950.0,1775.0,2,0.9863426425361673,-0.037344795887578414
457,Uganda,,0,1800,8.0,7.67,7.5,7.42,7.33,7.58,10.0,10.0,10.0,7.67,83.17,0.1,0,0.0,Bluish-Green,0,"October 28th, 2015",Uganda Coffee Development Authority,188fe373b511e21f614564bf86aa4774270d8e04,b7614767a5343729bbde3a2777c60ce836aed928,m,1800.0,1800.0,1800.0,2,0.9149996489559861,0.008079984632653546
459,Honduras,,13-01-2369,1450 msnn,7.5,7.5,7.5,7.67,7.67,7.67,10.0,10.0,10.0,7.67,83.17,0.1,0,0.0,Green,5,"April 12th, 2015",Instituto Hondureño del Café,b4660a57e9f8cc613ae5b8f02bfce8634c763ab4,7f521ca403540f81ec99daec7da19c2788393880,m,1450.0,1450.0,1450.0,2,0.8611987451656486,-0.0736760754752215
460,Honduras,,13-111-193,1350,7.67,7.67,7.5,7.67,7.5,7.67,10.0,10.0,10.0,7.5,83.17,0.11,0,0.0,Green,3,"April 8th, 2015",Instituto Hondureño del Café,b4660a57e9f8cc613ae5b8f02bfce8634c763ab4,7f521ca403540f81ec99daec7da19c2788393880,m,1350.0,1350.0,1350.0,2,0.8944526868228256,-0.08152109686997634
461,Guatemala,,11-326-10,5000 pies,7.33,7.83,7.17,8.17,7.33,7.67,10.0,10.0,10.0,7.67,83.17,0.09,0,0.0,Green,1,"March 27th, 2015",Asociacion Nacional Del Café,b1f20fe3a819fd6b2ee0eb8fdc3da256604f1e53,724f04ad10ed31dbb9d260f0dfd221ba48be8a95,ft,1524.0,1524.0,1524.0,2,0.912921220146774,-0.02903280446744449
463,"Tanzania, United Republic Of",,4,1800,7.58,7.5,7.58,7.75,7.58,7.58,10.0,10.0,10.0,7.58,83.17,0.12,0,0.0,Green,1,"January 31st, 2015",Tanzanian Coffee Board,047484d5700c44f033915e632e0c6013d985cd79,127e651fc8b7c35802268599656f2c76bf041b15,m,1800.0,1800.0,1800.0,2,0.876779698803375,0.017120477431427923
464,Guatemala,,11/23/0465,4300,7.67,7.83,7.33,7.67,7.5,7.67,10.0,10.0,10.0,7.5,83.17,0.11,0,0.0,Green,2,"April 26th, 2014",Asociacion Nacional Del Café,b1f20fe3a819fd6b2ee0eb8fdc3da256604f1e53,724f04ad10ed31dbb9d260f0dfd221ba48be8a95,ft,1310.64,1310.64,1310.64,2,0.9008065279745857,-0.08279447326659177
465,Mexico,,016-2129,1500,7.75,7.58,7.58,7.58,7.5,7.42,10.0,10.0,10.0,7.75,83.17,0.11,0,0.0,Green,2,"March 29th, 2014",AMECAFE,59e396ad6e22a1c22b248f958e1da2bd8af85272,0eb4ee5b3f47b20b049548a2fd1e7d4a2b70d0a7,m,1500.0,1500.0,1500.0,2,0.8625053720541486,-0.05233223008736033
466,Mexico,,1702765464,532,7.75,7.67,7.58,7.5,7.42,7.58,10.0,10.0,10.0,7.67,83.17,0.12,3,0.0,,8,"September 27th, 2013",AMECAFE,59e396ad6e22a1c22b248f958e1da2bd8af85272,0eb4ee5b3f47b20b049548a2fd1e7d4a2b70d0a7,m,532.0,532.0,532.0,2,0.7124627709052797,-0.28902960751181805
467,Mexico,,1702771046,1089,7.58,7.75,7.42,7.67,7.5,7.58,10.0,10.0,10.0,7.67,83.17,0.14,0,0.0,,10,"September 27th, 2013",AMECAFE,59e396ad6e22a1c22b248f958e1da2bd8af85272,0eb4ee5b3f47b20b049548a2fd1e7d4a2b70d0a7,m,1089.0,1089.0,1089.0,2,0.71905904146828,-0.14759272261778095
468,Colombia,,3-37-1691,de 1.600 a 1.950 msnm,7.67,7.5,7.5,7.5,7.58,8.17,10.0,10.0,10.0,7.25,83.17,0.11,1,0.0,Green,2,"August 31st, 2013",Almacafé,e493c36c2d076bf273064f7ac23ad562af257a25,70d3c0c26f89e00fdae6fb39ff54f0d2eb1c38ab,m,1600.0,1950.0,1775.0,2,0.8908168823782036,-0.00825000555258461
469,Mexico,,1702766681,700,7.75,7.5,7.42,7.75,7.58,7.58,10.0,10.0,10.0,7.58,83.17,0.13,0,0.0,Green,5,"July 11th, 2013",AMECAFE,59e396ad6e22a1c22b248f958e1da2bd8af85272,0eb4ee5b3f47b20b049548a2fd1e7d4a2b70d0a7,m,700.0,700.0,700.0,2,0.8064696434127214,-0.20918389361854237
470,Colombia,,3-68-0140,1750 msnm,7.58,7.67,7.5,7.58,7.67,7.67,10.0,10.0,10.0,7.5,83.17,0.11,0,0.0,Blue-Green,0,"June 8th, 2013",Almacafé,e493c36c2d076bf273064f7ac23ad562af257a25,70d3c0c26f89e00fdae6fb39ff54f0d2eb1c38ab,m,1750.0,1750.0,1750.0,2,0.9325697898354541,0.006075661343864479
471,Mexico,,2222,1380,7.5,7.75,7.58,7.58,7.67,7.5,10.0,10.0,10.0,7.58,83.17,0.11,0,0.0,,5,"June 6th, 2013",AMECAFE,59e396ad6e22a1c22b248f958e1da2bd8af85272,0eb4ee5b3f47b20b049548a2fd1e7d4a2b70d0a7,m,1380.0,1380.0,1380.0,2,0.8496395441552851,-0.08515046376954623
472,Brazil,,002/1251/0250,1000m,7.75,7.67,7.58,7.5,7.58,7.58,10.0,10.0,10.0,7.5,83.17,0.12,0,0.0,Green,1,"March 19th, 2013",NUCOFFEE,567f200bcc17a90070cb952647bf88141ad9c80c,aa2ff513ffb9c844462a1fb07c599bce7f3bb53d,m,1000.0,1000.0,1000.0,2,0.8953176397635686,-0.14488702278941293
473,Brazil,,002/1251/0245,950m,7.92,7.58,7.5,7.58,7.42,7.5,10.0,10.0,10.0,7.67,83.17,0.11,0,0.0,Green,4,"February 16th, 2013",NUCOFFEE,567f200bcc17a90070cb952647bf88141ad9c80c,aa2ff513ffb9c844462a1fb07c599bce7f3bb53d,m,950.0,950.0,950.0,2,0.8378793021539375,-0.16673242713009007
474,Guatemala,,11-26-0236,4600 ft.,7.75,7.5,7.67,7.5,7.92,8.0,10.0,10.0,9.33,7.5,83.17,0.0,0,0.0,Green,10,"January 31st, 2013",Specialty Coffee Association,36d0d00a3724338ba7937c52a378d085f2172daa,0878a7d4b9d35ddbf0fe2ce69a2062cceb45a660,ft,1402.08,1402.08,1402.08,2,1.195881765342059,-0.13083261430331214
475,Brazil,,002/1251/0075,1000m,7.75,7.5,7.58,7.5,7.75,7.5,10.0,10.0,10.0,7.58,83.17,0.12,0,0.0,Blue-Green,3,"December 2nd, 2012",NUCOFFEE,567f200bcc17a90070cb952647bf88141ad9c80c,aa2ff513ffb9c844462a1fb07c599bce7f3bb53d,m,1000.0,1000.0,1000.0,2,0.8589051086466446,-0.1536485973896491
476,Brazil,,,900m,7.58,7.75,7.67,7.5,7.67,7.58,10.0,10.0,10.0,7.42,83.17,0.02,0,0.0,,2,"October 27th, 2012",NUCOFFEE,567f200bcc17a90070cb952647bf88141ad9c80c,aa2ff513ffb9c844462a1fb07c599bce7f3bb53d,m,900.0,900.0,900.0,2,1.0430143476851987,-0.19910396325955543
477,El Salvador,,9-29-1990,1200 mts,7.42,7.83,8.17,8.08,7.17,7.58,10.0,9.33,10.0,7.58,83.17,0.14,0,0.0,,3,"August 22nd, 2012",Specialty Coffee Association,36d0d00a3724338ba7937c52a378d085f2172daa,0878a7d4b9d35ddbf0fe2ce69a2062cceb45a660,m,1200.0,1200.0,1200.0,2,1.1763865655898653,-0.09617888913543136
478,Ethiopia,,010/0182/0008,1850 m,7.75,8.0,7.67,8.08,7.83,7.92,9.33,9.33,9.33,7.92,83.17,0.01,0,0.0,,0,"June 16th, 2011",Ethiopia Commodity Exchange,a176532400aebdc345cf3d870f84ed3ecab6249e,61bbaf6a9f341e5782b8e7bd3ebf76aac89fe24b,m,1850.0,1850.0,1850.0,2,1.88978905248558,0.013459615494782869
479,Colombia,3-59-1694,3-59-1694,1799,7.58,7.67,7.33,7.67,7.75,7.58,10.0,10.0,10.0,7.5,83.08,0.0,0,1.0,Green,4,"February 20th, 2018",Almacafé,e493c36c2d076bf273064f7ac23ad562af257a25,70d3c0c26f89e00fdae6fb39ff54f0d2eb1c38ab,m,1799.0,1799.0,1799.0,2,0.949006409762095,0.08360085926621318
481,Brazil,261/15,002/1660/0049,905,7.58,7.58,7.58,7.5,7.67,7.58,10.0,10.0,10.0,7.58,83.08,0.11,0,2.0,Bluish-Green,2,"April 25th, 2017",Brazil Specialty Coffee Association,3297cfa4c538e3dd03f72cc4082c54f7999e1f9d,8900f0bf1d0b2bafe6807a73562c7677d57eb980,m,905.0,905.0,905.0,2,0.8158558295329305,0.05598049637387827
482,Brazil,,002/4177/0164,1,7.33,7.67,7.67,7.33,7.75,7.42,10.0,10.0,10.0,7.92,83.08,0.0,0,0.0,Green,3,"October 7th, 2016",Brazil Specialty Coffee Association,3297cfa4c538e3dd03f72cc4082c54f7999e1f9d,8900f0bf1d0b2bafe6807a73562c7677d57eb980,m,1.0,1.0,1.0,2,0.9256140370677516,-0.3915512713995552
483,Taiwan,,Taiwan,700-800m,7.83,7.92,7.5,7.83,7.67,7.25,9.33,10.0,10.0,7.75,83.08,0.0,0,0.0,Green,0,"May 18th, 2016",Specialty Coffee Association,36d0d00a3724338ba7937c52a378d085f2172daa,0878a7d4b9d35ddbf0fe2ce69a2062cceb45a660,m,700.0,800.0,750.0,2,1.2395965308891062,-0.21866910740074766
485,Brazil,,002/1660/0064,1200,7.58,7.83,7.67,7.42,7.42,7.5,10.0,10.0,10.0,7.67,83.08,0.0,0,0.0,Green,1,"October 16th, 2015",Specialty Coffee Association,36d0d00a3724338ba7937c52a378d085f2172daa,0878a7d4b9d35ddbf0fe2ce69a2062cceb45a660,m,1200.0,1200.0,1200.0,2,0.9658877224848301,-0.14457479545254964
486,Costa Rica,,05-0048-0171,1200-1400,7.83,7.33,7.5,7.67,7.58,7.67,10.0,10.0,10.0,7.5,83.08,0.1,0,0.0,Green,3,"July 15th, 2015",Specialty Coffee Association of Costa Rica,8e0b118f3cf3121ab27c5387deacdb7d4d2a60b1,5eb2b7129d9714c43825e44dc3bca9423de209e9,m,1200.0,1400.0,1300.0,2,0.7957506892667812,-0.09763033069910135
488,Taiwan,,,1300 m,7.75,7.75,7.5,7.5,7.5,7.5,10.0,10.0,10.0,7.58,83.08,0.11,0,0.0,,0,"December 26th, 2014",Blossom Valley International,fc45352eee499d8470cf94c9827922fb745bf815,de73fc9412358b523d3a641501e542f31d2668b0,m,1300.0,1300.0,1300.0,2,0.8293551517262139,-0.08438819253803118
490,Mexico,,1405830166,1400,7.75,7.67,7.42,7.75,7.5,7.5,10.0,10.0,10.0,7.5,83.08,0.1,0,0.0,,1,"June 6th, 2013",AMECAFE,59e396ad6e22a1c22b248f958e1da2bd8af85272,0eb4ee5b3f47b20b049548a2fd1e7d4a2b70d0a7,m,1400.0,1400.0,1400.0,2,0.8408484764821111,-0.06491538592728947
493,Colombia,,3-37-2781,de 1.600 a 1.950 msn,7.33,7.33,7.33,7.58,7.25,8.08,10.0,10.0,10.0,8.17,83.08,0.01,0,0.0,,0,"July 28th, 2012",Almacafé,e493c36c2d076bf273064f7ac23ad562af257a25,70d3c0c26f89e00fdae6fb39ff54f0d2eb1c38ab,m,1600.0,1950.0,1775.0,2,0.8323617078153505,-0.020854703378777047
494,Colombia,,3-68-0129,1880 msnm,7.83,7.75,7.33,7.25,7.42,7.92,10.0,10.0,10.0,7.58,83.08,0.08,1,0.0,,3,"February 22nd, 2012",Almacafé,e493c36c2d076bf273064f7ac23ad562af257a25,70d3c0c26f89e00fdae6fb39ff54f0d2eb1c38ab,m,1880.0,1880.0,1880.0,2,0.7787616721919584,-0.003728775838662466
495,Indonesia,,,1300-1400m,7.67,7.58,7.5,7.58,7.67,7.58,10.0,10.0,10.0,7.5,83.08,0.0,0,0.0,,0,"November 29th, 2011",Specialty Coffee Association of Indonesia,99fa73db21b7acd9c9ceb9dd84e409d2077d55c4,36910838db193ebdd61fa1427bac74622114c49a,m,1300.0,1400.0,1350.0,2,0.9871107093265958,-0.10783780841790264
497,Brazil,020/17,002/1660/0080,890,7.58,7.5,7.5,7.75,7.67,7.5,10.0,10.0,10.0,7.5,83.0,0.0,0,0.0,Green,4,"October 20th, 2018",Brazil Specialty Coffee Association,3297cfa4c538e3dd03f72cc4082c54f7999e1f9d,8900f0bf1d0b2bafe6807a73562c7677d57eb980,m,890.0,890.0,890.0,2,0.8578844269972675,-0.21020398411537217
498,Brazil,007/16A,002/1660/0105,894,7.5,7.58,7.58,7.67,7.58,7.5,10.0,10.0,10.0,7.58,83.0,0.11,0,3.0,Green,5,"August 16th, 2017",Brazil Specialty Coffee Association,3297cfa4c538e3dd03f72cc4082c54f7999e1f9d,8900f0bf1d0b2bafe6807a73562c7677d57eb980,m,894.0,894.0,894.0,2,0.6942759109064554,0.1607831537463543
499,Brazil,007/16F,002/1660/0105,872,7.5,7.67,7.58,7.67,7.58,7.42,10.0,10.0,10.0,7.58,83.0,0.11,0,2.0,Bluish-Green,3,"August 16th, 2017",Brazil Specialty Coffee Association,3297cfa4c538e3dd03f72cc4082c54f7999e1f9d,8900f0bf1d0b2bafe6807a73562c7677d57eb980,m,872.0,872.0,872.0,2,0.7294214335071206,0.05069536187950639
500,Uganda,201501,C201501,1473,7.67,7.58,7.42,7.42,7.83,7.5,10.0,10.0,10.0,7.58,83.0,0.12,0,0.0,Green,6,"July 18th, 2017",Uganda Coffee Development Authority,188fe373b511e21f614564bf86aa4774270d8e04,b7614767a5343729bbde3a2777c60ce836aed928,m,1473.0,1473.0,1473.0,2,0.6581087134395597,-0.07262038900329322
501,Uganda,201502,C201502,1645,7.67,7.67,7.5,7.58,7.42,7.5,10.0,10.0,10.0,7.67,83.0,0.12,0,5.0,Green,8,"July 18th, 2017",Uganda Coffee Development Authority,188fe373b511e21f614564bf86aa4774270d8e04,b7614767a5343729bbde3a2777c60ce836aed928,m,1645.0,1645.0,1645.0,2,0.6411123474985239,0.5278815751649698
502,Colombia,3-59-1773,3-59-1773,442,7.67,7.67,7.33,7.67,7.5,7.58,10.0,10.0,10.0,7.58,83.0,0.11,0,0.0,Green,4,"February 10th, 2017",Almacafé,e493c36c2d076bf273064f7ac23ad562af257a25,70d3c0c26f89e00fdae6fb39ff54f0d2eb1c38ab,m,442.0,442.0,442.0,2,0.6850252086583308,-0.26298432216228884
503,Vietnam,,,1550,7.75,7.67,7.58,7.58,7.42,7.67,9.33,10.0,10.0,8.0,83.0,0.0,0,0.0,Green,0,"December 27th, 2016",Specialty Coffee Association,36d0d00a3724338ba7937c52a378d085f2172daa,0878a7d4b9d35ddbf0fe2ce69a2062cceb45a660,m,1550.0,1550.0,1550.0,2,1.0884393592958368,-0.06997633473690153
504,Guatemala,,11-973-94,1300 a 1800 metros sobre el nivel del mar,7.67,7.75,7.33,7.92,7.42,7.5,10.0,10.0,10.0,7.42,83.0,0.11,0,0.0,Green,3,"July 7th, 2016",Asociacion Nacional Del Café,b1f20fe3a819fd6b2ee0eb8fdc3da256604f1e53,724f04ad10ed31dbb9d260f0dfd221ba48be8a95,m,1300.0,1800.0,1550.0,2,0.7245669029146126,-0.034200771459396775
505,Guatemala,,11/326/19,4500 pies,7.75,7.67,7.33,7.75,7.5,7.42,10.0,10.0,10.0,7.58,83.0,0.11,0,0.0,Green,2,"June 4th, 2016",Asociacion Nacional Del Café,b1f20fe3a819fd6b2ee0eb8fdc3da256604f1e53,724f04ad10ed31dbb9d260f0dfd221ba48be8a95,ft,1371.6,1371.6,1371.6,2,0.7140766097359218,-0.07085616219592013
506,Guatemala,,11/11711/38,1500msnm,7.83,7.67,7.25,7.67,7.75,7.5,10.0,10.0,10.0,7.33,83.0,0.11,0,0.0,Green,2,"April 22nd, 2016",Asociacion Nacional Del Café,b1f20fe3a819fd6b2ee0eb8fdc3da256604f1e53,724f04ad10ed31dbb9d260f0dfd221ba48be8a95,m,1500.0,1500.0,1500.0,2,0.7544862028942383,-0.047103456463631725
507,Brazil,,651,900-1100,7.67,7.67,7.67,7.5,7.42,7.5,10.0,10.0,10.0,7.58,83.0,0.0,0,0.0,Green,0,"February 13th, 2016",Brazil Specialty Coffee Association,3297cfa4c538e3dd03f72cc4082c54f7999e1f9d,8900f0bf1d0b2bafe6807a73562c7677d57eb980,m,900.0,1100.0,1000.0,2,0.9019866040564871,-0.17974611425701495
508,Taiwan,,Taiwan台灣,1200,7.92,7.92,7.83,7.58,7.33,7.25,10.0,10.0,10.0,7.17,83.0,0.08,0,0.0,Green,0,"November 23rd, 2015",Blossom Valley International,fc45352eee499d8470cf94c9827922fb745bf815,de73fc9412358b523d3a641501e542f31d2668b0,m,1200.0,1200.0,1200.0,2,0.8487381008719433,-0.11325517404817992
509,Uganda,,0,1800,7.83,7.58,7.5,7.5,7.58,7.5,10.0,10.0,10.0,7.5,83.0,0.12,0,0.0,Green,0,"June 26th, 2015",Uganda Coffee Development Authority,188fe373b511e21f614564bf86aa4774270d8e04,b7614767a5343729bbde3a2777c60ce836aed928,m,1800.0,1800.0,1800.0,2,0.7301378846101736,0.015283494238307523
510,United States (Puerto Rico),,,2800 ft,7.67,7.5,7.67,7.83,7.75,7.83,10.0,10.0,9.33,7.42,83.0,0.0,0,0.0,Bluish-Green,0,"June 9th, 2015",Specialty Coffee Association,36d0d00a3724338ba7937c52a378d085f2172daa,0878a7d4b9d35ddbf0fe2ce69a2062cceb45a660,ft,853.44,853.44,853.44,2,1.179610119874537,-0.1945078484305534
511,Guatemala,,11-11711-86 (SV),1500 msnm,7.67,7.67,7.42,7.83,7.5,7.5,10.0,10.0,10.0,7.42,83.0,0.1,1,0.0,Green,0,"March 7th, 2015",Asociacion Nacional Del Café,b1f20fe3a819fd6b2ee0eb8fdc3da256604f1e53,724f04ad10ed31dbb9d260f0dfd221ba48be8a95,m,1500.0,1500.0,1500.0,2,0.7610835286768856,-0.048509546168175176
512,Costa Rica,,5-0048-0022,1100-1300,7.67,7.58,7.5,7.58,7.5,7.5,10.0,10.0,10.0,7.67,83.0,0.11,0,0.0,Green,3,"February 14th, 2015",Specialty Coffee Association of Costa Rica,8e0b118f3cf3121ab27c5387deacdb7d4d2a60b1,5eb2b7129d9714c43825e44dc3bca9423de209e9,m,1100.0,1300.0,1200.0,2,0.6812697813680534,-0.11436123746807131
513,Brazil,,002/1352/0077,1250,7.75,7.58,7.42,7.67,7.42,7.67,10.0,10.0,10.0,7.5,83.0,0.12,0,0.0,Bluish-Green,4,"January 2nd, 2015",Specialty Coffee Association,36d0d00a3724338ba7937c52a378d085f2172daa,0878a7d4b9d35ddbf0fe2ce69a2062cceb45a660,m,1250.0,1250.0,1250.0,2,0.6706587031685323,-0.10182492341614884
514,Colombia,,3-37-0281,1600 - 1950 msnm,7.75,7.42,7.33,7.5,7.58,7.17,10.0,10.0,10.0,8.25,83.0,0.11,1,0.0,Green,1,"November 7th, 2014",Almacafé,e493c36c2d076bf273064f7ac23ad562af257a25,70d3c0c26f89e00fdae6fb39ff54f0d2eb1c38ab,m,1600.0,1950.0,1775.0,2,0.616998034510101,-0.004934502140553517
515,Colombia,,3-68-0248,1750 msnm,7.83,7.5,7.58,7.33,7.5,7.67,10.0,10.0,10.0,7.58,83.0,0.0,0,0.0,Green,0,"August 2nd, 2014",Almacafé,e493c36c2d076bf273064f7ac23ad562af257a25,70d3c0c26f89e00fdae6fb39ff54f0d2eb1c38ab,m,1750.0,1750.0,1750.0,2,0.8694245894575376,-0.03708166689224785
516,Colombia,,3-59-1150,1000 msnm,7.33,7.67,7.75,7.42,7.75,7.58,10.0,10.0,10.0,7.5,83.0,0.11,0,0.0,Green,1,"March 15th, 2014",Almacafé,e493c36c2d076bf273064f7ac23ad562af257a25,70d3c0c26f89e00fdae6fb39ff54f0d2eb1c38ab,m,1000.0,1000.0,1000.0,2,0.7513992935582371,-0.1515766098811584
517,Colombia,,3-59-1327,1000 msnm,7.58,7.75,7.42,7.67,7.58,7.42,10.0,10.0,10.0,7.58,83.0,0.0,0,0.0,Green,2,"April 26th, 2014",Almacafé,e493c36c2d076bf273064f7ac23ad562af257a25,70d3c0c26f89e00fdae6fb39ff54f0d2eb1c38ab,m,1000.0,1000.0,1000.0,2,0.8667320028481597,-0.17976245945337235
518,Colombia,,3-37-0021,de 1600 a 1950 msnm,7.5,7.5,7.42,7.58,7.75,7.58,10.0,10.0,10.0,7.67,83.0,0.11,1,0.0,Green,2,"October 23rd, 2013",Almacafé,e493c36c2d076bf273064f7ac23ad562af257a25,70d3c0c26f89e00fdae6fb39ff54f0d2eb1c38ab,m,1600.0,1950.0,1775.0,2,0.6776883453321736,-0.006145317468460705
519,Mexico,,1104362909,750,7.67,7.58,7.42,7.5,7.67,7.58,10.0,10.0,10.0,7.58,83.0,0.11,0,0.0,Green,20,"July 26th, 2013",AMECAFE,59e396ad6e22a1c22b248f958e1da2bd8af85272,0eb4ee5b3f47b20b049548a2fd1e7d4a2b70d0a7,m,750.0,750.0,750.0,2,0.44091915638705254,-0.2661315876064227
520,Mexico,,1302911347,1200,7.67,7.83,7.5,7.58,7.58,7.67,9.33,10.0,10.0,7.83,83.0,0.11,0,0.0,Green,7,"July 26th, 2013",AMECAFE,59e396ad6e22a1c22b248f958e1da2bd8af85272,0eb4ee5b3f47b20b049548a2fd1e7d4a2b70d0a7,m,1200.0,1200.0,1200.0,2,0.8494238178544558,-0.12769993863919474
521,Mexico,,2222,1200,7.5,7.67,7.5,7.5,7.58,7.58,10.0,10.0,10.0,7.67,83.0,0.11,5,0.0,Green,8,"July 11th, 2013",AMECAFE,59e396ad6e22a1c22b248f958e1da2bd8af85272,0eb4ee5b3f47b20b049548a2fd1e7d4a2b70d0a7,m,1200.0,1200.0,1200.0,2,0.5039056135948792,-0.17759952385420255
523,Colombia,,3-68-0124,1500-1750 msnm,7.75,7.58,7.5,7.67,7.83,7.75,9.33,10.0,10.0,7.58,83.0,0.0,0,0.0,Green,4,"May 11th, 2013",Almacafé,e493c36c2d076bf273064f7ac23ad562af257a25,70d3c0c26f89e00fdae6fb39ff54f0d2eb1c38ab,m,1500.0,1750.0,1625.0,2,1.0765232641112925,-0.06717376014472029
524,Colombia,,3-68-0141,1750 msnm,7.67,7.58,7.58,7.58,7.67,7.42,10.0,10.0,10.0,7.5,83.0,0.11,0,0.0,Green,0,"June 8th, 2013",Almacafé,e493c36c2d076bf273064f7ac23ad562af257a25,70d3c0c26f89e00fdae6fb39ff54f0d2eb1c38ab,m,1750.0,1750.0,1750.0,2,0.7508159737670416,0.0043805601192029656
525,Guatemala,,11/194/07,4500,7.5,7.67,7.5,7.67,7.5,7.83,10.0,10.0,10.0,7.33,83.0,0.1,0,0.0,Green,2,"April 27th, 2013",Asociacion Nacional Del Café,b1f20fe3a819fd6b2ee0eb8fdc3da256604f1e53,724f04ad10ed31dbb9d260f0dfd221ba48be8a95,ft,1371.6,1371.6,1371.6,2,0.7387667575412108,-0.07613896110821265
526,Colombia,,3-37-0170,1600 - 1950 msnm,7.67,7.67,7.58,7.5,7.67,7.42,10.0,10.0,10.0,7.5,83.0,0.12,0,0.0,Bluish-Green,0,"December 1st, 2012",Almacafé,e493c36c2d076bf273064f7ac23ad562af257a25,70d3c0c26f89e00fdae6fb39ff54f0d2eb1c38ab,m,1600.0,1950.0,1775.0,2,0.7462382237548311,0.011296092024186669
528,Colombia,,3-37,1050 - 1850 msnm,7.33,7.67,7.58,7.33,7.58,7.92,10.0,10.0,10.0,7.58,83.0,0.08,0,0.0,,1,"May 11th, 2012",Almacafé,e493c36c2d076bf273064f7ac23ad562af257a25,70d3c0c26f89e00fdae6fb39ff54f0d2eb1c38ab,m,1050.0,1850.0,1450.0,2,0.7421242979254357,-0.07242636120949783
531,Colombia,,3-68-0140,1800 msnm,7.5,7.58,7.67,7.67,7.58,7.58,10.0,10.0,10.0,7.42,83.0,0.06,0,0.0,,2,"February 1st, 2012",Almacafé,e493c36c2d076bf273064f7ac23ad562af257a25,70d3c0c26f89e00fdae6fb39ff54f0d2eb1c38ab,m,1800.0,1800.0,1800.0,2,0.788022627366851,-0.006519631965619716
534,Brazil,020/17,002/1660/0080,890,7.67,7.58,7.5,7.58,7.58,7.5,10.0,10.0,10.0,7.5,82.92,0.0,0,0.0,Green,0,"October 20th, 2018",Brazil Specialty Coffee Association,3297cfa4c538e3dd03f72cc4082c54f7999e1f9d,8900f0bf1d0b2bafe6807a73562c7677d57eb980,m,890.0,890.0,890.0,2,0.8105458062129819,-0.19890083263997732
535,El Salvador,1-198,09-030-273,1350,7.5,7.5,7.75,7.58,7.92,7.83,10.0,10.0,9.33,7.5,82.92,0.0,0,0.0,Green,1,"August 28th, 2018",Salvadoran Coffee Council,3d4987e3b91399dbb3938b5bdf53893b6ef45be1,27b21e368fb8291cbea02c60623fe6c98f84524d,m,1350.0,1350.0,1350.0,2,1.068413002444633,-0.10762959830909179
536,Colombia,3-37-4468,3-37-4468,1500,7.58,7.67,7.5,7.33,7.67,7.58,10.0,10.0,10.0,7.58,82.92,0.11,0,0.0,Green,1,"July 7th, 2018",Almacafé,e493c36c2d076bf273064f7ac23ad562af257a25,70d3c0c26f89e00fdae6fb39ff54f0d2eb1c38ab,m,1500.0,1500.0,1500.0,2,0.6368917453311136,-0.05381497739390708
537,Taiwan,2016 Tainan Coffee Cupping Event Micro Lot 臺南市咖啡評鑑批次,Taiwan,350,7.17,7.83,7.25,7.67,7.67,7.58,10.0,10.0,10.0,7.75,82.92,0.09,31,0.0,Green,0,"June 28th, 2017",Specialty Coffee Association,36d0d00a3724338ba7937c52a378d085f2172daa,0878a7d4b9d35ddbf0fe2ce69a2062cceb45a660,m,350.0,350.0,350.0,0,0.03807094350061997,-0.5438806688560195
538,Ethiopia,none,010/0357/0085,2000,7.58,7.58,7.5,7.5,7.58,7.58,10.0,10.0,10.0,7.58,82.92,0.0,1,0.0,Bluish-Green,20,"February 25th, 2017",Blossom Valley International,fc45352eee499d8470cf94c9827922fb745bf815,de73fc9412358b523d3a641501e542f31d2668b0,m,2000.0,2000.0,2000.0,2,0.4651949431132125,-0.06429914306395265
539,Taiwan,,123,775,7.5,7.58,7.67,7.33,7.5,7.75,10.0,10.0,10.0,7.58,82.92,0.0,0,0.0,Green,9,"September 6th, 2016",Blossom Valley International,fc45352eee499d8470cf94c9827922fb745bf815,de73fc9412358b523d3a641501e542f31d2668b0,m,775.0,775.0,775.0,2,0.6549813096326068,-0.2616119929616181
540,Philippines,,444,1200 masl,7.58,7.58,7.67,7.58,7.5,7.5,10.0,10.0,10.0,7.5,82.92,0.11,0,0.0,Blue-Green,1,"July 30th, 2016",Torch Coffee Lab Yunnan,280c299bf8f7e7bd526e0fc5e1d209b361120d7f,2ce3fe88323f4b924d3a0a84f6d5ae006a091256,m,1200.0,1200.0,1200.0,2,0.639235836040692,-0.10845402541406722
541,Philippines,,,1600 + meters above sea level,8.08,7.5,7.67,7.42,7.33,7.5,10.0,10.0,10.0,7.42,82.92,0.0,0,0.0,Bluish-Green,0,"July 20th, 2016",Specialty Coffee Association,36d0d00a3724338ba7937c52a378d085f2172daa,0878a7d4b9d35ddbf0fe2ce69a2062cceb45a660,m,1600.0,1600.0,1600.0,2,0.8062453030924217,-0.06516316697604244
542,Mexico,,4,1059,7.83,7.67,7.25,7.58,7.5,7.5,10.0,10.0,10.0,7.58,82.92,0.13,0,0.0,Blue-Green,3,"July 13th, 2016",Asociación Mexicana De Cafés y Cafeterías De Especialidad A.C.,3441698871fa609a44ce947e8944ee42eb4428b9,9894541e8065ee718165a1d432389d114defc38c,m,1059.0,1059.0,1059.0,2,0.5642294695263881,-0.13305412029206803
543,Mexico,,16,1300 meters,7.75,7.67,7.42,7.42,7.75,7.5,10.0,10.0,10.0,7.42,82.92,0.12,2,0.0,Bluish-Green,8,"June 10th, 2016",Specialty Coffee Association,36d0d00a3724338ba7937c52a378d085f2172daa,0878a7d4b9d35ddbf0fe2ce69a2062cceb45a660,m,1300.0,1300.0,1300.0,2,0.514239976421004,-0.1300975142635213
544,Brazil,,999,11000 metros,7.08,7.5,7.5,7.83,7.75,7.67,10.0,10.0,10.0,7.58,82.92,0.11,0,0.0,Green,16,"August 15th, 2015",Brazil Specialty Coffee Association,3297cfa4c538e3dd03f72cc4082c54f7999e1f9d,8900f0bf1d0b2bafe6807a73562c7677d57eb980,m,11000.0,11000.0,11000.0,2,0.37701516842815075,1.7721807606727966
545,Uganda,,0,1400-1900,8.0,7.5,7.5,7.58,7.33,7.42,10.0,10.0,10.0,7.58,82.92,0.12,0,0.0,Green,0,"June 27th, 2015",Uganda Coffee Development Authority,188fe373b511e21f614564bf86aa4774270d8e04,b7614767a5343729bbde3a2777c60ce836aed928,m,1400.0,1900.0,1650.0,2,0.6101818287845853,-0.012426214108887045
546,Uganda,,0,1400,7.75,7.58,7.58,7.5,7.5,7.5,10.0,10.0,10.0,7.5,82.92,0.12,0,0.0,Green,4,"June 27th, 2015",Uganda Coffee Development Authority,188fe373b511e21f614564bf86aa4774270d8e04,b7614767a5343729bbde3a2777c60ce836aed928,m,1400.0,1400.0,1400.0,2,0.5731369460975433,-0.07811742954723562
547,Guatemala,,11-11711-27,1500 msnm,7.75,7.5,7.42,7.58,7.67,7.5,10.0,10.0,10.0,7.5,82.92,0.1,0,0.0,Green,1,"April 3rd, 2015",Asociacion Nacional Del Café,b1f20fe3a819fd6b2ee0eb8fdc3da256604f1e53,724f04ad10ed31dbb9d260f0dfd221ba48be8a95,m,1500.0,1500.0,1500.0,2,0.6557078908989565,-0.05093295804280351
548,Guatemala,,11-11711-84 (S.V.S.A),1500 msnm,7.67,7.83,7.42,7.5,7.33,7.5,10.0,10.0,10.0,7.67,82.92,0.1,0,0.0,Green,2,"March 7th, 2015",Asociacion Nacional Del Café,b1f20fe3a819fd6b2ee0eb8fdc3da256604f1e53,724f04ad10ed31dbb9d260f0dfd221ba48be8a95,m,1500.0,1500.0,1500.0,2,0.6107075023125106,-0.05356255133916758
550,Colombia,,3-37-2864,1800 - 2000,7.58,7.5,7.75,7.33,7.58,7.58,10.0,10.0,10.0,7.58,82.92,0.11,0,0.0,Green,2,"September 13th, 2014",Almacafé,e493c36c2d076bf273064f7ac23ad562af257a25,70d3c0c26f89e00fdae6fb39ff54f0d2eb1c38ab,m,1800.0,2000.0,1900.0,2,0.5973977339710189,0.0182068773363481
551,Colombia,,3-68-0145,1750 msnm,7.75,7.5,7.25,7.5,7.75,7.5,10.0,10.0,10.0,7.67,82.92,0.0,0,0.0,Bluish-Green,0,"March 20th, 2014",Almacafé,e493c36c2d076bf273064f7ac23ad562af257a25,70d3c0c26f89e00fdae6fb39ff54f0d2eb1c38ab,m,1750.0,1750.0,1750.0,2,0.7827828288217066,-0.029663197637736782
552,Guatemala,,11-52-492,5440-5760 metros,7.83,7.75,7.25,7.92,7.5,7.17,10.0,10.0,10.0,7.5,82.92,0.11,0,0.0,Green,2,"March 11th, 2014",Asociacion Nacional Del Café,b1f20fe3a819fd6b2ee0eb8fdc3da256604f1e53,724f04ad10ed31dbb9d260f0dfd221ba48be8a95,ft,1658.112,1755.648,1706.88,2,0.628148903126911,0.0013417045549159333
553,Colombia,,3-259.0267,1450,7.83,7.67,7.42,7.42,7.5,7.58,10.0,10.0,10.0,7.5,82.92,0.11,3,0.0,Green,5,"January 22nd, 2014",Almacafé,e493c36c2d076bf273064f7ac23ad562af257a25,70d3c0c26f89e00fdae6fb39ff54f0d2eb1c38ab,m,1450.0,1450.0,1450.0,2,0.510358194949369,-0.10108417993278497
554,Mexico,,0,1248,7.58,7.58,7.33,7.25,7.58,7.75,10.0,10.0,10.0,7.83,82.92,0.1,0,0.0,Green,4,"July 26th, 2013",AMECAFE,59e396ad6e22a1c22b248f958e1da2bd8af85272,0eb4ee5b3f47b20b049548a2fd1e7d4a2b70d0a7,m,1248.0,1248.0,1248.0,2,0.537635312218089,-0.11792986942988883
555,Vietnam,,,1040m,7.67,7.33,7.17,7.58,8.08,7.42,10.0,10.0,10.0,7.67,82.92,0.0,0,0.0,,17,"July 20th, 2013",Specialty Coffee Association,36d0d00a3724338ba7937c52a378d085f2172daa,0878a7d4b9d35ddbf0fe2ce69a2062cceb45a660,m,1040.0,1040.0,1040.0,2,0.5420808695719623,-0.23020261811221693
556,Mexico,,1489,1400 m,8.0,7.92,7.67,7.17,7.67,7.42,9.33,10.0,10.0,7.75,82.92,0.14,1,0.0,Green,4,"March 5th, 2013",AMECAFE,59e396ad6e22a1c22b248f958e1da2bd8af85272,0eb4ee5b3f47b20b049548a2fd1e7d4a2b70d0a7,m,1400.0,1400.0,1400.0,2,0.7782822883668578,-0.08794099967576062
558,Colombia,,3-37-2759,1050 - 1850 msnm,7.5,7.75,7.33,7.75,7.08,7.83,10.0,10.0,10.0,7.67,82.92,0.15,0,0.0,,0,"July 18th, 2012",Almacafé,e493c36c2d076bf273064f7ac23ad562af257a25,70d3c0c26f89e00fdae6fb39ff54f0d2eb1c38ab,m,1050.0,1850.0,1450.0,2,0.5315120233380733,-0.03318349578502495
560,Kenya,01NG011,,1754,7.75,7.58,7.42,7.58,7.5,7.5,10.0,10.0,10.0,7.5,82.83,0.1,0,0.0,Green,3,"October 13th, 2018",Kenya Coffee Traders Association,ccba45b89d859740b749878be8c6d16fbdb96c2e,d752c909a015f3c76224b3c5cc520f8a67afda74,m,1754.0,1754.0,1754.0,2,0.5305167218840721,-0.00811819294502422
561,Guatemala,11/23/0513,11/23/0513,1700,7.5,7.58,7.33,7.67,7.58,7.58,10.0,10.0,10.0,7.58,82.83,0.11,1,1.0,Green,2,"June 22nd, 2018",Asociacion Nacional Del Café,b1f20fe3a819fd6b2ee0eb8fdc3da256604f1e53,724f04ad10ed31dbb9d260f0dfd221ba48be8a95,m,1700.0,1700.0,1700.0,2,0.5014813746625154,0.09626949488960347
562,Brazil,259/15,002/1660/0047,905,7.67,7.58,7.58,7.5,7.5,7.42,10.0,10.0,10.0,7.58,82.83,0.11,0,2.0,Bluish-Green,2,"February 6th, 2018",Brazil Specialty Coffee Association,3297cfa4c538e3dd03f72cc4082c54f7999e1f9d,8900f0bf1d0b2bafe6807a73562c7677d57eb980,m,905.0,905.0,905.0,2,0.5424318842668755,0.05607645427917648
563,El Salvador,1,09-0488-1,1250,7.33,7.67,7.67,7.83,7.33,7.67,10.0,10.0,10.0,7.33,82.83,0.0,0,0.0,Green,4,"April 8th, 2017",Salvadoran Coffee Council,3d4987e3b91399dbb3938b5bdf53893b6ef45be1,27b21e368fb8291cbea02c60623fe6c98f84524d,m,1250.0,1250.0,1250.0,2,0.6703187679957835,-0.13636812757041805
564,Rwanda,102,,1900,7.83,7.92,7.75,7.83,7.75,7.75,9.33,9.33,9.33,8.0,82.83,0.11,0,0.0,Bluish-Green,0,"March 25th, 2017",Specialty Coffee Association,36d0d00a3724338ba7937c52a378d085f2172daa,0878a7d4b9d35ddbf0fe2ce69a2062cceb45a660,m,1900.0,1900.0,1900.0,2,1.3825557243706799,0.04569204766551584
565,Vietnam,,,1040,7.25,7.58,7.5,7.42,7.75,7.42,10.0,10.0,10.0,7.92,82.83,0.11,11,0.0,Green,0,"January 18th, 2017",Specialty Coffee Association,36d0d00a3724338ba7937c52a378d085f2172daa,0878a7d4b9d35ddbf0fe2ce69a2062cceb45a660,m,1040.0,1040.0,1040.0,2,0.3087598703785607,-0.23594904866103333
566,Guatemala,,11/23/0578,4000psn,7.58,7.58,7.33,7.67,7.67,7.5,10.0,10.0,10.0,7.5,82.83,0.11,0,0.0,Green,2,"July 19th, 2016",Asociacion Nacional Del Café,b1f20fe3a819fd6b2ee0eb8fdc3da256604f1e53,724f04ad10ed31dbb9d260f0dfd221ba48be8a95,ft,1219.2,1219.2,1219.2,2,0.5376952129767717,-0.10325258364814908
567,Brazil,,002/1495/0695,900,7.58,7.83,7.33,7.67,7.42,7.33,10.0,10.0,10.0,7.67,82.83,0.12,2,0.0,Green,6,"May 25th, 2016",Brazil Specialty Coffee Association,3297cfa4c538e3dd03f72cc4082c54f7999e1f9d,8900f0bf1d0b2bafe6807a73562c7677d57eb980,m,900.0,900.0,900.0,2,0.4012207599089201,-0.19308200902915035
568,Colombia,,3015388,1200-2000m,7.83,7.67,7.5,7.58,7.5,7.67,10.0,10.0,10.0,7.08,82.83,0.0,0,0.0,,1,"March 20th, 2016",Blossom Valley International,fc45352eee499d8470cf94c9827922fb745bf815,de73fc9412358b523d3a641501e542f31d2668b0,m,1200.0,2000.0,1600.0,2,0.7457229030173614,-0.06178259556738432
569,United States,,015/1691/065,1200 m,7.42,7.58,7.25,7.5,7.75,7.75,10.0,10.0,10.0,7.58,82.83,0.0,0,0.0,,9,"February 20th, 2016",Specialty Coffee Association,36d0d00a3724338ba7937c52a378d085f2172daa,0878a7d4b9d35ddbf0fe2ce69a2062cceb45a660,m,1200.0,1200.0,1200.0,2,0.5675892521531862,-0.17005029518657627
570,Guatemala,,11-11711-27,1500 msnm,7.67,7.67,7.75,7.67,7.42,7.17,10.0,10.0,10.0,7.5,82.83,0.1,0,0.0,Green,4,"March 24th, 2015",Asociacion Nacional Del Café,b1f20fe3a819fd6b2ee0eb8fdc3da256604f1e53,724f04ad10ed31dbb9d260f0dfd221ba48be8a95,m,1500.0,1500.0,1500.0,2,0.539831769756164,-0.061086714890769035
571,Colombia,,3-320-0025,1800 mts,7.5,7.42,7.58,7.5,7.58,7.58,10.0,10.0,10.0,7.67,82.83,0.0,4,0.0,Green,4,"January 20th, 2015",Almacafé,e493c36c2d076bf273064f7ac23ad562af257a25,70d3c0c26f89e00fdae6fb39ff54f0d2eb1c38ab,m,1800.0,1800.0,1800.0,2,0.541923493131027,-0.07321277636195682
572,Colombia,,3-37-1765,de 1600 a 1950 msnm,7.83,7.5,7.5,7.42,7.5,7.5,10.0,10.0,10.0,7.58,82.83,0.11,0,0.0,Green,3,"May 10th, 2014",Almacafé,e493c36c2d076bf273064f7ac23ad562af257a25,70d3c0c26f89e00fdae6fb39ff54f0d2eb1c38ab,m,1600.0,1950.0,1775.0,2,0.49614700056122096,-0.0058576478514603
573,"Tanzania, United Republic Of",,033/DE/006/007,1400 meter above sea level,7.67,7.5,7.33,7.25,7.58,7.75,10.0,10.0,10.0,7.75,82.83,0.11,0,0.0,Green,5,"April 19th, 2014",Tanzanian Coffee Board,047484d5700c44f033915e632e0c6013d985cd79,127e651fc8b7c35802268599656f2c76bf041b15,m,1400.0,1400.0,1400.0,2,0.43922995714793717,-0.08947080099636141
574,Mexico,,2676,1550,7.58,7.67,7.5,7.58,7.5,7.5,10.0,10.0,10.0,7.5,82.83,0.12,2,0.0,Green,10,"August 30th, 2013",AMECAFE,59e396ad6e22a1c22b248f958e1da2bd8af85272,0eb4ee5b3f47b20b049548a2fd1e7d4a2b70d0a7,m,1550.0,1550.0,1550.0,2,0.3539245964261396,-0.0845332742066295
575,Mexico,,1104373099,1250,7.67,7.58,7.42,7.75,7.42,7.42,10.0,10.0,10.0,7.58,82.83,0.12,0,0.0,Blue-Green,7,"July 11th, 2013",AMECAFE,59e396ad6e22a1c22b248f958e1da2bd8af85272,0eb4ee5b3f47b20b049548a2fd1e7d4a2b70d0a7,m,1250.0,1250.0,1250.0,2,0.4305248635453816,-0.1105728077070923
576,Guatemala,,11/23/0934,4300,7.67,7.67,7.33,7.5,7.33,7.92,10.0,10.0,10.0,7.42,82.83,0.11,0,0.0,Green,10,"July 9th, 2013",Asociacion Nacional Del Café,b1f20fe3a819fd6b2ee0eb8fdc3da256604f1e53,724f04ad10ed31dbb9d260f0dfd221ba48be8a95,ft,1310.64,1310.64,1310.64,2,0.400956920534342,-0.11705036110687515
577,Mexico,,2222,1380,7.58,7.58,7.5,7.42,7.67,7.58,10.0,10.0,10.0,7.5,82.83,0.11,0,0.0,,2,"June 6th, 2013",AMECAFE,59e396ad6e22a1c22b248f958e1da2bd8af85272,0eb4ee5b3f47b20b049548a2fd1e7d4a2b70d0a7,m,1380.0,1380.0,1380.0,2,0.5299537181776256,-0.07892448202535146
578,El Salvador,,9-29-1991,1200 mts,7.75,7.58,7.75,7.75,7.25,7.5,10.0,10.0,10.0,7.25,82.83,0.0,1,0.0,,3,"August 22nd, 2012",Specialty Coffee Association,36d0d00a3724338ba7937c52a378d085f2172daa,0878a7d4b9d35ddbf0fe2ce69a2062cceb45a660,m,1200.0,1200.0,1200.0,2,0.6615088801700263,-0.15465106630901435
579,Guatemala,11-43367-27,11-43367-27,1100,7.5,7.58,7.42,7.67,7.58,7.5,10.0,10.0,10.0,7.5,82.75,0.1,0,1.0,Green,3,"January 9th, 2019",Asociacion Nacional Del Café,b1f20fe3a819fd6b2ee0eb8fdc3da256604f1e53,724f04ad10ed31dbb9d260f0dfd221ba48be8a95,m,1100.0,1100.0,1100.0,2,0.46198511998333275,-0.02071975145482143
580,Guatemala,11-973-276,11-973-276,1800,7.58,7.67,7.5,7.58,7.5,7.42,10.0,10.0,10.0,7.5,82.75,0.11,0,0.0,Green,8,"October 17th, 2018",Asociacion Nacional Del Café,b1f20fe3a819fd6b2ee0eb8fdc3da256604f1e53,724f04ad10ed31dbb9d260f0dfd221ba48be8a95,m,1800.0,1800.0,1800.0,2,0.3655277328430738,-0.01433006078936013
581,Guatemala,11/23/0693,11/23/0693,1700,7.5,7.67,7.17,7.67,7.67,7.58,10.0,10.0,10.0,7.5,82.75,0.11,0,0.0,Green,4,"September 19th, 2018",Asociacion Nacional Del Café,b1f20fe3a819fd6b2ee0eb8fdc3da256604f1e53,724f04ad10ed31dbb9d260f0dfd221ba48be8a95,m,1700.0,1700.0,1700.0,2,0.43150249740785185,-0.014055663028429932
582,Guatemala,11/23/0632,11/23/0632,4000,7.5,7.5,7.42,7.58,7.67,7.5,10.0,10.0,10.0,7.58,82.75,0.1,0,0.0,Green,1,"September 8th, 2018",Asociacion Nacional Del Café,b1f20fe3a819fd6b2ee0eb8fdc3da256604f1e53,724f04ad10ed31dbb9d260f0dfd221ba48be8a95,ft,1219.2,1219.2,1219.2,2,0.4739949322675598,-0.10672561650055502
583,Guatemala,11/23/0690,11/23/0690,4000,7.42,7.58,7.42,7.67,7.5,7.5,10.0,10.0,10.0,7.67,82.75,0.1,0,0.0,Green,1,"August 22nd, 2018",Asociacion Nacional Del Café,b1f20fe3a819fd6b2ee0eb8fdc3da256604f1e53,724f04ad10ed31dbb9d260f0dfd221ba48be8a95,ft,1219.2,1219.2,1219.2,2,0.46342685950155915,-0.1034463152643292
584,Indonesia,sran toraja,,1500,7.5,7.58,7.42,7.58,7.58,7.5,10.0,10.0,10.0,7.58,82.75,0.12,0,0.0,Blue-Green,15,"August 8th, 2018",Specialty Coffee Association of Indonesia,99fa73db21b7acd9c9ceb9dd84e409d2077d55c4,36910838db193ebdd61fa1427bac74622114c49a,m,1500.0,1500.0,1500.0,2,0.22531936995567983,-0.09573088214475929
585,Guatemala,11/23/0369,11/23/0369,518,7.58,7.58,7.33,7.58,7.33,7.67,10.0,10.0,10.0,7.67,82.75,0.12,0,0.0,Green,0,"June 1st, 2018",Asociacion Nacional Del Café,b1f20fe3a819fd6b2ee0eb8fdc3da256604f1e53,724f04ad10ed31dbb9d260f0dfd221ba48be8a95,ft,157.8864,157.8864,157.8864,2,0.42056838963896165,-0.303850072542096
586,Taiwan,2017台南市精品咖啡評鑑批次 Specialty Coffee Evaluation of Tainan 2017 lot.20161220,Taiwan,650,7.83,7.67,7.33,7.67,7.58,7.67,9.33,10.0,10.0,7.67,82.75,0.0,0,0.0,Green,0,"June 1st, 2018",Specialty Coffee Association,36d0d00a3724338ba7937c52a378d085f2172daa,0878a7d4b9d35ddbf0fe2ce69a2062cceb45a660,m,650.0,650.0,650.0,2,0.8600782353366382,-0.24264445501314863
587,El Salvador,13,09-134-17,1250,7.67,7.67,7.17,7.33,7.58,7.67,10.0,10.0,10.0,7.67,82.75,0.0,0,0.0,,4,"May 8th, 2018",Salvadoran Coffee Council,3d4987e3b91399dbb3938b5bdf53893b6ef45be1,27b21e368fb8291cbea02c60623fe6c98f84524d,m,1250.0,1250.0,1250.0,2,0.5483242545816989,-0.14516211683753105
588,Costa Rica,8866-2,5-025-0109,1850,7.58,7.5,7.42,7.67,7.42,7.5,10.0,10.0,10.0,7.67,82.75,0.09,0,0.0,Bluish-Green,1,"April 28th, 2018",Specialty Coffee Association of Costa Rica,8e0b118f3cf3121ab27c5387deacdb7d4d2a60b1,5eb2b7129d9714c43825e44dc3bca9423de209e9,m,1850.0,1850.0,1850.0,2,0.4638153419646369,0.017011877258604653
589,Honduras,103,13-111-053,1400,7.58,7.5,7.42,7.58,7.5,7.5,10.0,10.0,10.0,7.67,82.75,0.09,0,1.0,Green,6,"April 6th, 2018",Instituto Hondureño del Café,b4660a57e9f8cc613ae5b8f02bfce8634c763ab4,7f521ca403540f81ec99daec7da19c2788393880,m,1400.0,1400.0,1400.0,2,0.39334610898728883,0.021691097010868934
590,Brazil,260/15,002/1660/0048,905,7.5,7.5,7.58,7.5,7.58,7.58,10.0,10.0,10.0,7.5,82.75,0.11,0,2.0,Bluish-Green,1,"April 25th, 2017",Brazil Specialty Coffee Association,3297cfa4c538e3dd03f72cc4082c54f7999e1f9d,8900f0bf1d0b2bafe6807a73562c7677d57eb980,m,905.0,905.0,905.0,2,0.46813965110869227,0.05927693253514237
591,China,YNC-16057,,1100,7.67,7.5,7.33,7.33,7.67,7.67,10.0,10.0,10.0,7.58,82.75,0.1,0,0.0,Green,0,"April 6th, 2017",Yunnan Coffee Exchange,683fa6014608fc10ff681b0435b0b2dbe6df988f,f6d87a6c04653c569d4911a66f89d5e30ce83b93,m,1100.0,1100.0,1100.0,2,0.4750354874411469,-0.13173170820318778
592,China,YNC-16014,5300343627999,1500,7.5,7.67,7.42,7.67,7.5,7.5,10.0,10.0,10.0,7.5,82.75,0.11,0,0.0,Green,2,"April 5th, 2017",Yunnan Coffee Exchange,683fa6014608fc10ff681b0435b0b2dbe6df988f,f6d87a6c04653c569d4911a66f89d5e30ce83b93,m,1500.0,1500.0,1500.0,2,0.4520886906481307,-0.04773439420164281
593,Colombia,,3-37-0127,de 1600 a 1950 msnm,7.5,7.58,7.58,7.75,7.33,7.5,10.0,10.0,10.0,7.5,82.75,0.0,0,0.0,Blue-Green,2,"November 7th, 2015",Almacafé,e493c36c2d076bf273064f7ac23ad562af257a25,70d3c0c26f89e00fdae6fb39ff54f0d2eb1c38ab,m,1600.0,1950.0,1775.0,2,0.5765850031842347,-0.02796471884846983
594,Malawi,,C21,1442 m,7.75,7.58,7.42,7.5,7.33,7.5,10.0,10.0,10.0,7.67,82.75,0.12,0,0.0,Bluish-Green,0,"November 4th, 2015",Africa Fine Coffee Association,073285c0d45e2f5539012d969937e529564fa6fe,c4ab13415cdd69376a93780c0166e7b1a10481ea,m,1442.0,1442.0,1442.0,2,0.42347045407891054,-0.05386195361434188
595,Guatemala,,11/972/34,5000 ft.,7.75,7.42,7.25,7.75,7.5,7.67,10.0,10.0,10.0,7.42,82.75,0.13,0,0.0,Green,2,"June 16th, 2015",Asociacion Nacional Del Café,b1f20fe3a819fd6b2ee0eb8fdc3da256604f1e53,724f04ad10ed31dbb9d260f0dfd221ba48be8a95,ft,1524.0,1524.0,1524.0,2,0.41546821272179957,-0.03528131977611428
596,Colombia,,3-201-1817,1.65,7.67,7.42,7.42,7.58,7.33,7.67,10.0,10.0,10.0,7.67,82.75,0.12,0,0.0,Green,0,"May 27th, 2015",Almacafé,e493c36c2d076bf273064f7ac23ad562af257a25,70d3c0c26f89e00fdae6fb39ff54f0d2eb1c38ab,m,165.0,165.0,165.0,2,0.4244143682510879,-0.30394582425195216
599,Colombia,,3-332-0028,1300,7.58,7.33,7.17,7.33,7.25,8.58,10.0,10.0,10.0,7.5,82.75,0.1,0,0.0,Green,2,"January 21st, 2015",Specialty Coffee Association of Costa Rica,8e0b118f3cf3121ab27c5387deacdb7d4d2a60b1,5eb2b7129d9714c43825e44dc3bca9423de209e9,m,1300.0,1300.0,1300.0,2,0.3847468746173773,-0.09836552064195865
600,Mexico,,016-2129,1550,7.58,7.58,7.5,7.5,7.5,7.5,10.0,10.0,10.0,7.58,82.75,0.12,0,0.0,Green,6,"March 29th, 2014",AMECAFE,59e396ad6e22a1c22b248f958e1da2bd8af85272,0eb4ee5b3f47b20b049548a2fd1e7d4a2b70d0a7,m,1550.0,1550.0,1550.0,2,0.3448026283236718,-0.05509275905741544
601,Mexico,,1104289425,1200,7.58,7.58,7.33,7.75,7.25,7.58,10.0,10.0,10.0,7.67,82.75,0.12,0,0.0,,0,"July 11th, 2013",AMECAFE,59e396ad6e22a1c22b248f958e1da2bd8af85272,0eb4ee5b3f47b20b049548a2fd1e7d4a2b70d0a7,m,1200.0,1200.0,1200.0,2,0.4044729713306833,-0.09391179057653469
602,Mexico,,1302910536,1200,8.08,8.17,8.0,8.0,7.83,7.92,6.67,10.0,10.0,8.08,82.75,0.12,1,0.0,,4,"June 6th, 2013",AMECAFE,59e396ad6e22a1c22b248f958e1da2bd8af85272,0eb4ee5b3f47b20b049548a2fd1e7d4a2b70d0a7,m,1200.0,1200.0,1200.0,2,1.5944438558785181,-0.1176084356755032
603,Colombia,,3-79-0334,1400 thru 1850,7.5,7.58,7.42,7.67,7.5,7.58,10.0,10.0,10.0,7.5,82.75,0.0,0,0.0,Blue-Green,0,"April 11th, 2013",Almacafé,e493c36c2d076bf273064f7ac23ad562af257a25,70d3c0c26f89e00fdae6fb39ff54f0d2eb1c38ab,m,1400.0,1850.0,1625.0,2,0.6113279141469176,-0.05037928127567182
604,Colombia,,3-37-0767,de 1.600 a 1.950 msnm,7.67,7.58,7.58,7.58,7.5,7.42,10.0,10.0,10.0,7.42,82.75,0.11,0,0.0,Green,3,"March 5th, 2013",Almacafé,e493c36c2d076bf273064f7ac23ad562af257a25,70d3c0c26f89e00fdae6fb39ff54f0d2eb1c38ab,m,1600.0,1950.0,1775.0,2,0.4317419751614656,-0.0015148841225875952
606,Panama,,29,1100,7.42,7.42,7.5,7.58,7.5,7.75,10.0,10.0,10.0,7.58,82.75,0.0,0,0.0,Green,4,"February 22nd, 2013",Specialty Coffee Association,36d0d00a3724338ba7937c52a378d085f2172daa,0878a7d4b9d35ddbf0fe2ce69a2062cceb45a660,m,1100.0,1100.0,1100.0,2,0.5325476667629223,-0.1722177543598124
608,Brazil,019/17,002/1660/0079,890,7.5,7.58,7.25,7.75,7.58,7.5,10.0,10.0,10.0,7.5,82.67,0.0,0,0.0,Green,4,"October 20th, 2018",Brazil Specialty Coffee Association,3297cfa4c538e3dd03f72cc4082c54f7999e1f9d,8900f0bf1d0b2bafe6807a73562c7677d57eb980,m,890.0,890.0,890.0,2,0.47606471164940595,-0.20713486164860248
609,Brazil,007/16D,002/1660/0105,934,7.5,7.58,7.5,7.67,7.5,7.42,10.0,10.0,10.0,7.5,82.67,0.11,0,2.0,Bluish-Green,3,"August 16th, 2017",Brazil Specialty Coffee Association,3297cfa4c538e3dd03f72cc4082c54f7999e1f9d,8900f0bf1d0b2bafe6807a73562c7677d57eb980,m,934.0,934.0,934.0,2,0.36413621991305867,0.06310842865225254
610,Laos,1,,1300,7.67,7.67,7.42,7.42,7.42,7.5,10.0,10.0,10.0,7.58,82.67,0.13,0,0.0,Bluish-Green,0,"June 2nd, 2017",Blossom Valley International,fc45352eee499d8470cf94c9827922fb745bf815,de73fc9412358b523d3a641501e542f31d2668b0,m,1300.0,1300.0,1300.0,2,0.35643180839163807,-0.08026298652842526
611,El Salvador,1,09-0488-001,1200,7.67,7.67,7.67,7.67,7.5,7.67,10.0,10.0,9.33,7.5,82.67,0.0,0,0.0,Green,7,"March 29th, 2017",Salvadoran Coffee Council,3d4987e3b91399dbb3938b5bdf53893b6ef45be1,27b21e368fb8291cbea02c60623fe6c98f84524d,m,1200.0,1200.0,1200.0,2,0.7074966485709553,-0.1545755798603536
612,Mexico,53,,1300,7.5,7.67,7.42,7.75,7.42,7.17,10.0,10.0,10.0,7.75,82.67,0.11,0,2.0,Green,3,"February 24th, 2017",Centro Agroecológico del Café A.C.,3b8dfdd621590b424ff64e0b76df7d6a92e1c628,d470dc009281519e30da6ead1c649fcd7670f386,m,1300.0,1300.0,1300.0,2,0.34058804608958887,0.13865113274310428
614,Brazil,,002/4177/0150,1,7.58,7.5,7.42,7.67,7.5,7.5,10.0,10.0,10.0,7.5,82.67,0.0,0,0.0,Green,0,"October 7th, 2016",Brazil Specialty Coffee Association,3297cfa4c538e3dd03f72cc4082c54f7999e1f9d,8900f0bf1d0b2bafe6807a73562c7677d57eb980,m,1.0,1.0,1.0,2,0.5379117302353598,-0.3711955013316749
616,"Tanzania, United Republic Of",,C25,1700,7.5,7.5,7.5,7.5,7.5,7.58,10.0,10.0,10.0,7.58,82.67,0.12,0,0.0,Green,0,"December 18th, 2015",Africa Fine Coffee Association,073285c0d45e2f5539012d969937e529564fa6fe,c4ab13415cdd69376a93780c0166e7b1a10481ea,m,1700.0,1700.0,1700.0,2,0.3480745751772324,-0.00456057724274644
617,"Tanzania, United Republic Of",,C20,1550,7.58,7.5,7.5,7.58,7.33,7.58,10.0,10.0,10.0,7.58,82.67,0.12,0,0.0,Green,4,"December 15th, 2015",Africa Fine Coffee Association,073285c0d45e2f5539012d969937e529564fa6fe,c4ab13415cdd69376a93780c0166e7b1a10481ea,m,1550.0,1550.0,1550.0,2,0.27087949475474576,-0.04665259268549654
618,Taiwan,,Taiwan台灣,1200公尺,8.0,7.83,7.83,7.42,7.25,7.25,10.0,10.0,10.0,7.08,82.67,0.08,0,0.0,Green,0,"November 23rd, 2015",Blossom Valley International,fc45352eee499d8470cf94c9827922fb745bf815,de73fc9412358b523d3a641501e542f31d2668b0,m,1200.0,1200.0,1200.0,2,0.4779812591531576,-0.11795784984206688
619,Mexico,,703805790,1296,7.67,7.58,7.42,7.5,7.42,7.5,10.0,10.0,10.0,7.58,82.67,0.11,0,0.0,Green,0,"August 15th, 2015",AMECAFE,59e396ad6e22a1c22b248f958e1da2bd8af85272,0eb4ee5b3f47b20b049548a2fd1e7d4a2b70d0a7,m,1296.0,1296.0,1296.0,2,0.3668527939169296,-0.08571772934114001
620,Uganda,,793,1400- 1900,7.67,7.5,7.33,7.67,7.5,7.5,10.0,10.0,10.0,7.5,82.67,0.12,0,0.0,Green,0,"June 25th, 2015",Uganda Coffee Development Authority,188fe373b511e21f614564bf86aa4774270d8e04,b7614767a5343729bbde3a2777c60ce836aed928,m,1400.0,1900.0,1650.0,2,0.3619993354748504,-0.008557538632296718
621,Taiwan,,,1240 m,7.67,7.5,7.5,7.5,7.5,7.5,10.0,10.0,10.0,7.5,82.67,0.11,0,0.0,Green,0,"December 26th, 2014",Blossom Valley International,fc45352eee499d8470cf94c9827922fb745bf815,de73fc9412358b523d3a641501e542f31d2668b0,m,1240.0,1240.0,1240.0,2,0.3792324938546595,-0.09805657855093974
622,Thailand,,,1500,7.42,7.5,7.5,7.67,7.58,7.5,10.0,10.0,10.0,7.5,82.67,0.11,0,0.0,Bluish-Green,0,"September 3rd, 2014",Specialty Coffee Institute of Asia,726e4891cf2c9a4848768bd34b668124d12c4224,b70da261fcc84831e3e9620c30a8701540abc200,m,1500.0,1500.0,1500.0,2,0.3836258743004555,-0.04241740384855
623,Colombia,,3-68-0049,1800 msnm,7.75,7.58,7.67,7.25,7.58,7.42,10.0,10.0,10.0,7.42,82.67,0.11,0,0.0,Bluish-Green,3,"January 22nd, 2014",Almacafé,e493c36c2d076bf273064f7ac23ad562af257a25,70d3c0c26f89e00fdae6fb39ff54f0d2eb1c38ab,m,1800.0,1800.0,1800.0,2,0.3532514963229838,-0.006129670178399403
625,Guatemala,,-,1500,7.67,7.67,7.17,7.67,7.5,7.5,10.0,10.0,10.0,7.5,82.67,0.11,0,0.0,Green,0,"July 17th, 2013",Asociacion Nacional Del Café,b1f20fe3a819fd6b2ee0eb8fdc3da256604f1e53,724f04ad10ed31dbb9d260f0dfd221ba48be8a95,m,1500.0,1500.0,1500.0,2,0.382870044061636,-0.038112186244581264
627,Mexico,,1506622904,1100,7.58,7.58,7.42,7.58,7.42,7.5,10.0,10.0,10.0,7.58,82.67,0.11,0,0.0,,2,"June 6th, 2013",AMECAFE,59e396ad6e22a1c22b248f958e1da2bd8af85272,0eb4ee5b3f47b20b049548a2fd1e7d4a2b70d0a7,m,1100.0,1100.0,1100.0,2,0.3247660245815638,-0.1292653273437517
628,Mexico,,F-30002939,950,7.5,7.58,7.58,7.58,7.42,7.42,10.0,10.0,10.0,7.58,82.67,0.12,0,0.0,,0,"June 6th, 2013",AMECAFE,59e396ad6e22a1c22b248f958e1da2bd8af85272,0eb4ee5b3f47b20b049548a2fd1e7d4a2b70d0a7,m,950.0,950.0,950.0,2,0.3464594120222096,-0.1496902347858247
629,Colombia,,2889,1800 meters (5900,7.33,7.58,7.42,7.42,7.67,7.67,10.0,10.0,10.0,7.58,82.67,0.11,0,0.0,Green,0,"November 15th, 2012",Specialty Coffee Association,36d0d00a3724338ba7937c52a378d085f2172daa,0878a7d4b9d35ddbf0fe2ce69a2062cceb45a660,m,1800.0,5900.0,3850.0,2,0.3621265127522395,0.41528006697802955
631,Mexico,,016-2484-05,1400 masl,7.75,7.58,7.25,7.75,7.67,7.58,10.0,10.0,10.0,7.08,82.67,0.0,0,0.0,,1,"April 5th, 2012",Specialty Coffee Association,36d0d00a3724338ba7937c52a378d085f2172daa,0878a7d4b9d35ddbf0fe2ce69a2062cceb45a660,m,1400.0,1400.0,1400.0,2,0.5586270368968865,-0.0951554234734012
632,Colombia,,3-68-0152,1800 msnm,8.08,7.67,7.67,7.33,7.33,7.17,10.0,10.0,10.0,7.42,82.67,0.08,0,0.0,,3,"February 9th, 2012",Almacafé,e493c36c2d076bf273064f7ac23ad562af257a25,70d3c0c26f89e00fdae6fb39ff54f0d2eb1c38ab,m,1800.0,1800.0,1800.0,2,0.38289072728627993,-0.012612727080359624
634,Guatemala,11/23/0634,11/23/0634,4000,7.5,7.42,7.42,7.75,7.5,7.5,10.0,10.0,10.0,7.5,82.58,0.1,0,1.0,Green,2,"September 8th, 2018",Asociacion Nacional Del Café,b1f20fe3a819fd6b2ee0eb8fdc3da256604f1e53,724f04ad10ed31dbb9d260f0dfd221ba48be8a95,ft,1219.2,1219.2,1219.2,2,0.28723680615504127,0.007317735541716489
635,Taiwan,2017南投咖啡評鑑 NANTOU COFFEE EVALUATION EVENT 2017,Taiwan,1050,7.67,7.42,7.5,7.42,7.58,7.5,10.0,10.0,10.0,7.5,82.58,0.11,0,5.0,Green,0,"August 22nd, 2018",Specialty Coffee Association,36d0d00a3724338ba7937c52a378d085f2172daa,0878a7d4b9d35ddbf0fe2ce69a2062cceb45a660,m,1050.0,1050.0,1050.0,2,0.33590910349593195,0.4307548334640762
637,Taiwan,1,,200 m,7.25,7.25,7.0,7.08,7.0,7.0,10.0,10.0,10.0,10.0,82.58,0.11,0,0.0,Blue-Green,0,"February 13th, 2018",Blossom Valley International,fc45352eee499d8470cf94c9827922fb745bf815,de73fc9412358b523d3a641501e542f31d2668b0,m,200.0,200.0,200.0,2,-0.06052098755697553,-0.3111106762595301
639,Indonesia,,015/0826/0516,1200-1300m dpl,7.83,7.58,7.42,7.33,7.42,7.5,10.0,10.0,10.0,7.5,82.58,0.13,0,0.0,Blue-Green,6,"September 14th, 2016",Torch Coffee Lab Yunnan,280c299bf8f7e7bd526e0fc5e1d209b361120d7f,2ce3fe88323f4b924d3a0a84f6d5ae006a091256,m,1200.0,1300.0,1250.0,2,0.16639661409740553,-0.11526039032470521
640,Thailand,,-,800++,7.75,7.33,7.42,7.67,7.42,7.5,10.0,10.0,10.0,7.5,82.58,0.12,0,0.0,Green,0,"June 8th, 2016",Specialty Coffee Association,36d0d00a3724338ba7937c52a378d085f2172daa,0878a7d4b9d35ddbf0fe2ce69a2062cceb45a660,m,800.0,800.0,800.0,2,0.2710150811630685,-0.17815961221387974
641,Thailand,,Thailand,1400-1500 m,7.42,7.58,7.58,7.42,7.58,7.5,10.0,10.0,10.0,7.5,82.58,0.12,0,0.0,Blue-Green,1,"February 15th, 2016",Specialty Coffee Institute of Asia,726e4891cf2c9a4848768bd34b668124d12c4224,b70da261fcc84831e3e9620c30a8701540abc200,m,1400.0,1500.0,1450.0,2,0.26667239990902963,-0.05956316211067366
642,"Tanzania, United Republic Of",,C37,1317,7.75,7.42,7.33,7.5,7.58,7.5,10.0,10.0,10.0,7.5,82.58,0.12,0,0.0,,1,"December 12th, 2015",Africa Fine Coffee Association,073285c0d45e2f5539012d969937e529564fa6fe,c4ab13415cdd69376a93780c0166e7b1a10481ea,m,1317.0,1317.0,1317.0,2,0.254782818002433,-0.08307223542429314
643,Uganda,,0,1400-1900,7.83,7.5,7.42,7.58,7.42,7.42,10.0,10.0,10.0,7.42,82.58,0.12,0,0.0,Green,0,"June 30th, 2015",Uganda Coffee Development Authority,188fe373b511e21f614564bf86aa4774270d8e04,b7614767a5343729bbde3a2777c60ce836aed928,m,1400.0,1900.0,1650.0,2,0.28381502133552705,-0.011868257405701256
644,Costa Rica,,5-0048-0125,1200-1400,7.67,7.42,7.5,7.67,7.0,7.75,10.0,10.0,10.0,7.58,82.58,0.11,0,0.0,Green,3,"May 9th, 2015",Specialty Coffee Association of Costa Rica,8e0b118f3cf3121ab27c5387deacdb7d4d2a60b1,5eb2b7129d9714c43825e44dc3bca9423de209e9,m,1200.0,1400.0,1300.0,2,0.20024733025082483,-0.09307963161013398
647,Colombia,,3-68-0160,1750 msnm,7.75,7.25,7.33,7.42,7.5,7.83,10.0,10.0,10.0,7.5,82.58,0.11,0,0.0,Blue-Green,3,"April 16th, 2014",Almacafé,e493c36c2d076bf273064f7ac23ad562af257a25,70d3c0c26f89e00fdae6fb39ff54f0d2eb1c38ab,m,1750.0,1750.0,1750.0,2,0.21433357230421443,-0.01119892440581942
648,Colombia,,3-68-0004,1750 msnm,7.75,7.5,7.75,7.25,7.33,7.58,10.0,10.0,10.0,7.42,82.58,0.11,0,0.0,,3,"October 9th, 2013",Almacafé,e493c36c2d076bf273064f7ac23ad562af257a25,70d3c0c26f89e00fdae6fb39ff54f0d2eb1c38ab,m,1750.0,1750.0,1750.0,2,0.2378291950859377,-0.01712655271417398
649,Colombia,,3-68-0140,1750 msnm,7.58,7.5,7.42,7.58,7.67,7.42,10.0,10.0,10.0,7.42,82.58,0.11,0,0.0,Green,0,"February 27th, 2014",Almacafé,e493c36c2d076bf273064f7ac23ad562af257a25,70d3c0c26f89e00fdae6fb39ff54f0d2eb1c38ab,m,1750.0,1750.0,1750.0,2,0.30773445090623186,0.0049403505552695
650,Mexico,,1405818311,1250,7.5,7.58,7.5,7.5,7.42,7.5,10.0,10.0,10.0,7.58,82.58,0.1,0,0.0,Green,6,"September 4th, 2013",AMECAFE,59e396ad6e22a1c22b248f958e1da2bd8af85272,0eb4ee5b3f47b20b049548a2fd1e7d4a2b70d0a7,m,1250.0,1250.0,1250.0,2,0.19286287784524037,-0.12025567409551052
651,Mexico,,703815218; 703815215; 703815197,1150,7.67,7.58,7.58,7.75,7.67,6.83,10.0,10.0,10.0,7.5,82.58,0.12,0,0.0,Green,0,"July 2nd, 2013",AMECAFE,59e396ad6e22a1c22b248f958e1da2bd8af85272,0eb4ee5b3f47b20b049548a2fd1e7d4a2b70d0a7,m,1150.0,1150.0,1150.0,2,0.2986412843505097,-0.10695841171046128
652,Colombia,,3-37-1435,de 1.600 a 1.950 msnm,7.33,7.42,7.58,7.42,7.67,7.5,10.0,10.0,10.0,7.67,82.58,0.11,2,0.0,Green,2,"June 13th, 2013",Almacafé,e493c36c2d076bf273064f7ac23ad562af257a25,70d3c0c26f89e00fdae6fb39ff54f0d2eb1c38ab,m,1600.0,1950.0,1775.0,2,0.20169297101906192,-0.020807274023918795
653,Brazil,,002/1251/0359,900-1050m,7.58,7.5,7.33,7.75,7.5,7.5,10.0,10.0,10.0,7.42,82.58,0.0,0,0.0,,4,"October 27th, 2012",NUCOFFEE,567f200bcc17a90070cb952647bf88141ad9c80c,aa2ff513ffb9c844462a1fb07c599bce7f3bb53d,m,900.0,1050.0,975.0,2,0.3775401302623025,-0.19099813806035248
654,Brazil,020/17,002/1660/0080,890,7.5,7.5,7.5,7.5,7.58,7.5,10.0,10.0,10.0,7.42,82.5,0.11,0,0.0,Green,4,"October 20th, 2018",Brazil Specialty Coffee Association,3297cfa4c538e3dd03f72cc4082c54f7999e1f9d,8900f0bf1d0b2bafe6807a73562c7677d57eb980,m,890.0,890.0,890.0,2,0.16409191536646214,-0.1822895441276539
655,Indonesia,2,,1250,7.83,7.75,7.25,7.5,7.42,7.33,10.0,10.0,10.0,7.42,82.5,0.11,0,0.0,Green,5,"September 4th, 2018",Specialty Coffee Association of Indonesia,99fa73db21b7acd9c9ceb9dd84e409d2077d55c4,36910838db193ebdd61fa1427bac74622114c49a,m,1250.0,1250.0,1250.0,2,0.14512100371802905,-0.11118531768862185
656,Honduras,165,13-111-097,1400,7.58,7.58,7.33,7.5,7.5,7.5,10.0,10.0,10.0,7.5,82.5,0.1,0,0.0,Green,4,"June 3rd, 2018",Instituto Hondureño del Café,b4660a57e9f8cc613ae5b8f02bfce8634c763ab4,7f521ca403540f81ec99daec7da19c2788393880,m,1400.0,1400.0,1400.0,2,0.1511792390252894,-0.08299053610556692
657,Guatemala,11/23/0146,11/23/0146,4000,7.5,7.5,7.33,7.5,7.67,7.5,10.0,10.0,10.0,7.5,82.5,0.1,0,2.0,Green,2,"March 16th, 2017",Asociacion Nacional Del Café,b1f20fe3a819fd6b2ee0eb8fdc3da256604f1e53,724f04ad10ed31dbb9d260f0dfd221ba48be8a95,ft,1219.2,1219.2,1219.2,2,0.20983700789171564,0.1159436741894249
658,Thailand,,-,800++,7.5,7.83,7.5,7.75,7.33,7.42,9.33,10.0,10.0,7.83,82.5,0.12,0,0.0,Green,0,"June 8th, 2016",Specialty Coffee Association,36d0d00a3724338ba7937c52a378d085f2172daa,0878a7d4b9d35ddbf0fe2ce69a2062cceb45a660,m,800.0,800.0,800.0,2,0.4010041187850639,-0.174092615558571
659,Thailand,,Thailand,1400-1500 m,7.33,7.5,7.5,7.5,7.67,7.5,10.0,10.0,10.0,7.5,82.5,0.11,0,0.0,,0,"February 15th, 2016",Specialty Coffee Institute of Asia,726e4891cf2c9a4848768bd34b668124d12c4224,b70da261fcc84831e3e9620c30a8701540abc200,m,1400.0,1500.0,1450.0,2,0.2138632263899162,-0.05724468237890081
660,"Tanzania, United Republic Of",,C26,1600,7.67,7.42,7.33,7.58,7.5,7.5,10.0,10.0,10.0,7.5,82.5,0.12,0,0.0,Green,1,"December 18th, 2015",Africa Fine Coffee Association,073285c0d45e2f5539012d969937e529564fa6fe,c4ab13415cdd69376a93780c0166e7b1a10481ea,m,1600.0,1600.0,1600.0,2,0.16737190000337024,-0.025543277172990864
662,Mexico,,NONE,1500-1700m,7.42,7.58,7.5,7.67,7.25,7.5,10.0,10.0,10.0,7.58,82.5,0.0,0,0.0,Green,1,"April 14th, 2015",Specialty Coffee Association,36d0d00a3724338ba7937c52a378d085f2172daa,0878a7d4b9d35ddbf0fe2ce69a2062cceb45a660,m,1500.0,1700.0,1600.0,2,0.3162920131759918,-0.06026154271524762
663,Brazil,,002 - 4177 - 0039,1260,7.42,7.5,7.67,7.33,7.42,7.67,10.0,10.0,10.0,7.5,82.5,0.11,0,0.0,Bluish-Green,0,"January 14th, 2015",Specialty Coffee Association,36d0d00a3724338ba7937c52a378d085f2172daa,0878a7d4b9d35ddbf0fe2ce69a2062cceb45a660,m,1260.0,1260.0,1260.0,2,0.20359435068904388,-0.09987374071747773
664,Guatemala,,11/23/0633,4300,7.83,7.42,7.33,7.67,7.42,7.5,10.0,10.0,10.0,7.33,82.5,0.12,0,0.0,Green,4,"May 30th, 2014",Asociacion Nacional Del Café,b1f20fe3a819fd6b2ee0eb8fdc3da256604f1e53,724f04ad10ed31dbb9d260f0dfd221ba48be8a95,ft,1310.64,1310.64,1310.64,2,0.1377064655679168,-0.09105592916091534
665,Colombia,,3-68-0162,1750 msnm,7.5,7.5,7.42,7.42,7.58,7.58,10.0,10.0,10.0,7.5,82.5,0.11,0,0.0,Green,1,"May 7th, 2014",Almacafé,e493c36c2d076bf273064f7ac23ad562af257a25,70d3c0c26f89e00fdae6fb39ff54f0d2eb1c38ab,m,1750.0,1750.0,1750.0,2,0.18403604111962002,-0.002991511524178886
666,Guatemala,,11/426/2,4300,7.83,7.67,7.17,7.33,7.5,7.67,10.0,10.0,10.0,7.33,82.5,0.11,0,0.0,Green,0,"February 26th, 2014",Asociacion Nacional Del Café,b1f20fe3a819fd6b2ee0eb8fdc3da256604f1e53,724f04ad10ed31dbb9d260f0dfd221ba48be8a95,ft,1310.64,1310.64,1310.64,2,0.21363420909338962,-0.0846166929683571
667,Mexico,,1702773555,1679,7.5,7.58,7.5,7.5,7.42,7.42,10.0,10.0,10.0,7.58,82.5,0.13,0,0.0,,10,"September 27th, 2013",AMECAFE,59e396ad6e22a1c22b248f958e1da2bd8af85272,0eb4ee5b3f47b20b049548a2fd1e7d4a2b70d0a7,m,1679.0,1679.0,1679.0,2,0.010977038111696933,-0.04155340625870604
668,Mexico,,1206966823,1100,7.67,7.5,7.33,7.67,7.5,7.33,10.0,10.0,10.0,7.5,82.5,0.12,0,0.0,Green,5,"July 26th, 2013",AMECAFE,59e396ad6e22a1c22b248f958e1da2bd8af85272,0eb4ee5b3f47b20b049548a2fd1e7d4a2b70d0a7,m,1100.0,1100.0,1100.0,2,0.1111892230193223,-0.13539811993696166
669,Mexico,,PCO-031106-CF7,1650,7.92,7.5,7.33,7.58,7.25,7.42,10.0,10.0,10.0,7.5,82.5,0.11,0,0.0,,2,"June 7th, 2013",AMECAFE,59e396ad6e22a1c22b248f958e1da2bd8af85272,0eb4ee5b3f47b20b049548a2fd1e7d4a2b70d0a7,m,1650.0,1650.0,1650.0,2,0.14967202004758956,-0.02153539130118958
671,Brazil,,002/1352/0099,1.250 m,7.67,7.42,7.33,7.67,7.5,7.5,10.0,10.0,10.0,7.42,82.5,0.0,0,0.0,Blue-Green,4,"March 16th, 2013",NUCOFFEE,567f200bcc17a90070cb952647bf88141ad9c80c,aa2ff513ffb9c844462a1fb07c599bce7f3bb53d,m,1250.0,1250.0,1250.0,2,0.29850395154874804,-0.13984614622123126
672,Colombia,,3-37-0582,de 1.600 a 1.950 msnm,7.67,7.5,7.33,7.5,7.25,7.67,10.0,10.0,10.0,7.58,82.5,0.11,1,0.0,Green,3,"March 5th, 2013",Almacafé,e493c36c2d076bf273064f7ac23ad562af257a25,70d3c0c26f89e00fdae6fb39ff54f0d2eb1c38ab,m,1600.0,1950.0,1775.0,2,0.09551555325471124,-0.010938210579469266
674,Guatemala,,11/0052/0538,1600,7.75,7.58,7.67,7.67,7.58,7.58,9.33,10.0,10.0,7.33,82.5,0.01,1,0.0,,14,"July 23rd, 2011",Specialty Coffee Association,36d0d00a3724338ba7937c52a378d085f2172daa,0878a7d4b9d35ddbf0fe2ce69a2062cceb45a660,m,1600.0,1600.0,1600.0,2,0.37577676876474686,-0.1160899267532484
675,Honduras,Zona: los imposibles,,1500,7.42,7.67,7.17,7.58,7.58,7.5,10.0,10.0,10.0,7.5,82.42,0.12,0,1.0,Green,6,"September 27th, 2018",Specialty Coffee Association,36d0d00a3724338ba7937c52a378d085f2172daa,0878a7d4b9d35ddbf0fe2ce69a2062cceb45a660,m,1500.0,1500.0,1500.0,2,0.03020872603508714,0.05352774114489687
676,Guatemala,11/23/0639,11/23/0639,1700,7.58,7.5,7.33,7.75,7.33,7.5,10.0,10.0,10.0,7.42,82.42,0.1,0,1.0,Green,2,"September 8th, 2018",Asociacion Nacional Del Café,b1f20fe3a819fd6b2ee0eb8fdc3da256604f1e53,724f04ad10ed31dbb9d260f0dfd221ba48be8a95,m,1700.0,1700.0,1700.0,2,0.10199355167527964,0.10281722260357182
677,Guatemala,11/23/0366,11/23/0366,1700,7.67,7.58,7.25,7.67,7.42,7.33,10.0,10.0,10.0,7.5,82.42,0.12,0,0.0,Green,0,"June 1st, 2018",Asociacion Nacional Del Café,b1f20fe3a819fd6b2ee0eb8fdc3da256604f1e53,724f04ad10ed31dbb9d260f0dfd221ba48be8a95,m,1700.0,1700.0,1700.0,2,0.10427685996485814,0.0016421477180135842
678,Guatemala,11/23/0400,11/23/0400,518,7.58,7.5,7.25,7.67,7.5,7.5,10.0,10.0,10.0,7.42,82.42,0.12,0,0.0,Green,0,"June 1st, 2018",Asociacion Nacional Del Café,b1f20fe3a819fd6b2ee0eb8fdc3da256604f1e53,724f04ad10ed31dbb9d260f0dfd221ba48be8a95,ft,157.8864,157.8864,157.8864,2,0.11616747231304926,-0.3021758533954832
680,Colombia,3-37-4434,3-37-4434,1600,5.08,7.75,7.83,7.75,7.83,8.08,10.0,10.0,10.0,8.08,82.42,0.11,0,0.0,Green,1,"August 5th, 2017",Almacafé,e493c36c2d076bf273064f7ac23ad562af257a25,70d3c0c26f89e00fdae6fb39ff54f0d2eb1c38ab,m,1600.0,1600.0,1600.0,2,0.041666365218243274,-0.02406427630823486
681,China,YNC-16047,,1600,7.67,7.42,7.42,7.5,7.42,7.42,10.0,10.0,10.0,7.58,82.42,0.1,0,0.0,Green,0,"April 6th, 2017",Yunnan Coffee Exchange,683fa6014608fc10ff681b0435b0b2dbe6df988f,f6d87a6c04653c569d4911a66f89d5e30ce83b93,m,1600.0,1600.0,1600.0,2,0.12178013311746098,-0.03098362956549954
683,"Tanzania, United Republic Of",,GOP,2285,7.67,7.25,7.42,7.42,7.67,7.42,10.0,10.0,10.0,7.58,82.42,0.13,0,0.0,Green,7,"November 15th, 2016",Africa Fine Coffee Association,073285c0d45e2f5539012d969937e529564fa6fe,c4ab13415cdd69376a93780c0166e7b1a10481ea,m,2285.0,2285.0,2285.0,0,-0.019503994838565356,0.08399183589421126
684,Brazil,,002/4177/0150,1,7.17,7.83,7.33,7.5,7.75,7.42,10.0,10.0,10.0,7.42,82.42,0.0,0,0.0,Green,0,"October 7th, 2016",Brazil Specialty Coffee Association,3297cfa4c538e3dd03f72cc4082c54f7999e1f9d,8900f0bf1d0b2bafe6807a73562c7677d57eb980,m,1.0,1.0,1.0,2,0.306583986620862,-0.3723630993804319
685,Guatemala,,11-023-0024,1400 mts,7.5,7.5,7.5,7.67,7.42,7.5,10.0,10.0,10.0,7.33,82.42,0.1,0,0.0,Green,0,"December 18th, 2015",Specialty Coffee Association of Costa Rica,8e0b118f3cf3121ab27c5387deacdb7d4d2a60b1,5eb2b7129d9714c43825e44dc3bca9423de209e9,m,1400.0,1400.0,1400.0,2,0.14721643215300098,-0.06580482347129836
686,Mexico,,703805790,1296,7.42,7.5,7.42,7.58,7.42,7.5,10.0,10.0,10.0,7.58,82.42,0.11,0,0.0,Green,0,"August 14th, 2015",AMECAFE,59e396ad6e22a1c22b248f958e1da2bd8af85272,0eb4ee5b3f47b20b049548a2fd1e7d4a2b70d0a7,m,1296.0,1296.0,1296.0,2,0.09948498018299805,-0.08463488399945808
687,Brazil,,002/1251/0228,1000m,7.58,7.67,7.33,7.5,7.5,7.42,10.0,10.0,10.0,7.42,82.42,0.12,0,0.0,Blue-Green,1,"May 8th, 2015",NUCOFFEE,567f200bcc17a90070cb952647bf88141ad9c80c,aa2ff513ffb9c844462a1fb07c599bce7f3bb53d,m,1000.0,1000.0,1000.0,2,0.10125608607559251,-0.14350192790186375
689,Brazil,,002/4177/0121,1260,7.25,7.33,7.25,7.5,7.42,7.5,10.0,10.0,10.0,8.17,82.42,0.0,0,0.0,Green,0,"December 30th, 2014",Specialty Coffee Association,36d0d00a3724338ba7937c52a378d085f2172daa,0878a7d4b9d35ddbf0fe2ce69a2062cceb45a660,m,1260.0,1260.0,1260.0,2,0.1635577435673951,-0.12759453331454654
690,Mexico,,0,1170,7.5,7.58,7.5,7.92,7.42,7.67,9.33,10.0,10.0,7.5,82.42,0.12,0,0.0,Green,0,"December 12th, 2014",AMECAFE,59e396ad6e22a1c22b248f958e1da2bd8af85272,0eb4ee5b3f47b20b049548a2fd1e7d4a2b70d0a7,m,1170.0,1170.0,1170.0,2,0.34763465019243855,-0.0985397994524391
692,Colombia,,3-37-2044,de 1600 a 1950 msnm,7.67,7.42,7.33,7.5,7.58,7.5,10.0,10.0,10.0,7.42,82.42,0.11,0,0.0,Green,9,"May 31st, 2014",Almacafé,e493c36c2d076bf273064f7ac23ad562af257a25,70d3c0c26f89e00fdae6fb39ff54f0d2eb1c38ab,m,1600.0,1950.0,1775.0,0,-0.01699085640050049,-0.025292286009508877
693,Mexico,,016-2129,1560,7.5,7.42,7.42,7.67,7.42,7.58,10.0,10.0,10.0,7.42,82.42,0.12,0,0.0,Green,5,"March 29th, 2014",AMECAFE,59e396ad6e22a1c22b248f958e1da2bd8af85272,0eb4ee5b3f47b20b049548a2fd1e7d4a2b70d0a7,m,1560.0,1560.0,1560.0,2,0.02877707501713868,-0.04584951595898003
694,Mexico,,0,1400,7.42,7.58,7.5,7.42,7.58,7.5,10.0,10.0,10.0,7.42,82.42,0.13,0,0.0,Green,2,"September 11th, 2013",AMECAFE,59e396ad6e22a1c22b248f958e1da2bd8af85272,0eb4ee5b3f47b20b049548a2fd1e7d4a2b70d0a7,m,1400.0,1400.0,1400.0,2,0.06950185512124753,-0.06917369931154652
695,Mexico,,0,1300,7.42,7.58,7.33,7.58,7.5,7.5,10.0,10.0,10.0,7.5,82.42,0.14,0,0.0,Green,9,"September 10th, 2013",AMECAFE,59e396ad6e22a1c22b248f958e1da2bd8af85272,0eb4ee5b3f47b20b049548a2fd1e7d4a2b70d0a7,m,1300.0,1300.0,1300.0,0,-0.07452286511069939,-0.10579157243366198
696,Mexico,,0,1170,7.75,7.33,7.25,7.58,7.58,7.33,10.0,10.0,10.0,7.58,82.42,0.13,0,0.0,Green,1,"August 31st, 2013",AMECAFE,59e396ad6e22a1c22b248f958e1da2bd8af85272,0eb4ee5b3f47b20b049548a2fd1e7d4a2b70d0a7,m,1170.0,1170.0,1170.0,2,0.037844181438447415,-0.10711372828333106
697,Mexico,,3252,1300,7.5,7.58,7.33,7.5,7.5,7.5,10.0,10.0,10.0,7.5,82.42,0.11,0,0.0,Green,0,"July 25th, 2013",AMECAFE,59e396ad6e22a1c22b248f958e1da2bd8af85272,0eb4ee5b3f47b20b049548a2fd1e7d4a2b70d0a7,m,1300.0,1300.0,1300.0,2,0.09888213930558613,-0.08425092904220939
698,Mexico,,1104558673,1350,7.58,7.58,7.17,7.5,7.5,7.5,10.0,10.0,10.0,7.58,82.42,0.14,0,0.0,Green,6,"July 11th, 2013",AMECAFE,59e396ad6e22a1c22b248f958e1da2bd8af85272,0eb4ee5b3f47b20b049548a2fd1e7d4a2b70d0a7,m,1350.0,1350.0,1350.0,0,-0.046448940269825684,-0.08565476859172094
699,Mexico,,"120706171, 1207106169",1150,7.58,7.33,7.33,7.58,7.5,7.5,10.0,10.0,10.0,7.58,82.42,0.11,0,0.0,Green,0,"July 3rd, 2013",AMECAFE,59e396ad6e22a1c22b248f958e1da2bd8af85272,0eb4ee5b3f47b20b049548a2fd1e7d4a2b70d0a7,m,1150.0,1150.0,1150.0,2,0.07135397093823513,-0.11384671073705305
700,Mexico,,125464,1250,7.67,7.58,7.33,7.42,7.58,7.33,10.0,10.0,10.0,7.5,82.42,0.13,0,0.0,,4,"June 6th, 2013",AMECAFE,59e396ad6e22a1c22b248f958e1da2bd8af85272,0eb4ee5b3f47b20b049548a2fd1e7d4a2b70d0a7,m,1250.0,1250.0,1250.0,2,0.01797190951683109,-0.10472824647249145
701,Mexico,,1,1450,7.83,7.5,7.42,7.67,7.17,7.33,10.0,10.0,10.0,7.5,82.42,0.12,0,0.0,Bluish-Green,0,"April 9th, 2013",AMECAFE,59e396ad6e22a1c22b248f958e1da2bd8af85272,0eb4ee5b3f47b20b049548a2fd1e7d4a2b70d0a7,m,1450.0,1450.0,1450.0,2,0.07439309578814154,-0.048626411152615796
702,Colombia,,3-59-0782,442 msnm,7.67,7.33,7.25,7.42,7.5,7.67,10.0,10.0,10.0,7.58,82.42,0.0,0,0.0,,2,"January 30th, 2013",Almacafé,e493c36c2d076bf273064f7ac23ad562af257a25,70d3c0c26f89e00fdae6fb39ff54f0d2eb1c38ab,m,442.0,442.0,442.0,2,0.20068278742119125,-0.29761107783691954
704,Colombia,,3-68-0066,1750,7.33,7.58,7.17,7.58,7.42,7.58,10.0,10.0,10.0,7.75,82.42,0.0,0,0.0,Green,2,"December 21st, 2012",Almacafé,e493c36c2d076bf273064f7ac23ad562af257a25,70d3c0c26f89e00fdae6fb39ff54f0d2eb1c38ab,m,1750.0,1750.0,1750.0,2,0.17219363139682684,-0.033288347167550636
705,Colombia,,3-68-0262,1750 m.s.n.m,7.58,7.25,7.42,7.25,7.58,7.83,10.0,10.0,10.0,7.5,82.42,0.02,0,0.0,,1,"September 21st, 2012",Almacafé,e493c36c2d076bf273064f7ac23ad562af257a25,70d3c0c26f89e00fdae6fb39ff54f0d2eb1c38ab,m,1750.0,1750.0,1750.0,2,0.18513494941009115,-0.036714728150995364
706,Honduras,63,13-111-022,1396,7.5,7.58,7.33,7.5,7.42,7.42,10.0,10.0,10.0,7.58,82.33,0.1,0,1.0,Green,8,"April 6th, 2018",Instituto Hondureño del Café,b4660a57e9f8cc613ae5b8f02bfce8634c763ab4,7f521ca403540f81ec99daec7da19c2788393880,m,1396.0,1396.0,1396.0,0,-0.08978609898230569,0.015497402257427137
707,Brazil,0063/17,,982,7.33,7.5,7.5,7.33,7.5,7.5,10.0,10.0,10.0,7.67,82.33,0.11,0,3.0,Green,11,"February 9th, 2018",Brazil Specialty Coffee Association,3297cfa4c538e3dd03f72cc4082c54f7999e1f9d,8900f0bf1d0b2bafe6807a73562c7677d57eb980,m,982.0,982.0,982.0,0,-0.14185636501988738,0.14772601590327564
709,Brazil,008/16B,002/1660/0106,934,7.5,7.5,7.42,7.5,7.42,7.5,10.0,10.0,10.0,7.5,82.33,0.11,0,2.0,Bluish-Green,3,"August 16th, 2017",Brazil Specialty Coffee Association,3297cfa4c538e3dd03f72cc4082c54f7999e1f9d,8900f0bf1d0b2bafe6807a73562c7677d57eb980,m,934.0,934.0,934.0,2,-0.007426965330381618,0.058740104564264886
710,Costa Rica,8270,5-025-0294,1850,7.75,7.5,7.25,7.25,7.42,7.67,10.0,10.0,10.0,7.5,82.33,0.1,6,1.0,Bluish-Green,3,"July 15th, 2017",Specialty Coffee Association of Costa Rica,8e0b118f3cf3121ab27c5387deacdb7d4d2a60b1,5eb2b7129d9714c43825e44dc3bca9423de209e9,m,1850.0,1850.0,1850.0,0,-0.13677177968897747,0.06402768121723378
711,Costa Rica,Tarrazu,5/423/0127,1550,7.75,7.33,7.5,7.5,7.33,7.58,10.0,10.0,10.0,7.33,82.33,0.0,0,2.0,Green,0,"May 17th, 2017",Specialty Coffee Association of Costa Rica,8e0b118f3cf3121ab27c5387deacdb7d4d2a60b1,5eb2b7129d9714c43825e44dc3bca9423de209e9,m,1550.0,1550.0,1550.0,2,0.1785251743999471,0.1543914599754321
712,China,YNC-16053,,1580,7.5,7.58,7.42,7.5,7.42,7.42,10.0,10.0,10.0,7.5,82.33,0.12,0,6.0,Green,2,"April 5th, 2017",Yunnan Coffee Exchange,683fa6014608fc10ff681b0435b0b2dbe6df988f,f6d87a6c04653c569d4911a66f89d5e30ce83b93,m,1580.0,1580.0,1580.0,2,0.022808421020227326,0.648809878664139
713,Brazil,,002/1660/0107,1268,8.25,7.83,7.25,8.33,8.17,8.08,10.0,6.67,10.0,7.75,82.33,0.07,0,0.0,Green,0,"October 7th, 2016",Specialty Coffee Association,36d0d00a3724338ba7937c52a378d085f2172daa,0878a7d4b9d35ddbf0fe2ce69a2062cceb45a660,m,1268.0,1268.0,1268.0,2,1.8307689889959315,-0.08658934493014214
715,Guatemala,,11-52-349,5500 metros,7.5,7.42,7.17,7.83,7.5,7.5,10.0,10.0,10.0,7.42,82.33,0.1,0,0.0,Green,6,"March 9th, 2016",Asociacion Nacional Del Café,b1f20fe3a819fd6b2ee0eb8fdc3da256604f1e53,724f04ad10ed31dbb9d260f0dfd221ba48be8a95,ft,1676.4,1676.4,1676.4,0,-0.051401813438310934,-0.02700563432445058
716,Malawi,,C22,1450 m,7.33,7.58,7.42,7.58,7.33,7.5,10.0,10.0,10.0,7.58,82.33,0.12,0,0.0,Green,0,"November 4th, 2015",Africa Fine Coffee Association,073285c0d45e2f5539012d969937e529564fa6fe,c4ab13415cdd69376a93780c0166e7b1a10481ea,m,1450.0,1450.0,1450.0,2,-0.024281047340693616,-0.05049069147923794
717,Brazil,,002/1660/0065,1100,7.75,8.08,7.67,8.08,8.08,8.0,10.0,10.0,6.67,8.0,82.33,0.11,0,0.0,Blue-Green,0,"October 15th, 2015",Specialty Coffee Association,36d0d00a3724338ba7937c52a378d085f2172daa,0878a7d4b9d35ddbf0fe2ce69a2062cceb45a660,m,1100.0,1100.0,1100.0,2,1.2958209622884977,-0.07312327616728052
718,Guatemala,,11/972/28,5000 ft.,7.58,7.67,7.5,7.58,7.75,7.5,9.33,10.0,10.0,7.42,82.33,0.12,0,0.0,Green,3,"June 10th, 2015",Asociacion Nacional Del Café,b1f20fe3a819fd6b2ee0eb8fdc3da256604f1e53,724f04ad10ed31dbb9d260f0dfd221ba48be8a95,ft,1524.0,1524.0,1524.0,2,0.23810541407495808,-0.048245987644095586
720,Colombia,,3-037-996,1300,7.42,7.33,7.5,7.17,7.08,8.33,10.0,10.0,10.0,7.5,82.33,0.1,0,0.0,Green,2,"January 21st, 2015",Specialty Coffee Association of Costa Rica,8e0b118f3cf3121ab27c5387deacdb7d4d2a60b1,5eb2b7129d9714c43825e44dc3bca9423de209e9,m,1300.0,1300.0,1300.0,2,-0.05583298082417993,-0.10559967958735937
721,Taiwan,,,200 m,7.5,7.5,7.5,7.5,7.5,7.5,10.0,10.0,10.0,7.33,82.33,0.11,0,0.0,Green,0,"December 26th, 2014",Blossom Valley International,fc45352eee499d8470cf94c9827922fb745bf815,de73fc9412358b523d3a641501e542f31d2668b0,m,200.0,200.0,200.0,2,0.03710369530752538,-0.30283079670413954
722,Taiwan,,,600 m,7.5,7.5,7.5,7.5,7.5,7.5,10.0,10.0,10.0,7.33,82.33,0.11,0,0.0,Green,0,"December 26th, 2014",Blossom Valley International,fc45352eee499d8470cf94c9827922fb745bf815,de73fc9412358b523d3a641501e542f31d2668b0,m,600.0,600.0,600.0,2,0.035129564283252916,-0.22410611011515394
723,Guatemala,,11/23/1015,4300,7.5,7.42,7.58,7.5,7.5,7.58,10.0,10.0,10.0,7.25,82.33,0.12,2,0.0,Green,1,"July 16th, 2014",Asociacion Nacional Del Café,b1f20fe3a819fd6b2ee0eb8fdc3da256604f1e53,724f04ad10ed31dbb9d260f0dfd221ba48be8a95,ft,1310.64,1310.64,1310.64,0,-0.030254448992288217,-0.10376303991276102
724,Colombia,,68-0220,1750 msnm,7.5,7.42,7.5,7.5,7.5,7.58,10.0,10.0,10.0,7.33,82.33,0.0,0,0.0,Green,1,"June 21st, 2014",Almacafé,e493c36c2d076bf273064f7ac23ad562af257a25,70d3c0c26f89e00fdae6fb39ff54f0d2eb1c38ab,m,1750.0,1750.0,1750.0,2,0.1608423727923563,-0.03625548187567932
725,Mexico,,2222,1300,7.67,7.5,7.42,7.5,7.42,7.42,10.0,10.0,10.0,7.42,82.33,0.12,0,0.0,Green,3,"March 15th, 2014",AMECAFE,59e396ad6e22a1c22b248f958e1da2bd8af85272,0eb4ee5b3f47b20b049548a2fd1e7d4a2b70d0a7,m,1300.0,1300.0,1300.0,0,-0.028194499707062885,-0.09337550654020467
727,Guatemala,,11/9768/02,5500-6000 psnm,7.67,7.5,7.33,7.67,7.5,7.33,10.0,10.0,10.0,7.33,82.33,0.11,0,0.0,Green,3,"October 5th, 2013",Asociacion Nacional Del Café,b1f20fe3a819fd6b2ee0eb8fdc3da256604f1e53,724f04ad10ed31dbb9d260f0dfd221ba48be8a95,ft,1676.4,1828.8,1752.6,0,-0.0158514340394091,-0.0026352411452512238
728,Mexico,,1702806437,441,7.58,7.67,7.58,7.33,7.0,7.58,10.0,10.0,10.0,7.58,82.33,0.15,1,0.0,,8,"September 27th, 2013",AMECAFE,59e396ad6e22a1c22b248f958e1da2bd8af85272,0eb4ee5b3f47b20b049548a2fd1e7d4a2b70d0a7,m,441.0,441.0,441.0,0,-0.22629772235972304,-0.28410159139258845
729,Mexico,,0,1170,7.67,7.58,7.5,7.58,7.5,7.5,10.0,10.0,10.0,7.0,82.33,0.13,0,0.0,Green,9,"August 31st, 2013",AMECAFE,59e396ad6e22a1c22b248f958e1da2bd8af85272,0eb4ee5b3f47b20b049548a2fd1e7d4a2b70d0a7,m,1170.0,1170.0,1170.0,0,-0.08871418780740031,-0.13583611187729486
730,Guatemala,,11/23/0394,4300,7.5,7.67,7.33,7.5,7.33,7.5,10.0,10.0,10.0,7.5,82.33,0.1,2,0.0,Green,5,"May 23rd, 2013",Asociacion Nacional Del Café,b1f20fe3a819fd6b2ee0eb8fdc3da256604f1e53,724f04ad10ed31dbb9d260f0dfd221ba48be8a95,ft,1310.64,1310.64,1310.64,0,-0.1034919554517287,-0.12006120367596332
731,Brazil,,002/1251/0243,1100m,7.58,7.5,7.42,7.5,7.5,7.42,10.0,10.0,10.0,7.42,82.33,0.12,0,0.0,Green,2,"April 11th, 2013",NUCOFFEE,567f200bcc17a90070cb952647bf88141ad9c80c,aa2ff513ffb9c844462a1fb07c599bce7f3bb53d,m,1100.0,1100.0,1100.0,0,-0.01989860091019824,-0.12891995527313277
732,Mexico,,1405830166,1200 a 1400,8.0,7.75,7.33,7.33,7.08,7.67,9.33,10.0,10.0,7.83,82.33,0.11,0,0.0,Green,0,"March 5th, 2013",AMECAFE,59e396ad6e22a1c22b248f958e1da2bd8af85272,0eb4ee5b3f47b20b049548a2fd1e7d4a2b70d0a7,m,1200.0,1400.0,1300.0,2,0.18212413333069385,-0.08790699111761083
733,Brazil,,002/1251/0247,950m,7.58,7.58,7.25,7.58,7.42,7.5,10.0,10.0,10.0,7.42,82.33,0.11,0,0.0,Green,2,"February 16th, 2013",NUCOFFEE,567f200bcc17a90070cb952647bf88141ad9c80c,aa2ff513ffb9c844462a1fb07c599bce7f3bb53d,m,950.0,950.0,950.0,2,-0.022075469970533314,-0.15729497787228586
734,Colombia,,3-59-0787,442 msnm,7.83,7.58,7.33,7.25,7.58,7.42,10.0,10.0,10.0,7.33,82.33,0.0,0,0.0,Green,0,"January 30th, 2013",Almacafé,e493c36c2d076bf273064f7ac23ad562af257a25,70d3c0c26f89e00fdae6fb39ff54f0d2eb1c38ab,m,442.0,442.0,442.0,2,0.1736735525473327,-0.29364683083299986
735,Brazil,KLEM-C04,002/1566/0003,1100,7.58,7.5,7.25,7.42,7.67,7.33,10.0,10.0,10.0,7.5,82.25,0.09,2,6.0,Green,10,"November 15th, 2018",Specialty Coffee Association,36d0d00a3724338ba7937c52a378d085f2172daa,0878a7d4b9d35ddbf0fe2ce69a2062cceb45a660,m,1100.0,1100.0,1100.0,0,-0.1792945056202552,0.49640857794895427
737,Guatemala,11/973/158,11/973/158,1450,7.67,7.5,7.25,7.67,7.42,7.42,10.0,10.0,10.0,7.33,82.25,0.11,0,2.0,Green,2,"August 31st, 2017",Asociacion Nacional Del Café,b1f20fe3a819fd6b2ee0eb8fdc3da256604f1e53,724f04ad10ed31dbb9d260f0dfd221ba48be8a95,m,1450.0,1450.0,1450.0,0,-0.06352971113917852,0.16956764105338176
738,Brazil,,002/4177/0150,1,7.42,7.67,7.5,7.08,7.5,7.42,10.0,10.0,10.0,7.67,82.25,0.0,0,0.0,Green,9,"October 7th, 2016",Brazil Specialty Coffee Association,3297cfa4c538e3dd03f72cc4082c54f7999e1f9d,8900f0bf1d0b2bafe6807a73562c7677d57eb980,m,1.0,1.0,1.0,2,-0.05679838116047366,-0.4185641886820633
739,El Salvador,,391,1500,7.58,7.67,7.5,7.67,7.83,8.42,9.33,9.33,9.33,7.58,82.25,0.12,0,0.0,Green,0,"July 7th, 2016",Salvadoran Coffee Council,3d4987e3b91399dbb3938b5bdf53893b6ef45be1,27b21e368fb8291cbea02c60623fe6c98f84524d,m,1500.0,1500.0,1500.0,2,0.7664442910900723,-0.03354025926179451
740,Honduras,,13-63-206,1350,7.58,7.5,7.42,7.58,7.42,7.42,10.0,10.0,10.0,7.33,82.25,0.11,0,0.0,Green,2,"April 14th, 2016",Instituto Hondureño del Café,b4660a57e9f8cc613ae5b8f02bfce8634c763ab4,7f521ca403540f81ec99daec7da19c2788393880,m,1350.0,1350.0,1350.0,0,-0.08370588363722346,-0.0815257811612191
741,Malawi,,C20,1180m,7.58,7.42,7.33,7.42,7.58,7.5,10.0,10.0,10.0,7.42,82.25,0.13,0,0.0,Blue-Green,0,"November 4th, 2015",Africa Fine Coffee Association,073285c0d45e2f5539012d969937e529564fa6fe,c4ab13415cdd69376a93780c0166e7b1a10481ea,m,1180.0,1180.0,1180.0,0,-0.09130887592914094,-0.1053915280936319
742,Brazil,,002/1660/0065,1100,7.75,7.58,7.42,7.42,7.33,7.33,10.0,10.0,10.0,7.42,82.25,0.11,0,0.0,Green,0,"October 16th, 2015",Specialty Coffee Association,36d0d00a3724338ba7937c52a378d085f2172daa,0878a7d4b9d35ddbf0fe2ce69a2062cceb45a660,m,1100.0,1100.0,1100.0,0,-0.06700863952662685,-0.1268630588901161
743,Taiwan,,,650 m,7.5,7.5,7.5,7.5,7.5,7.5,10.0,10.0,10.0,7.25,82.25,0.11,0,0.0,Green,0,"December 26th, 2014",Blossom Valley International,fc45352eee499d8470cf94c9827922fb745bf815,de73fc9412358b523d3a641501e542f31d2668b0,m,650.0,650.0,650.0,0,-0.0395398234925872,-0.21445086026358495
744,Mexico,,1104387103,1338,7.58,7.58,7.42,7.42,7.42,7.42,10.0,10.0,10.0,7.42,82.25,0.12,0,0.0,Blue-Green,4,"July 19th, 2014",AMECAFE,59e396ad6e22a1c22b248f958e1da2bd8af85272,0eb4ee5b3f47b20b049548a2fd1e7d4a2b70d0a7,m,1338.0,1338.0,1338.0,0,-0.13156590382923447,-0.09122528478188717
746,Mexico,,842046,533,7.58,7.58,7.5,7.17,7.42,7.42,10.0,10.0,10.0,7.58,82.25,0.16,3,0.0,,8,"September 27th, 2013",AMECAFE,59e396ad6e22a1c22b248f958e1da2bd8af85272,0eb4ee5b3f47b20b049548a2fd1e7d4a2b70d0a7,m,533.0,533.0,533.0,0,-0.3335685431904178,-0.28530822477843587
747,Guatemala,,11-11711-19,4563,7.5,7.5,7.33,7.58,7.67,7.33,10.0,10.0,10.0,7.33,82.25,0.11,0,0.0,Green,2,"September 19th, 2013",Asociacion Nacional Del Café,b1f20fe3a819fd6b2ee0eb8fdc3da256604f1e53,724f04ad10ed31dbb9d260f0dfd221ba48be8a95,ft,1390.8024,1390.8024,1390.8024,0,-0.08184310338713452,-0.07275295008665078
748,Mexico,,0,1170,7.5,7.58,7.42,7.67,7.33,7.42,10.0,10.0,10.0,7.33,82.25,0.13,0,0.0,Green,3,"August 31st, 2013",AMECAFE,59e396ad6e22a1c22b248f958e1da2bd8af85272,0eb4ee5b3f47b20b049548a2fd1e7d4a2b70d0a7,m,1170.0,1170.0,1170.0,0,-0.132784368002605,-0.11098099722131498
749,Mexico,,1405818311,1250,7.67,7.58,7.33,7.5,7.42,7.42,10.0,10.0,10.0,7.33,82.25,0.12,0,0.0,Green,13,"August 30th, 2013",AMECAFE,59e396ad6e22a1c22b248f958e1da2bd8af85272,0eb4ee5b3f47b20b049548a2fd1e7d4a2b70d0a7,m,1250.0,1250.0,1250.0,0,-0.2673469090472351,-0.13859971450517783
751,Mexico,,1102751473,1100,7.33,7.58,7.42,7.67,7.33,7.5,10.0,10.0,10.0,7.42,82.25,0.11,0,0.0,Green,0,"July 11th, 2013",AMECAFE,59e396ad6e22a1c22b248f958e1da2bd8af85272,0eb4ee5b3f47b20b049548a2fd1e7d4a2b70d0a7,m,1100.0,1100.0,1100.0,0,-0.0755852142003491,-0.11968425042144112
752,Mexico,,2671,900,7.42,7.5,7.42,7.58,7.42,7.5,10.0,10.0,10.0,7.42,82.25,0.1,0,0.0,Green,3,"April 2nd, 2013",AMECAFE,59e396ad6e22a1c22b248f958e1da2bd8af85272,0eb4ee5b3f47b20b049548a2fd1e7d4a2b70d0a7,m,900.0,900.0,900.0,0,-0.0973088837956654,-0.17602798071192471
753,Colombia,,3-68-0088,1750,7.5,7.42,7.67,7.33,7.58,7.33,10.0,10.0,10.0,7.42,82.25,0.12,0,0.0,Green,1,"February 21st, 2013",Almacafé,e493c36c2d076bf273064f7ac23ad562af257a25,70d3c0c26f89e00fdae6fb39ff54f0d2eb1c38ab,m,1750.0,1750.0,1750.0,0,-0.09121690829346728,-0.004830461557556251
754,Colombia,,3-37-0663,de 1600 a 1950 msnm,7.67,7.33,7.33,7.33,7.5,7.5,10.0,10.0,10.0,7.58,82.25,0.11,0,0.0,Green,0,"February 8th, 2013",Almacafé,e493c36c2d076bf273064f7ac23ad562af257a25,70d3c0c26f89e00fdae6fb39ff54f0d2eb1c38ab,m,1600.0,1950.0,1775.0,0,-0.11142184181844128,0.00282566027680243
757,Brazil,007/16C,002/1660/0105,934,7.42,7.42,7.5,7.42,7.42,7.5,10.0,10.0,10.0,7.5,82.17,0.11,0,1.0,Green,5,"August 16th, 2017",Brazil Specialty Coffee Association,3297cfa4c538e3dd03f72cc4082c54f7999e1f9d,8900f0bf1d0b2bafe6807a73562c7677d57eb980,m,934.0,934.0,934.0,0,-0.21913480646316133,-0.06586757517459133
758,Honduras,118,13-111-054,1500,7.5,7.5,7.17,7.42,7.5,7.5,10.0,10.0,10.0,7.58,82.17,0.11,0,1.0,Bluish-Green,2,"June 9th, 2017",Instituto Hondureño del Café,b4660a57e9f8cc613ae5b8f02bfce8634c763ab4,7f521ca403540f81ec99daec7da19c2788393880,m,1500.0,1500.0,1500.0,0,-0.19486500834228032,0.059731521259486546
759,Nicaragua,017/105/16042,16042,1000,7.5,7.5,7.33,7.42,7.5,7.42,10.0,10.0,10.0,7.5,82.17,0.1,0,0.0,Green,1,"March 15th, 2017",Instituto Hondureño del Café,b4660a57e9f8cc613ae5b8f02bfce8634c763ab4,7f521ca403540f81ec99daec7da19c2788393880,m,1000.0,1000.0,1000.0,0,-0.15673728919074453,-0.15336494527079692
760,"Tanzania, United Republic Of",,CA058,1500-1800,7.58,7.42,7.42,7.33,7.5,7.42,10.0,10.0,10.0,7.5,82.17,0.13,1,0.0,Green,6,"November 15th, 2016",Africa Fine Coffee Association,073285c0d45e2f5539012d969937e529564fa6fe,c4ab13415cdd69376a93780c0166e7b1a10481ea,m,1500.0,1800.0,1650.0,0,-0.2970453137178781,-0.04700776070905228
761,"Tanzania, United Republic Of",,3881832/P1412427,1600,7.42,7.42,7.42,7.5,7.5,7.33,10.0,10.0,10.0,7.58,82.17,0.12,0,0.0,Green,1,"October 19th, 2016",Tanzanian Coffee Board,047484d5700c44f033915e632e0c6013d985cd79,127e651fc8b7c35802268599656f2c76bf041b15,m,1600.0,1600.0,1600.0,0,-0.19555205232904876,-0.02843668501376529
762,Brazil,,002/4177/0164,1,6.92,7.58,7.42,7.33,7.83,7.5,10.0,10.0,10.0,7.58,82.17,0.0,0,0.0,Green,1,"October 7th, 2016",Brazil Specialty Coffee Association,3297cfa4c538e3dd03f72cc4082c54f7999e1f9d,8900f0bf1d0b2bafe6807a73562c7677d57eb980,m,1.0,1.0,1.0,2,-0.01422312753911301,-0.3830923940618658
763,Thailand,,49881,800++,7.42,7.42,7.17,7.75,7.25,7.67,10.0,10.0,10.0,7.5,82.17,0.12,0,0.0,Bluish-Green,0,"June 8th, 2016",Specialty Coffee Association,36d0d00a3724338ba7937c52a378d085f2172daa,0878a7d4b9d35ddbf0fe2ce69a2062cceb45a660,m,800.0,800.0,800.0,0,-0.18888644707756114,-0.1730092778036989
764,Honduras,,13-63-206,1350,7.67,7.5,7.25,7.42,7.58,7.42,10.0,10.0,10.0,7.33,82.17,0.11,0,0.0,Green,2,"April 14th, 2016",Instituto Hondureño del Café,b4660a57e9f8cc613ae5b8f02bfce8634c763ab4,7f521ca403540f81ec99daec7da19c2788393880,m,1350.0,1350.0,1350.0,0,-0.166078135411959,-0.08437774186583953
765,Guatemala,,11873168,1500,7.42,7.42,7.5,7.5,7.42,7.5,10.0,10.0,10.0,7.42,82.17,0.09,0,0.0,Blue-Green,4,"March 20th, 2016",Blossom Valley International,fc45352eee499d8470cf94c9827922fb745bf815,de73fc9412358b523d3a641501e542f31d2668b0,m,1500.0,1500.0,1500.0,0,-0.1808598708063416,-0.06862921485140337
767,"Tanzania, United Republic Of",,C33,1700,7.75,7.42,7.42,7.58,7.33,7.42,10.0,10.0,10.0,7.25,82.17,0.12,0,0.0,Green,1,"December 15th, 2015",Africa Fine Coffee Association,073285c0d45e2f5539012d969937e529564fa6fe,c4ab13415cdd69376a93780c0166e7b1a10481ea,m,1700.0,1700.0,1700.0,0,-0.1706934198214418,-0.006571524968926921
768,Mexico,,0,1100,7.42,7.33,7.17,7.42,7.33,8.17,10.0,10.0,10.0,7.33,82.17,0.12,0,0.0,Green,0,"July 15th, 2015",AMECAFE,59e396ad6e22a1c22b248f958e1da2bd8af85272,0eb4ee5b3f47b20b049548a2fd1e7d4a2b70d0a7,m,1100.0,1100.0,1100.0,0,-0.19255659333137035,-0.12267517816135663
769,Mexico,,NONE,1200-1600m,7.5,7.5,7.33,7.42,7.5,7.42,10.0,10.0,10.0,7.5,82.17,0.1,1,0.0,,1,"April 10th, 2015",Specialty Coffee Association,36d0d00a3724338ba7937c52a378d085f2172daa,0878a7d4b9d35ddbf0fe2ce69a2062cceb45a660,m,1200.0,1600.0,1400.0,0,-0.18549067163064564,-0.08311392737048345
770,Taiwan,,,1200 m,7.5,7.5,7.5,7.5,7.5,7.5,10.0,10.0,10.0,7.17,82.17,0.11,0,0.0,Green,0,"December 26th, 2014",Blossom Valley International,fc45352eee499d8470cf94c9827922fb745bf815,de73fc9412358b523d3a641501e542f31d2668b0,m,1200.0,1200.0,1200.0,0,-0.1200405890564425,-0.10620020988315443
771,Taiwan,,Taiwan,800 m,7.67,7.5,7.5,7.17,7.17,7.58,10.0,10.0,10.0,7.58,82.17,0.0,0,0.0,Green,0,"May 29th, 2014",Specialty Coffee Association,36d0d00a3724338ba7937c52a378d085f2172daa,0878a7d4b9d35ddbf0fe2ce69a2062cceb45a660,m,800.0,800.0,800.0,2,-0.04359248238641451,-0.22723045157787441
772,Colombia,,3-68-0144,1750 msnm,7.33,7.25,7.25,7.58,7.75,7.5,10.0,10.0,10.0,7.5,82.17,0.0,0,0.0,Bluish-Green,1,"March 20th, 2014",Almacafé,e493c36c2d076bf273064f7ac23ad562af257a25,70d3c0c26f89e00fdae6fb39ff54f0d2eb1c38ab,m,1750.0,1750.0,1750.0,2,-0.036516490861044866,-0.033791237453532644
773,Mexico,,1702764973,1144,7.5,7.67,7.0,7.5,7.33,7.5,10.0,10.0,10.0,7.67,82.17,0.15,1,0.0,,9,"September 27th, 2013",AMECAFE,59e396ad6e22a1c22b248f958e1da2bd8af85272,0eb4ee5b3f47b20b049548a2fd1e7d4a2b70d0a7,m,1144.0,1144.0,1144.0,0,-0.4095074178151277,-0.140544093526962
774,Guatemala,,11/00183/00020,1350,7.25,7.75,7.0,7.75,8.17,7.75,10.0,10.0,9.33,7.17,82.17,0.12,0,0.0,,2,"August 2nd, 2013",Specialty Coffee Association,36d0d00a3724338ba7937c52a378d085f2172daa,0878a7d4b9d35ddbf0fe2ce69a2062cceb45a660,m,1350.0,1350.0,1350.0,2,0.12535730638107243,-0.06111268883455814
775,Mexico,,3196666,1000,7.5,7.58,7.25,7.5,7.5,7.33,10.0,10.0,10.0,7.5,82.17,0.12,0,0.0,Green,4,"July 11th, 2013",AMECAFE,59e396ad6e22a1c22b248f958e1da2bd8af85272,0eb4ee5b3f47b20b049548a2fd1e7d4a2b70d0a7,m,1000.0,1000.0,1000.0,0,-0.24425421760086563,-0.1542788540311405
776,Mexico,,"70381402, 70381402, 703815394",1200,7.0,7.67,7.5,7.5,7.42,7.5,10.0,10.0,10.0,7.58,82.17,0.1,0,0.0,Green,1,"July 2nd, 2013",AMECAFE,59e396ad6e22a1c22b248f958e1da2bd8af85272,0eb4ee5b3f47b20b049548a2fd1e7d4a2b70d0a7,m,1200.0,1200.0,1200.0,0,-0.1748149945980234,-0.11086231728279869
777,Colombia,,3-68-0154,1800 msnm,7.58,7.67,7.42,7.17,7.17,7.75,10.0,10.0,10.0,7.42,82.17,0.08,0,0.0,,0,"February 9th, 2012",Almacafé,e493c36c2d076bf273064f7ac23ad562af257a25,70d3c0c26f89e00fdae6fb39ff54f0d2eb1c38ab,m,1800.0,1800.0,1800.0,0,-0.13234652133393374,-0.003021928698678474
778,Indonesia,SRAN-Gayo,,1300,7.5,7.5,7.42,7.42,7.5,7.42,10.0,10.0,10.0,7.33,82.08,0.15,0,0.0,,3,"August 3rd, 2018",Specialty Coffee Association of Indonesia,99fa73db21b7acd9c9ceb9dd84e409d2077d55c4,36910838db193ebdd61fa1427bac74622114c49a,m,1300.0,1300.0,1300.0,0,-0.3166279446037626,-0.08716819449996221
780,Brazil,007/16B,002/1660/0105,894,7.42,7.58,7.42,7.5,7.42,7.25,10.0,10.0,10.0,7.5,82.08,0.11,0,1.0,Green,3,"August 16th, 2017",Brazil Specialty Coffee Association,3297cfa4c538e3dd03f72cc4082c54f7999e1f9d,8900f0bf1d0b2bafe6807a73562c7677d57eb980,m,894.0,894.0,894.0,0,-0.27328340023164843,-0.06283509910702714
781,Brazil,,002/4177/0150,1,7.25,7.25,7.58,7.58,7.25,7.92,10.0,10.0,10.0,7.25,82.08,0.0,0,0.0,Green,1,"October 7th, 2016",Brazil Specialty Coffee Association,3297cfa4c538e3dd03f72cc4082c54f7999e1f9d,8900f0bf1d0b2bafe6807a73562c7677d57eb980,m,1.0,1.0,1.0,2,-0.10810993015447543,-0.38057748313548795
782,Costa Rica,,5-019-0060,1200-1400 masl,7.75,7.42,7.42,7.25,7.17,7.42,10.0,10.0,10.0,7.67,82.08,0.0,0,0.0,Blue-Green,0,"April 9th, 2016",Specialty Coffee Association of Costa Rica,8e0b118f3cf3121ab27c5387deacdb7d4d2a60b1,5eb2b7129d9714c43825e44dc3bca9423de209e9,m,1200.0,1400.0,1300.0,2,-0.1276360964784194,-0.12748597567415212
783,"Tanzania, United Republic Of",,4,1500,7.42,7.33,7.42,7.42,7.5,7.58,10.0,10.0,10.0,7.42,82.08,0.12,0,0.0,Green,5,"March 24th, 2016",Tanzanian Coffee Board,047484d5700c44f033915e632e0c6013d985cd79,127e651fc8b7c35802268599656f2c76bf041b15,m,1500.0,1500.0,1500.0,0,-0.33090990003884135,-0.06544839475519276
784,"Tanzania, United Republic Of",,C19,1500 - 1700,7.42,7.5,7.5,7.33,7.33,7.5,10.0,10.0,10.0,7.5,82.08,0.12,0,0.0,Green,3,"January 8th, 2016",Africa Fine Coffee Association,073285c0d45e2f5539012d969937e529564fa6fe,c4ab13415cdd69376a93780c0166e7b1a10481ea,m,1500.0,1700.0,1600.0,0,-0.32024258912719455,-0.04005608451544764
786,Costa Rica,,5-025-0101,1.3,7.58,7.33,7.33,7.33,7.5,7.67,10.0,10.0,10.0,7.33,82.08,0.11,0,0.0,Green,2,"March 21st, 2015",Specialty Coffee Association of Costa Rica,8e0b118f3cf3121ab27c5387deacdb7d4d2a60b1,5eb2b7129d9714c43825e44dc3bca9423de209e9,m,13.0,13.0,13.0,0,-0.2790985504576597,-0.3517703892298422
788,Mexico,,0,1300,7.42,7.58,7.5,7.33,7.42,7.42,10.0,10.0,10.0,7.42,82.08,0.13,0,0.0,Green,7,"September 10th, 2013",AMECAFE,59e396ad6e22a1c22b248f958e1da2bd8af85272,0eb4ee5b3f47b20b049548a2fd1e7d4a2b70d0a7,m,1300.0,1300.0,1300.0,0,-0.36760571387061686,-0.10979667223920352
789,Mexico,,0,1800,7.5,7.42,7.42,7.5,7.25,7.5,10.0,10.0,10.0,7.5,82.08,0.13,3,0.0,Green,13,"August 30th, 2013",AMECAFE,59e396ad6e22a1c22b248f958e1da2bd8af85272,0eb4ee5b3f47b20b049548a2fd1e7d4a2b70d0a7,m,1800.0,1800.0,1800.0,0,-0.5493856774850774,-0.05598908836767662
790,Mexico,,1104362837,1250,7.67,7.5,7.25,7.58,7.42,7.33,10.0,10.0,10.0,7.33,82.08,0.11,0,0.0,Green,11,"July 26th, 2013",AMECAFE,59e396ad6e22a1c22b248f958e1da2bd8af85272,0eb4ee5b3f47b20b049548a2fd1e7d4a2b70d0a7,m,1250.0,1250.0,1250.0,0,-0.4030478797835719,-0.13292712909420043
791,Vietnam,,,1040m,7.67,8.0,7.17,7.08,7.67,7.08,10.0,10.0,10.0,7.42,82.08,0.12,0,0.0,Green,2,"July 23rd, 2013",Specialty Coffee Association,36d0d00a3724338ba7937c52a378d085f2172daa,0878a7d4b9d35ddbf0fe2ce69a2062cceb45a660,m,1040.0,1040.0,1040.0,0,-0.2518368245444416,-0.14642374343537007
792,Mexico,,1102751467,1250,7.58,7.42,7.25,7.75,7.33,7.42,10.0,10.0,10.0,7.33,82.08,0.11,0,0.0,Green,1,"July 11th, 2013",AMECAFE,59e396ad6e22a1c22b248f958e1da2bd8af85272,0eb4ee5b3f47b20b049548a2fd1e7d4a2b70d0a7,m,1250.0,1250.0,1250.0,0,-0.26448601405203487,-0.09242989312301993
794,Colombia,,3-059-1329,1600 msnm,7.67,7.42,7.67,7.33,7.25,7.58,10.0,10.0,10.0,7.17,82.08,0.08,1,0.0,,5,"April 17th, 2012",Almacafé,e493c36c2d076bf273064f7ac23ad562af257a25,70d3c0c26f89e00fdae6fb39ff54f0d2eb1c38ab,m,1600.0,1600.0,1600.0,0,-0.2795272328768306,-0.07033251804995735
795,Honduras,47,13-111-024,1600,7.5,7.5,7.17,7.5,7.5,7.42,10.0,10.0,10.0,7.42,82.0,0.12,0,0.0,Green,1,"June 1st, 2018",Instituto Hondureño del Café,b4660a57e9f8cc613ae5b8f02bfce8634c763ab4,7f521ca403540f81ec99daec7da19c2788393880,m,1600.0,1600.0,1600.0,0,-0.34503252425185377,-0.02632954810087366
796,Honduras,47,13-111-024,1600,7.5,7.5,7.25,7.33,7.42,7.5,10.0,10.0,10.0,7.5,82.0,0.1,0,1.0,Green,7,"April 6th, 2018",Instituto Hondureño del Café,b4660a57e9f8cc613ae5b8f02bfce8634c763ab4,7f521ca403540f81ec99daec7da19c2788393880,m,1600.0,1600.0,1600.0,0,-0.42435730056615995,0.05446899887469783
797,Brazil,007/16G,002/1660/0105,944,7.5,7.33,7.42,7.5,7.33,7.42,10.0,10.0,10.0,7.5,82.0,0.11,0,2.0,Green,3,"August 16th, 2017",Brazil Specialty Coffee Association,3297cfa4c538e3dd03f72cc4082c54f7999e1f9d,8900f0bf1d0b2bafe6807a73562c7677d57eb980,m,944.0,944.0,944.0,0,-0.3744693390162373,0.058548576765375025
798,"Tanzania, United Republic Of",,CA006,1500-1800,7.67,7.33,7.33,7.42,7.42,7.42,10.0,10.0,10.0,7.42,82.0,0.13,0,0.0,Green,20,"November 15th, 2016",Africa Fine Coffee Association,073285c0d45e2f5539012d969937e529564fa6fe,c4ab13415cdd69376a93780c0166e7b1a10481ea,m,1500.0,1800.0,1650.0,0,-0.6523548046858036,-0.08755074123477172
799,Laos,,105,1250m,7.42,7.5,7.25,7.33,7.5,7.5,10.0,10.0,10.0,7.5,82.0,0.12,0,0.0,Blue-Green,0,"November 4th, 2016",Specialty Coffee Institute of Asia,726e4891cf2c9a4848768bd34b668124d12c4224,b70da261fcc84831e3e9620c30a8701540abc200,m,1250.0,1250.0,1250.0,0,-0.3506170502129945,-0.09634180689988575
800,"Tanzania, United Republic Of",,C42,1300- 1400,7.42,7.42,7.33,7.58,7.33,7.42,10.0,10.0,10.0,7.5,82.0,0.12,0,0.0,Green,3,"December 18th, 2015",Africa Fine Coffee Association,073285c0d45e2f5539012d969937e529564fa6fe,c4ab13415cdd69376a93780c0166e7b1a10481ea,m,1300.0,1400.0,1350.0,0,-0.4039507929121303,-0.08251893513901025
801,Malawi,,C120,2500m,7.5,7.42,7.33,7.58,7.33,7.5,10.0,10.0,10.0,7.33,82.0,0.13,0,0.0,Bluish-Green,1,"October 31st, 2015",Africa Fine Coffee Association,073285c0d45e2f5539012d969937e529564fa6fe,c4ab13415cdd69376a93780c0166e7b1a10481ea,m,2500.0,2500.0,2500.0,0,-0.38061563981946095,0.15404395551549993
802,Taiwan,,Taiwan,600m,7.33,7.5,7.17,7.42,7.5,7.33,10.0,10.0,10.0,7.75,82.0,0.09,0,0.0,Green,0,"July 22nd, 2015",Specialty Coffee Association,36d0d00a3724338ba7937c52a378d085f2172daa,0878a7d4b9d35ddbf0fe2ce69a2062cceb45a660,m,600.0,600.0,600.0,0,-0.3380839882407657,-0.2304966102660469
803,Thailand,,10704180,800++,7.58,7.5,7.42,7.42,7.33,7.42,10.0,10.0,10.0,7.33,82.0,0.11,0,0.0,Green,0,"June 20th, 2015",Specialty Coffee Association,36d0d00a3724338ba7937c52a378d085f2172daa,0878a7d4b9d35ddbf0fe2ce69a2062cceb45a660,m,800.0,800.0,800.0,0,-0.3206347752086085,-0.18705919719179642
804,Costa Rica,,5-0048-0144,1200-1400,7.5,7.25,7.33,7.33,7.75,7.5,10.0,10.0,10.0,7.33,82.0,0.1,0,0.0,Green,4,"June 9th, 2015",Specialty Coffee Association of Costa Rica,8e0b118f3cf3121ab27c5387deacdb7d4d2a60b1,5eb2b7129d9714c43825e44dc3bca9423de209e9,m,1200.0,1400.0,1300.0,0,-0.36592285296555177,-0.11023101474631672
805,Honduras,,13-123-306,1400 m.s.n.m.,7.33,7.33,7.33,7.5,7.5,7.83,10.0,10.0,10.0,7.17,82.0,0.11,0,0.0,Green,5,"April 30th, 2015",Instituto Hondureño del Café,b4660a57e9f8cc613ae5b8f02bfce8634c763ab4,7f521ca403540f81ec99daec7da19c2788393880,m,1400.0,1400.0,1400.0,0,-0.39393691139027354,-0.08551155493809647
806,Colombia,,3-37-2863,1800 - 2000,7.33,7.33,7.58,7.5,7.5,7.58,10.0,10.0,10.0,7.17,82.0,0.11,0,0.0,Green,1,"September 13th, 2014",Almacafé,e493c36c2d076bf273064f7ac23ad562af257a25,70d3c0c26f89e00fdae6fb39ff54f0d2eb1c38ab,m,1800.0,2000.0,1900.0,0,-0.3246134614139151,0.02514969264975319
807,Taiwan,,Taiwan,600-700 m,7.42,7.58,7.33,7.42,8.0,7.5,9.33,10.0,10.0,7.42,82.0,0.12,0,0.0,Bluish-Green,0,"June 3rd, 2014",Specialty Coffee Association,36d0d00a3724338ba7937c52a378d085f2172daa,0878a7d4b9d35ddbf0fe2ce69a2062cceb45a660,m,600.0,700.0,650.0,2,-0.05828068908443897,-0.21324010813171462
808,Brazil,,??,894m - 1183m,7.33,7.67,7.42,7.17,7.33,7.42,10.0,10.0,10.0,7.67,82.0,0.11,0,0.0,Blue-Green,0,"May 21st, 2014",Specialty Coffee Association,36d0d00a3724338ba7937c52a378d085f2172daa,0878a7d4b9d35ddbf0fe2ce69a2062cceb45a660,m,894.0,1183.0,1038.5,0,-0.3547587878715699,-0.14458523059076817
809,Mexico,,1104355254,940,7.67,7.33,7.25,7.5,7.42,7.42,10.0,10.0,10.0,7.42,82.0,0.12,0,0.0,Green,1,"July 11th, 2013",AMECAFE,59e396ad6e22a1c22b248f958e1da2bd8af85272,0eb4ee5b3f47b20b049548a2fd1e7d4a2b70d0a7,m,940.0,940.0,940.0,0,-0.3620654737302666,-0.15774548635948976
810,Brazil,,002/1251/0237,1000m,7.42,7.5,7.33,7.5,7.33,7.5,10.0,10.0,10.0,7.42,82.0,0.12,0,0.0,Green,1,"June 4th, 2013",NUCOFFEE,567f200bcc17a90070cb952647bf88141ad9c80c,aa2ff513ffb9c844462a1fb07c599bce7f3bb53d,m,1000.0,1000.0,1000.0,0,-0.36952536072684394,-0.14498056665671896
811,Brazil,,002/1251/0240,1050m,7.42,7.5,7.25,7.5,7.5,7.42,10.0,10.0,10.0,7.42,82.0,0.11,0,0.0,Blue-Green,1,"April 11th, 2013",NUCOFFEE,567f200bcc17a90070cb952647bf88141ad9c80c,aa2ff513ffb9c844462a1fb07c599bce7f3bb53d,m,1050.0,1050.0,1050.0,0,-0.33897829686202263,-0.13761595493144016
813,Brazil,,001/1251/0253,950m,7.58,7.5,7.17,7.5,7.5,7.42,10.0,10.0,10.0,7.33,82.0,0.12,0,0.0,Green,2,"February 16th, 2013",NUCOFFEE,567f200bcc17a90070cb952647bf88141ad9c80c,aa2ff513ffb9c844462a1fb07c599bce7f3bb53d,m,950.0,950.0,950.0,0,-0.36720826401012546,-0.15730227049423195
814,Guatemala,,11/23/0238,4600 ft.,7.75,7.33,7.33,7.42,7.75,7.67,10.0,10.0,9.33,7.42,82.0,0.0,0,0.0,Green,10,"January 31st, 2013",Specialty Coffee Association,36d0d00a3724338ba7937c52a378d085f2172daa,0878a7d4b9d35ddbf0fe2ce69a2062cceb45a660,ft,1402.08,1402.08,1402.08,2,-0.07034518849972189,-0.13273747001489433
815,Colombia,,3-37-2782,de 1.600 a 1.950 msn,7.33,7.0,7.08,7.42,7.5,7.67,10.0,10.0,10.0,8.0,82.0,0.07,0,0.0,,2,"July 28th, 2012",Almacafé,e493c36c2d076bf273064f7ac23ad562af257a25,70d3c0c26f89e00fdae6fb39ff54f0d2eb1c38ab,m,1600.0,1950.0,1775.0,0,-0.4135325729596205,-0.01537396669981123
816,Guatemala,11/23/0633,11/23/0633,1901,7.58,7.5,7.25,7.58,7.58,7.5,9.33,10.0,10.0,7.58,81.92,0.1,0,0.0,Green,1,"August 22nd, 2018",Asociacion Nacional Del Café,b1f20fe3a819fd6b2ee0eb8fdc3da256604f1e53,724f04ad10ed31dbb9d260f0dfd221ba48be8a95,m,1901.0,1901.0,1901.0,0,-0.18989339479423506,0.026403489116980514
817,Guatemala,11/23/0515,11/23/0515,4000,7.5,7.5,7.25,7.42,7.42,7.42,10.0,10.0,10.0,7.42,81.92,0.11,0,2.0,Green,0,"June 22nd, 2018",Asociacion Nacional Del Café,b1f20fe3a819fd6b2ee0eb8fdc3da256604f1e53,724f04ad10ed31dbb9d260f0dfd221ba48be8a95,ft,1219.2,1219.2,1219.2,0,-0.38957748742611864,0.12427507042418796
818,Honduras,63,13-111-022,1400,7.58,7.5,7.25,7.33,7.42,7.5,10.0,10.0,10.0,7.33,81.92,0.12,0,0.0,Green,1,"June 1st, 2018",Instituto Hondureño del Café,b4660a57e9f8cc613ae5b8f02bfce8634c763ab4,7f521ca403540f81ec99daec7da19c2788393880,m,1400.0,1400.0,1400.0,0,-0.44041278756059205,-0.07092622788194314
819,Brazil,2016/0002,02 / 143-0 / 0044,1020,7.42,7.33,7.33,7.5,7.5,7.33,10.0,10.0,10.0,7.5,81.92,0.11,0,0.0,Green,4,"October 26th, 2017",Brazil Specialty Coffee Association,3297cfa4c538e3dd03f72cc4082c54f7999e1f9d,8900f0bf1d0b2bafe6807a73562c7677d57eb980,m,1020.0,1020.0,1020.0,0,-0.48673475300625746,-0.15752598585125066
820,El Salvador,,09-032-86,1250,7.67,7.58,7.33,7.5,7.5,7.67,10.0,10.0,9.33,7.33,81.92,0.11,0,0.0,Green,2,"May 4th, 2016",Salvadoran Coffee Council,3d4987e3b91399dbb3938b5bdf53893b6ef45be1,27b21e368fb8291cbea02c60623fe6c98f84524d,m,1250.0,1250.0,1250.0,0,-0.17625188680866494,-0.09578075748618883
821,Guatemala,,11-973-59,1300 a 1800 mtrs. a nivel del mar,7.58,7.58,7.17,7.83,7.17,7.33,10.0,10.0,10.0,7.25,81.92,0.11,0,0.0,Green,7,"April 19th, 2016",Asociacion Nacional Del Café,b1f20fe3a819fd6b2ee0eb8fdc3da256604f1e53,724f04ad10ed31dbb9d260f0dfd221ba48be8a95,m,1300.0,1800.0,1550.0,0,-0.5152202618837374,-0.05225194589351537
822,"Tanzania, United Republic Of",,C13,1877,7.33,7.33,7.33,7.42,7.5,7.58,10.0,10.0,10.0,7.42,81.92,0.12,0,0.0,Green,4,"January 6th, 2016",Africa Fine Coffee Association,073285c0d45e2f5539012d969937e529564fa6fe,c4ab13415cdd69376a93780c0166e7b1a10481ea,m,1877.0,1877.0,1877.0,0,-0.5016729741031114,0.012525717421762155
824,Zambia,,-,1000-1500m,7.67,7.08,7.42,7.33,7.75,7.42,10.0,10.0,10.0,7.25,81.92,0.0,1,0.0,,3,"June 20th, 2015",Specialty Coffee Association,36d0d00a3724338ba7937c52a378d085f2172daa,0878a7d4b9d35ddbf0fe2ce69a2062cceb45a660,m,1000.0,1500.0,1250.0,0,-0.302784382294334,-0.1588147090129541
826,Taiwan,,,1000 m,7.5,7.5,7.42,7.25,7.5,7.5,10.0,10.0,10.0,7.25,81.92,0.11,0,0.0,Green,0,"December 26th, 2014",Blossom Valley International,fc45352eee499d8470cf94c9827922fb745bf815,de73fc9412358b523d3a641501e542f31d2668b0,m,1000.0,1000.0,1000.0,0,-0.390163974250667,-0.15213386023785125
827,Mexico,,2406,1300,7.58,7.5,7.25,7.58,7.5,7.25,10.0,10.0,10.0,7.25,81.92,0.12,0,0.0,Green,6,"March 29th, 2014",AMECAFE,59e396ad6e22a1c22b248f958e1da2bd8af85272,0eb4ee5b3f47b20b049548a2fd1e7d4a2b70d0a7,m,1300.0,1300.0,1300.0,0,-0.4988587497285064,-0.10242890848929323
828,Mexico,,1700920709,981,7.5,7.5,7.25,7.25,7.5,7.5,10.0,10.0,10.0,7.42,81.92,0.13,2,0.0,,7,"September 27th, 2013",AMECAFE,59e396ad6e22a1c22b248f958e1da2bd8af85272,0eb4ee5b3f47b20b049548a2fd1e7d4a2b70d0a7,m,981.0,981.0,981.0,0,-0.5894909274720216,-0.19134792832655242
829,Mexico,,1702772190,690,7.5,7.42,7.25,7.5,7.33,7.33,10.0,10.0,10.0,7.58,81.92,0.14,2,0.0,,8,"September 27th, 2013",AMECAFE,59e396ad6e22a1c22b248f958e1da2bd8af85272,0eb4ee5b3f47b20b049548a2fd1e7d4a2b70d0a7,m,690.0,690.0,690.0,0,-0.6529420932833335,-0.2435063571517669
830,Mexico,,1104402366,1650,7.33,7.58,7.17,7.58,7.42,7.33,10.0,10.0,10.0,7.5,81.92,0.12,0,0.0,Green,4,"July 11th, 2013",AMECAFE,59e396ad6e22a1c22b248f958e1da2bd8af85272,0eb4ee5b3f47b20b049548a2fd1e7d4a2b70d0a7,m,1650.0,1650.0,1650.0,0,-0.5088541451300154,-0.02447693200628318
831,Mexico,,0,1000,7.67,7.42,7.33,7.83,7.5,7.5,9.33,10.0,10.0,7.33,81.92,0.12,0,0.0,Green,0,"July 11th, 2013",AMECAFE,59e396ad6e22a1c22b248f958e1da2bd8af85272,0eb4ee5b3f47b20b049548a2fd1e7d4a2b70d0a7,m,1000.0,1000.0,1000.0,0,-0.17534887289536671,-0.13526977640449683
832,Brazil,,002/1241/0244,1100m,7.42,7.58,7.25,7.5,7.33,7.5,10.0,10.0,10.0,7.33,81.92,0.12,0,0.0,Green,3,"February 28th, 2013",NUCOFFEE,567f200bcc17a90070cb952647bf88141ad9c80c,aa2ff513ffb9c844462a1fb07c599bce7f3bb53d,m,1100.0,1100.0,1100.0,0,-0.48035000157105806,-0.1315263000040958
833,Colombia,,3-068-141,1600 m.s.n.m,7.67,7.33,7.33,7.58,7.33,7.33,10.0,10.0,10.0,7.33,81.92,0.09,0,0.0,,1,"February 1st, 2012",Almacafé,e493c36c2d076bf273064f7ac23ad562af257a25,70d3c0c26f89e00fdae6fb39ff54f0d2eb1c38ab,m,1600.0,1600.0,1600.0,0,-0.422467924609499,-0.03628564177512618
834,Guatemala,11/23/0634,11/23/0634,518,7.42,7.5,7.25,7.5,7.33,7.42,10.0,10.0,10.0,7.42,81.83,0.1,1,0.0,Green,1,"August 22nd, 2018",Asociacion Nacional Del Café,b1f20fe3a819fd6b2ee0eb8fdc3da256604f1e53,724f04ad10ed31dbb9d260f0dfd221ba48be8a95,ft,157.8864,157.8864,157.8864,0,-0.5171150248164506,-0.326157319916217
835,Costa Rica,LP-C211-182,,1900,7.25,7.33,7.5,7.33,7.67,7.42,10.0,10.0,10.0,7.33,81.83,0.0,1,0.0,Green,4,"February 13th, 2018",Specialty Coffee Association,36d0d00a3724338ba7937c52a378d085f2172daa,0878a7d4b9d35ddbf0fe2ce69a2062cceb45a660,m,1900.0,1900.0,1900.0,0,-0.40913929403104593,-0.03356317566562542
836,Brazil,2017/001,02/0143-0/0292,973,7.42,7.5,7.42,7.5,7.42,7.25,10.0,10.0,10.0,7.33,81.83,0.11,0,1.0,Green,3,"January 20th, 2018",Brazil Specialty Coffee Association,3297cfa4c538e3dd03f72cc4082c54f7999e1f9d,8900f0bf1d0b2bafe6807a73562c7677d57eb980,m,973.0,973.0,973.0,0,-0.5125336242283267,-0.048889419740007135
837,Indonesia,BALI INTEN DEWATA,015/1969/008,1250,7.75,7.83,7.58,7.75,7.92,7.83,10.0,10.0,10.0,5.17,81.83,0.11,0,1.0,Green,0,"January 19th, 2018",Specialty Coffee Association,36d0d00a3724338ba7937c52a378d085f2172daa,0878a7d4b9d35ddbf0fe2ce69a2062cceb45a660,m,1250.0,1250.0,1250.0,0,-0.17426894925029515,0.023874876782512645
838,Guatemala,11/23/0507,11/23/0507,3280,7.58,7.5,7.33,7.42,7.58,7.25,10.0,10.0,10.0,7.17,81.83,0.1,2,0.0,Green,6,"August 2nd, 2017",Asociacion Nacional Del Café,b1f20fe3a819fd6b2ee0eb8fdc3da256604f1e53,724f04ad10ed31dbb9d260f0dfd221ba48be8a95,m,3280.0,3280.0,3280.0,0,-0.5813810371072985,0.2577637161241001
839,Brazil,,002/4177/0150,1,7.17,7.58,6.83,7.5,7.75,7.25,10.0,10.0,10.0,7.75,81.83,0.0,0,0.0,Green,1,"October 7th, 2016",Brazil Specialty Coffee Association,3297cfa4c538e3dd03f72cc4082c54f7999e1f9d,8900f0bf1d0b2bafe6807a73562c7677d57eb980,m,1.0,1.0,1.0,0,-0.39005088986830116,-0.37517425195283954
840,Brazil,,002/4177/0164,1,7.58,7.0,6.92,6.92,7.67,7.5,10.0,10.0,10.0,8.25,81.83,0.0,0,0.0,Green,0,"October 7th, 2016",Brazil Specialty Coffee Association,3297cfa4c538e3dd03f72cc4082c54f7999e1f9d,8900f0bf1d0b2bafe6807a73562c7677d57eb980,m,1.0,1.0,1.0,0,-0.4645442826700879,-0.3916286202944537
841,Myanmar,,unspecified,4001,7.33,7.58,7.5,7.42,7.33,7.33,10.0,10.0,10.0,7.33,81.83,0.0,0,0.0,Green,2,"July 16th, 2016",Coffee Quality Institute,1d4c7f93129f9fb1c8a5f0ce0e36cc1cf4c2f4d7,0f62c9236e3ff5c4921da1e22a350aa99482779d,m,4001.0,4001.0,4001.0,0,-0.3855063807248034,0.40044387872034215
842,Mexico,,,1350-1500,7.58,7.5,7.33,7.5,7.17,7.33,10.0,10.0,10.0,7.42,81.83,0.11,0,0.0,Green,7,"June 24th, 2016",Asociación Mexicana De Cafés y Cafeterías De Especialidad A.C.,3441698871fa609a44ce947e8944ee42eb4428b9,9894541e8065ee718165a1d432389d114defc38c,m,1350.0,1500.0,1425.0,0,-0.622785658298512,-0.08743350358549347
843,Honduras,,13-63-301,1400 msnm,7.5,7.5,7.33,7.5,7.42,7.25,10.0,10.0,10.0,7.33,81.83,0.12,0,0.0,Green,1,"May 11th, 2016",Instituto Hondureño del Café,b4660a57e9f8cc613ae5b8f02bfce8634c763ab4,7f521ca403540f81ec99daec7da19c2788393880,m,1400.0,1400.0,1400.0,0,-0.519707239693648,-0.0674744461867799
844,Costa Rica,,5-019-0118,1200-1400 masl,7.67,7.5,7.5,7.25,7.08,7.42,10.0,10.0,10.0,7.42,81.83,0.09,0,0.0,Green,0,"May 6th, 2016",Specialty Coffee Association of Costa Rica,8e0b118f3cf3121ab27c5387deacdb7d4d2a60b1,5eb2b7129d9714c43825e44dc3bca9423de209e9,m,1200.0,1400.0,1300.0,0,-0.48921741879852654,-0.1002159723579103
845,Taiwan,,Taiwan,700m,7.67,7.33,7.17,7.25,7.75,7.33,10.0,10.0,10.0,7.33,81.83,0.0,0,0.0,Green,0,"April 29th, 2016",Specialty Coffee Association,36d0d00a3724338ba7937c52a378d085f2172daa,0878a7d4b9d35ddbf0fe2ce69a2062cceb45a660,m,700.0,700.0,700.0,0,-0.33410500031181745,-0.24543427357221698
846,Indonesia,,15041753,1300m,7.42,7.42,7.42,7.33,7.42,7.42,10.0,10.0,10.0,7.42,81.83,0.11,2,0.0,,6,"March 20th, 2016",Blossom Valley International,fc45352eee499d8470cf94c9827922fb745bf815,de73fc9412358b523d3a641501e542f31d2668b0,m,1300.0,1300.0,1300.0,0,-0.6249205860607685,-0.13139364488865424
847,Malawi,,2,1556m,7.58,7.42,7.33,7.33,7.33,7.42,10.0,10.0,10.0,7.42,81.83,0.13,0,0.0,Green,0,"October 31st, 2015",Africa Fine Coffee Association,073285c0d45e2f5539012d969937e529564fa6fe,c4ab13415cdd69376a93780c0166e7b1a10481ea,m,1556.0,1556.0,1556.0,0,-0.5464723296013334,-0.034683374723083915
848,Brazil,,002/1660/0065,1100,7.33,7.58,7.25,7.17,7.83,7.33,10.0,10.0,10.0,7.33,81.83,0.11,0,0.0,Green,0,"October 15th, 2015",Specialty Coffee Association,36d0d00a3724338ba7937c52a378d085f2172daa,0878a7d4b9d35ddbf0fe2ce69a2062cceb45a660,m,1100.0,1100.0,1100.0,0,-0.4802349435280363,-0.13300214601509003
849,Honduras,,13-111-311,1350,7.5,7.5,7.33,7.33,7.33,7.33,10.0,10.0,10.0,7.5,81.83,0.1,0,0.0,Green,4,"May 16th, 2015",Instituto Hondureño del Café,b4660a57e9f8cc613ae5b8f02bfce8634c763ab4,7f521ca403540f81ec99daec7da19c2788393880,m,1350.0,1350.0,1350.0,0,-0.5784530889214011,-0.0985322481613576
850,Mexico,,0016-2814-0002,1550 meters,7.42,7.42,7.25,7.5,7.33,7.42,10.0,10.0,10.0,7.5,81.83,0.11,0,0.0,Green,0,"April 26th, 2015",Specialty Coffee Association,36d0d00a3724338ba7937c52a378d085f2172daa,0878a7d4b9d35ddbf0fe2ce69a2062cceb45a660,m,1550.0,1550.0,1550.0,0,-0.5241663642437496,-0.0367229896436727
851,Colombia,,3-37-2547,de 1.600 a 1950 msnm,7.5,7.5,7.0,7.42,7.5,7.58,10.0,10.0,10.0,7.33,81.83,0.0,2,0.0,Bluish-Green,0,"July 19th, 2014",Almacafé,e493c36c2d076bf273064f7ac23ad562af257a25,70d3c0c26f89e00fdae6fb39ff54f0d2eb1c38ab,m,1600.0,1950.0,1775.0,0,-0.3997437420886218,-0.04370800468942699
853,Brazil,,002/1352/0159,1250,7.75,7.75,7.5,7.42,7.83,7.75,9.33,9.33,9.33,7.83,81.83,0.12,0,0.0,Bluish-Green,0,"March 2nd, 2014",Specialty Coffee Association,36d0d00a3724338ba7937c52a378d085f2172daa,0878a7d4b9d35ddbf0fe2ce69a2062cceb45a660,m,1250.0,1250.0,1250.0,2,0.3069275774949671,-0.0898588558983953
854,Guatemala,,11/23/0397,4300,7.83,7.67,7.33,7.33,7.67,7.83,9.33,10.0,9.33,7.5,81.83,0.11,0,0.0,Green,1,"February 26th, 2014",Asociacion Nacional Del Café,b1f20fe3a819fd6b2ee0eb8fdc3da256604f1e53,724f04ad10ed31dbb9d260f0dfd221ba48be8a95,ft,1310.64,1310.64,1310.64,2,-0.0255179967235015,-0.08473957744873514
855,Mexico,,1506543018,1500,7.83,7.33,7.25,7.58,7.25,7.33,10.0,10.0,10.0,7.25,81.83,0.12,0,0.0,Green,2,"August 31st, 2013",AMECAFE,59e396ad6e22a1c22b248f958e1da2bd8af85272,0eb4ee5b3f47b20b049548a2fd1e7d4a2b70d0a7,m,1500.0,1500.0,1500.0,0,-0.5610013956001295,-0.049821668448728255
856,Mexico,,1104363377,1250,7.33,7.33,7.25,7.5,7.5,7.5,10.0,10.0,10.0,7.42,81.83,0.12,0,0.0,Green,10,"July 11th, 2013",AMECAFE,59e396ad6e22a1c22b248f958e1da2bd8af85272,0eb4ee5b3f47b20b049548a2fd1e7d4a2b70d0a7,m,1250.0,1250.0,1250.0,0,-0.6833821747689532,-0.12976122880171118
857,Brazil,,002/1251/0361,900-950m,7.33,7.67,7.25,7.5,7.5,7.25,10.0,10.0,10.0,7.33,81.83,0.02,0,0.0,,2,"October 27th, 2012",NUCOFFEE,567f200bcc17a90070cb952647bf88141ad9c80c,aa2ff513ffb9c844462a1fb07c599bce7f3bb53d,m,900.0,950.0,925.0,0,-0.3969489468556076,-0.19296147929760762
858,Colombia,,3-68-0206,1600-1800 msnm,7.58,7.5,7.17,7.58,7.33,7.33,10.0,10.0,10.0,7.33,81.83,0.05,0,0.0,,0,"June 13th, 2012",Almacafé,e493c36c2d076bf273064f7ac23ad562af257a25,70d3c0c26f89e00fdae6fb39ff54f0d2eb1c38ab,m,1600.0,1800.0,1700.0,0,-0.4388249664487472,-0.02260789387757301
860,Guatemala,11/23/0514,11/23/0514,1700,7.5,7.5,7.25,7.42,7.42,7.33,10.0,10.0,10.0,7.33,81.75,0.11,0,1.0,Green,1,"June 22nd, 2018",Asociacion Nacional Del Café,b1f20fe3a819fd6b2ee0eb8fdc3da256604f1e53,724f04ad10ed31dbb9d260f0dfd221ba48be8a95,m,1700.0,1700.0,1700.0,0,-0.5858900762706158,0.10069560214434317
861,Vietnam,,,1040,7.0,7.08,7.33,7.5,7.5,7.33,10.0,10.0,10.0,8.0,81.75,0.12,0,0.0,Bluish-Green,0,"December 20th, 2016",Specialty Coffee Association,36d0d00a3724338ba7937c52a378d085f2172daa,0878a7d4b9d35ddbf0fe2ce69a2062cceb45a660,m,1040.0,1040.0,1040.0,0,-0.6900131349642428,-0.1380207690542308
862,"Tanzania, United Republic Of",,C15,1500 - 1700,7.42,7.42,7.42,7.42,7.33,7.33,10.0,10.0,10.0,7.42,81.75,0.12,0,0.0,Bluish-Green,4,"January 8th, 2016",Africa Fine Coffee Association,073285c0d45e2f5539012d969937e529564fa6fe,c4ab13415cdd69376a93780c0166e7b1a10481ea,m,1500.0,1700.0,1600.0,0,-0.6601526723641751,-0.0424966299119467
864,Mexico,,1702772155,774,7.5,7.5,7.33,7.42,7.25,7.25,10.0,10.0,10.0,7.5,81.75,0.13,2,0.0,,9,"September 27th, 2013",AMECAFE,59e396ad6e22a1c22b248f958e1da2bd8af85272,0eb4ee5b3f47b20b049548a2fd1e7d4a2b70d0a7,m,774.0,774.0,774.0,0,-0.8078635116228585,-0.23647453665464885
865,Mexico,,1104372561,1250,7.42,7.5,7.17,7.67,7.33,7.42,10.0,10.0,10.0,7.25,81.75,0.13,0,0.0,Green,23,"September 10th, 2013",AMECAFE,59e396ad6e22a1c22b248f958e1da2bd8af85272,0eb4ee5b3f47b20b049548a2fd1e7d4a2b70d0a7,m,1250.0,1250.0,1250.0,0,-0.9407147666184927,-0.16833077848509148
866,Mexico,,"2037240, 2037150,1400213685",1100,7.42,7.5,7.33,7.58,7.33,7.33,10.0,10.0,10.0,7.25,81.75,0.11,0,0.0,Green,1,"September 4th, 2013",AMECAFE,59e396ad6e22a1c22b248f958e1da2bd8af85272,0eb4ee5b3f47b20b049548a2fd1e7d4a2b70d0a7,m,1100.0,1100.0,1100.0,0,-0.5953801936685339,-0.12757633633720547
867,Mexico,,2676,1550,7.33,7.42,7.33,7.67,7.42,7.25,10.0,10.0,10.0,7.33,81.75,0.12,10,0.0,Green,14,"August 30th, 2013",AMECAFE,59e396ad6e22a1c22b248f958e1da2bd8af85272,0eb4ee5b3f47b20b049548a2fd1e7d4a2b70d0a7,m,1550.0,1550.0,1550.0,0,-1.0067952562822493,-0.17006102815586946
868,Mexico,,PCO-031106-CF7,1650,7.5,7.42,7.25,7.33,7.67,7.25,10.0,10.0,10.0,7.33,81.75,0.12,0,0.0,,1,"June 6th, 2013",AMECAFE,59e396ad6e22a1c22b248f958e1da2bd8af85272,0eb4ee5b3f47b20b049548a2fd1e7d4a2b70d0a7,m,1650.0,1650.0,1650.0,0,-0.5991389255318101,-0.022783079764086174
869,Colombia,,3-68-0059,1750 msnm,7.33,7.42,7.33,7.33,7.5,7.67,10.0,10.0,10.0,7.17,81.75,0.0,0,0.0,Green,1,"December 21st, 2012",Almacafé,e493c36c2d076bf273064f7ac23ad562af257a25,70d3c0c26f89e00fdae6fb39ff54f0d2eb1c38ab,m,1750.0,1750.0,1750.0,0,-0.4338748323302965,-0.04047883751055566
870,Colombia,,3-37-2930,de 1600 a 1950 msnm,7.42,7.58,6.92,7.08,7.25,8.0,10.0,10.0,10.0,7.5,81.75,0.08,0,0.0,,0,"October 3rd, 2012",Almacafé,e493c36c2d076bf273064f7ac23ad562af257a25,70d3c0c26f89e00fdae6fb39ff54f0d2eb1c38ab,m,1600.0,1950.0,1775.0,0,-0.5984507690872763,-0.00810830281539474
871,Brazil,019/17,002/1660/0079,890,7.42,7.5,7.25,7.5,7.5,7.25,10.0,10.0,10.0,7.25,81.67,0.11,0,0.0,Green,5,"October 20th, 2018",Brazil Specialty Coffee Association,3297cfa4c538e3dd03f72cc4082c54f7999e1f9d,8900f0bf1d0b2bafe6807a73562c7677d57eb980,m,890.0,890.0,890.0,0,-0.710369626990217,-0.1857484004328793
872,Guatemala,11/23/0640,11/23/0640,1700,7.42,7.42,7.08,7.42,7.33,7.42,10.0,10.0,10.0,7.58,81.67,0.1,0,0.0,Green,1,"August 22nd, 2018",Asociacion Nacional Del Café,b1f20fe3a819fd6b2ee0eb8fdc3da256604f1e53,724f04ad10ed31dbb9d260f0dfd221ba48be8a95,m,1700.0,1700.0,1700.0,0,-0.7030387806212424,-0.015803922839690083
873,Guatemala,11/23/0701,11/23/0701,4000,7.42,7.33,7.17,7.67,7.33,7.42,10.0,10.0,10.0,7.33,81.67,0.12,0,1.0,Green,3,"June 5th, 2018",Asociacion Nacional Del Café,b1f20fe3a819fd6b2ee0eb8fdc3da256604f1e53,724f04ad10ed31dbb9d260f0dfd221ba48be8a95,ft,1219.2,1219.2,1219.2,0,-0.7207541986800506,0.007279352719143198
874,Honduras,340,13-63-174,1450,7.58,7.5,7.33,7.33,7.42,7.25,10.0,10.0,10.0,7.25,81.67,0.11,0,0.0,Blue-Green,2,"May 2nd, 2017",Instituto Hondureño del Café,b4660a57e9f8cc613ae5b8f02bfce8634c763ab4,7f521ca403540f81ec99daec7da19c2788393880,m,1450.0,1450.0,1450.0,0,-0.6812159192525825,-0.06968412682990145
875,"Tanzania, United Republic Of",4783,033/0004/0191,1800,7.17,7.33,7.33,7.42,7.5,7.33,10.0,10.0,10.0,7.58,81.67,0.0,0,0.0,Green,1,"April 27th, 2017",Tanzanian Coffee Board,047484d5700c44f033915e632e0c6013d985cd79,127e651fc8b7c35802268599656f2c76bf041b15,m,1800.0,1800.0,1800.0,0,-0.5614766397636104,-0.030100596791131015
878,Brazil,,002/4177/0150,1,7.25,7.75,6.92,7.42,7.5,7.58,10.0,10.0,10.0,7.25,81.67,0.0,0,0.0,Green,0,"October 7th, 2016",Brazil Specialty Coffee Association,3297cfa4c538e3dd03f72cc4082c54f7999e1f9d,8900f0bf1d0b2bafe6807a73562c7677d57eb980,m,1.0,1.0,1.0,0,-0.4941586909087013,-0.3730436785661275
879,"Tanzania, United Republic Of",,C001,1200-1800m,7.42,7.33,7.25,7.42,7.5,7.42,10.0,10.0,10.0,7.33,81.67,0.12,0,0.0,Green,0,"January 2nd, 2016",Africa Fine Coffee Association,073285c0d45e2f5539012d969937e529564fa6fe,c4ab13415cdd69376a93780c0166e7b1a10481ea,m,1200.0,1800.0,1500.0,0,-0.677888240832174,-0.04732615829511016
880,"Tanzania, United Republic Of",,C39,1700,7.33,7.33,7.5,7.25,7.42,7.33,10.0,10.0,10.0,7.5,81.67,0.12,0,0.0,Green,7,"December 15th, 2015",Africa Fine Coffee Association,073285c0d45e2f5539012d969937e529564fa6fe,c4ab13415cdd69376a93780c0166e7b1a10481ea,m,1700.0,1700.0,1700.0,0,-0.8103263387893904,-0.04002421031249916
881,Brazil,,002/4177/0161,1260,7.25,7.42,7.25,7.5,7.5,7.42,10.0,10.0,10.0,7.33,81.67,0.1,0,0.0,Green,2,"October 16th, 2015",Specialty Coffee Association,36d0d00a3724338ba7937c52a378d085f2172daa,0878a7d4b9d35ddbf0fe2ce69a2062cceb45a660,m,1260.0,1260.0,1260.0,0,-0.6770765710246217,-0.10508736779392598
883,Honduras,,13-111-192,1400,7.5,7.33,7.5,7.5,7.17,7.17,10.0,10.0,10.0,7.5,81.67,0.1,0,0.0,Green,5,"May 16th, 2015",Instituto Hondureño del Café,b4660a57e9f8cc613ae5b8f02bfce8634c763ab4,7f521ca403540f81ec99daec7da19c2788393880,m,1400.0,1400.0,1400.0,0,-0.7558824580749358,-0.09145210022157578
884,Costa Rica,,5-025-0135,1850,7.5,7.17,7.17,7.17,7.5,7.08,10.0,10.0,10.0,8.08,81.67,0.11,0,0.0,Green,3,"April 26th, 2015",Specialty Coffee Association of Costa Rica,8e0b118f3cf3121ab27c5387deacdb7d4d2a60b1,5eb2b7129d9714c43825e44dc3bca9423de209e9,m,1850.0,1850.0,1850.0,0,-0.8087355194097543,0.00038491780568512894
886,Taiwan,,,150 m,7.5,7.5,7.5,7.25,7.42,7.25,10.0,10.0,10.0,7.25,81.67,0.11,0,0.0,Green,0,"December 26th, 2014",Blossom Valley International,fc45352eee499d8470cf94c9827922fb745bf815,de73fc9412358b523d3a641501e542f31d2668b0,m,150.0,150.0,150.0,0,-0.6444018259136961,-0.32094437074339227
887,Taiwan,,,750 m,7.58,7.42,7.33,7.42,7.33,7.33,10.0,10.0,10.0,7.25,81.67,0.11,0,0.0,Green,0,"December 26th, 2014",Blossom Valley International,fc45352eee499d8470cf94c9827922fb745bf815,de73fc9412358b523d3a641501e542f31d2668b0,m,750.0,750.0,750.0,0,-0.6679435242134822,-0.1977883512182493
888,Mexico,,2496,1400,7.5,7.42,7.08,7.58,7.33,7.33,10.0,10.0,10.0,7.42,81.67,0.12,0,0.0,Green,6,"March 29th, 2014",AMECAFE,59e396ad6e22a1c22b248f958e1da2bd8af85272,0eb4ee5b3f47b20b049548a2fd1e7d4a2b70d0a7,m,1400.0,1400.0,1400.0,0,-0.8000713620682205,-0.08241774925770359
889,Guatemala,,11/9768/01,5500-6000 psnm,7.5,7.67,7.33,7.33,7.33,7.33,10.0,10.0,10.0,7.17,81.67,0.11,0,0.0,Green,4,"October 5th, 2013",Asociacion Nacional Del Café,b1f20fe3a819fd6b2ee0eb8fdc3da256604f1e53,724f04ad10ed31dbb9d260f0dfd221ba48be8a95,ft,1676.4,1828.8,1752.6,0,-0.7134580811006097,-0.015291681536014996
890,Mexico,,0,1650,7.25,7.67,7.58,7.67,7.67,7.58,8.67,10.0,10.0,7.58,81.67,0.13,1,0.0,Green,13,"September 11th, 2013",AMECAFE,59e396ad6e22a1c22b248f958e1da2bd8af85272,0eb4ee5b3f47b20b049548a2fd1e7d4a2b70d0a7,m,1650.0,1650.0,1650.0,0,-0.41825182844151915,-0.06627315467074994
891,Mexico,,0,1400,7.67,7.25,7.17,7.75,7.5,7.25,10.0,10.0,10.0,7.08,81.67,0.11,0,0.0,Green,4,"August 30th, 2013",AMECAFE,59e396ad6e22a1c22b248f958e1da2bd8af85272,0eb4ee5b3f47b20b049548a2fd1e7d4a2b70d0a7,m,1400.0,1400.0,1400.0,0,-0.6997473861321981,-0.07618050774607063
892,Mexico,,1506803385,1200,7.5,7.42,7.33,7.42,7.42,7.42,10.0,10.0,10.0,7.17,81.67,0.11,0,0.0,Green,2,"July 27th, 2013",AMECAFE,59e396ad6e22a1c22b248f958e1da2bd8af85272,0eb4ee5b3f47b20b049548a2fd1e7d4a2b70d0a7,m,1200.0,1200.0,1200.0,0,-0.6740624781725096,-0.11609938919156922
893,Mexico,,2222,1400,7.58,7.42,7.25,7.58,7.25,7.17,10.0,10.0,10.0,7.42,81.67,0.11,0,0.0,Green,2,"April 2nd, 2013",AMECAFE,59e396ad6e22a1c22b248f958e1da2bd8af85272,0eb4ee5b3f47b20b049548a2fd1e7d4a2b70d0a7,m,1400.0,1400.0,1400.0,0,-0.7193482147793586,-0.0721994450182258
894,Mexico,,1,940,7.75,7.58,7.25,7.17,7.58,7.33,9.33,10.0,10.0,7.67,81.67,0.11,0,0.0,Green,4,"February 28th, 2013",AMECAFE,59e396ad6e22a1c22b248f958e1da2bd8af85272,0eb4ee5b3f47b20b049548a2fd1e7d4a2b70d0a7,m,940.0,940.0,940.0,0,-0.5173299184621271,-0.180467260679074
896,Honduras,174.18,,1200,7.5,7.42,7.08,7.42,7.5,7.33,10.0,10.0,10.0,7.33,81.58,0.11,0,1.0,Blue-Green,3,"January 19th, 2019",Instituto Hondureño del Café,b4660a57e9f8cc613ae5b8f02bfce8634c763ab4,7f521ca403540f81ec99daec7da19c2788393880,m,1200.0,1200.0,1200.0,0,-0.7899572689168964,-0.004938725565091486
897,Guatemala,11/23/0368,11/23/0368,190164,7.42,7.42,7.08,7.5,7.42,7.33,10.0,10.0,10.0,7.42,81.58,0.12,0,0.0,Green,0,"June 1st, 2018",Asociacion Nacional Del Café,b1f20fe3a819fd6b2ee0eb8fdc3da256604f1e53,724f04ad10ed31dbb9d260f0dfd221ba48be8a95,m,190164.0,190164.0,190164.0,3,-1.3723368870056392,37.06903608673849
898,Taiwan,2016 Washed,Taiwan,800,7.42,7.42,7.25,7.67,7.33,7.25,10.0,10.0,10.0,7.25,81.58,0.1,0,0.0,Blue-Green,0,"July 15th, 2017",Specialty Coffee Association,36d0d00a3724338ba7937c52a378d085f2172daa,0878a7d4b9d35ddbf0fe2ce69a2062cceb45a660,m,800.0,800.0,800.0,0,-0.7233407911602204,-0.18445598826649037
899,Costa Rica,,5-025-024/25,1.3,7.58,7.42,7.5,7.17,7.08,7.58,10.0,10.0,10.0,7.25,81.58,0.12,0,0.0,Green,1,"February 3rd, 2016",Specialty Coffee Association of Costa Rica,8e0b118f3cf3121ab27c5387deacdb7d4d2a60b1,5eb2b7129d9714c43825e44dc3bca9423de209e9,m,13.0,13.0,13.0,0,-0.7914535893792483,-0.35127896646603834
900,"Tanzania, United Republic Of",,C30,1800,7.42,7.42,7.33,7.42,7.42,7.33,10.0,10.0,10.0,7.25,81.58,0.12,0,0.0,Green,5,"December 18th, 2015",Africa Fine Coffee Association,073285c0d45e2f5539012d969937e529564fa6fe,c4ab13415cdd69376a93780c0166e7b1a10481ea,m,1800.0,1800.0,1800.0,0,-0.8262279821744076,-0.006751583469472315
901,Malawi,,C13,1100m,7.42,7.42,7.17,7.58,7.33,7.33,10.0,10.0,10.0,7.33,81.58,0.13,0,0.0,Green,0,"October 31st, 2015",Africa Fine Coffee Association,073285c0d45e2f5539012d969937e529564fa6fe,c4ab13415cdd69376a93780c0166e7b1a10481ea,m,1100.0,1100.0,1100.0,0,-0.7896168759053874,-0.11762812210322565
902,Taiwan,,Taiwan,850 m,7.33,7.17,7.08,7.08,8.33,8.25,10.0,10.0,9.33,7.0,81.58,0.0,0,0.0,,0,"August 25th, 2015",Specialty Coffee Association,36d0d00a3724338ba7937c52a378d085f2172daa,0878a7d4b9d35ddbf0fe2ce69a2062cceb45a660,m,850.0,850.0,850.0,0,-0.2961607743621109,-0.21416142692247486
903,Brazil,,002/1660/0058,1260,7.42,7.42,7.33,7.33,7.5,7.25,10.0,10.0,10.0,7.33,81.58,0.12,0,0.0,Blue-Green,3,"November 6th, 2014",NUCOFFEE,567f200bcc17a90070cb952647bf88141ad9c80c,aa2ff513ffb9c844462a1fb07c599bce7f3bb53d,m,1260.0,1260.0,1260.0,0,-0.8085244238124754,-0.10806161252632668
904,Guatemala,,11/23/1014,4300,7.42,7.33,7.17,7.58,7.42,7.5,10.0,10.0,10.0,7.17,81.58,0.12,0,0.0,Green,1,"July 16th, 2014",Asociacion Nacional Del Café,b1f20fe3a819fd6b2ee0eb8fdc3da256604f1e53,724f04ad10ed31dbb9d260f0dfd221ba48be8a95,ft,1310.64,1310.64,1310.64,0,-0.7680127958041033,-0.08340084383022027
905,Mexico,,2496,1400,7.67,7.5,7.42,7.5,6.75,7.42,10.0,10.0,10.0,7.33,81.58,0.12,0,0.0,Green,9,"March 29th, 2014",AMECAFE,59e396ad6e22a1c22b248f958e1da2bd8af85272,0eb4ee5b3f47b20b049548a2fd1e7d4a2b70d0a7,m,1400.0,1400.0,1400.0,0,-0.9341488929353988,-0.09755586297283259
906,Mexico,,PCO-031106-CF7,1600,7.33,7.5,7.25,7.5,7.5,7.17,10.0,10.0,10.0,7.33,81.58,0.11,0,0.0,,0,"June 6th, 2013",AMECAFE,59e396ad6e22a1c22b248f958e1da2bd8af85272,0eb4ee5b3f47b20b049548a2fd1e7d4a2b70d0a7,m,1600.0,1600.0,1600.0,0,-0.7491571198900234,-0.02754742973168994
907,Mexico,,PCO-031106-CF7,1650,7.67,7.58,7.42,7.58,7.58,7.42,10.0,10.0,8.67,7.67,81.58,0.11,0,0.0,,2,"June 6th, 2013",AMECAFE,59e396ad6e22a1c22b248f958e1da2bd8af85272,0eb4ee5b3f47b20b049548a2fd1e7d4a2b70d0a7,m,1650.0,1650.0,1650.0,2,-0.2928268077247552,-0.009766994055064843
908,Thailand,,Thailand/Organic/FT/Peaberry/Crop 2011P,4921ft,7.08,7.33,7.58,7.58,7.17,7.5,10.0,10.0,10.0,7.33,81.58,0.01,0,0.0,,0,"November 15th, 2012",Specialty Coffee Association,36d0d00a3724338ba7937c52a378d085f2172daa,0878a7d4b9d35ddbf0fe2ce69a2062cceb45a660,ft,1499.9208,1499.9208,1499.9208,0,-0.6461346197715705,-0.0798270047294498
910,Costa Rica,,,4500-6000 feet,7.25,7.17,7.33,7.33,7.5,7.75,10.0,10.0,10.0,7.25,81.58,0.0,0,0.0,,1,"June 13th, 2012",Specialty Coffee Association,36d0d00a3724338ba7937c52a378d085f2172daa,0878a7d4b9d35ddbf0fe2ce69a2062cceb45a660,ft,1371.6,1828.8,1600.2,0,-0.631539605062235,-0.07236603073288161
911,Guatemala,11/23/0688,11/23/0688,4000,7.67,7.58,7.17,7.42,7.33,7.42,9.33,10.0,10.0,7.58,81.5,0.1,0,0.0,Green,0,"August 23rd, 2018",Asociacion Nacional Del Café,b1f20fe3a819fd6b2ee0eb8fdc3da256604f1e53,724f04ad10ed31dbb9d260f0dfd221ba48be8a95,ft,1219.2,1219.2,1219.2,0,-0.6029124388789417,-0.10805376582372679
912,Nicaragua,017-053-0211 / 017-053-0212,017-053-0211 / 017-053-0212,1100,7.5,7.42,7.33,7.33,7.25,7.33,10.0,10.0,10.0,7.33,81.5,0.11,0,0.0,Green,3,"June 20th, 2018",Instituto Hondureño del Café,b4660a57e9f8cc613ae5b8f02bfce8634c763ab4,7f521ca403540f81ec99daec7da19c2788393880,m,1100.0,1100.0,1100.0,0,-0.8947096548223599,-0.14321526623998299
913,Honduras,98,13-111-083,1400,7.5,7.5,7.33,7.42,7.17,7.25,10.0,10.0,10.0,7.33,81.5,0.1,0,0.0,Green,5,"June 3rd, 2018",Instituto Hondureño del Café,b4660a57e9f8cc613ae5b8f02bfce8634c763ab4,7f521ca403540f81ec99daec7da19c2788393880,m,1400.0,1400.0,1400.0,0,-0.9040080890821182,-0.09154167424217872
915,Taiwan,,123,160-200m,7.5,7.42,7.33,7.08,7.58,7.25,10.0,10.0,10.0,7.33,81.5,0.12,0,0.0,Green,2,"September 16th, 2016",Blossom Valley International,fc45352eee499d8470cf94c9827922fb745bf815,de73fc9412358b523d3a641501e542f31d2668b0,m,160.0,200.0,180.0,0,-0.8730189948667659,-0.3239698197482766
916,Myanmar,,unspecified,4000 ft,7.25,7.42,7.25,7.5,7.33,7.33,10.0,10.0,10.0,7.42,81.5,0.0,0,0.0,Green,4,"July 16th, 2016",Coffee Quality Institute,1d4c7f93129f9fb1c8a5f0ce0e36cc1cf4c2f4d7,0f62c9236e3ff5c4921da1e22a350aa99482779d,ft,1219.2,1219.2,1219.2,0,-0.7617400374566475,-0.15221780840673196
917,Costa Rica,,5-545-0006,1200 msm,7.83,7.33,7.08,7.08,7.33,7.5,10.0,10.0,10.0,7.33,81.5,0.12,1,0.0,Green,2,"January 7th, 2016",Specialty Coffee Association of Costa Rica,8e0b118f3cf3121ab27c5387deacdb7d4d2a60b1,5eb2b7129d9714c43825e44dc3bca9423de209e9,m,1200.0,1200.0,1200.0,0,-0.935960735511281,-0.13063786152496223
918,Malawi,,C18,1599m,7.67,7.42,6.92,7.5,7.5,7.17,10.0,10.0,10.0,7.33,81.5,0.12,0,0.0,Green,0,"November 4th, 2015",Africa Fine Coffee Association,78a435a6973d56b40414c7ae75a8b43e443e6e27,c4ab13415cdd69376a93780c0166e7b1a10481ea,m,1599.0,1599.0,1599.0,0,-0.8442637656069281,-0.023150742481719548
919,Guatemala,,11/951/388,4000 psnm,7.5,7.42,7.17,7.58,7.25,7.42,10.0,10.0,10.0,7.17,81.5,0.12,0,0.0,Green,0,"September 23rd, 2015",Asociacion Nacional Del Café,b1f20fe3a819fd6b2ee0eb8fdc3da256604f1e53,724f04ad10ed31dbb9d260f0dfd221ba48be8a95,ft,1219.2,1219.2,1219.2,0,-0.8378230942201681,-0.09741735939709437
920,Taiwan,,Taiwan,900 m,7.42,7.33,7.67,7.33,7.42,7.5,10.0,10.0,9.33,7.5,81.5,0.11,0,0.0,Blue-Green,0,"August 18th, 2015",Specialty Coffee Association,d3ed2a8c1db69c87daef88f425dd0e8ef3216a39,0878a7d4b9d35ddbf0fe2ce69a2062cceb45a660,m,900.0,900.0,900.0,0,-0.59793627484703,-0.16769130839025642
921,Brazil,,002/135-2/0276,1200,7.58,7.5,7.5,7.67,7.67,7.83,9.33,9.33,9.33,7.75,81.5,0.0,1,0.0,Green,1,"July 29th, 2015",Specialty Coffee Association,36d0d00a3724338ba7937c52a378d085f2172daa,0878a7d4b9d35ddbf0fe2ce69a2062cceb45a660,m,1200.0,1200.0,1200.0,2,0.09171266187192031,-0.14633967651179622
922,Haiti,,,400-1250m,7.42,7.33,7.25,7.42,7.42,7.33,10.0,10.0,10.0,7.33,81.5,0.11,0,0.0,Bluish-Green,0,"May 5th, 2015",Specialty Coffee Association,36d0d00a3724338ba7937c52a378d085f2172daa,0878a7d4b9d35ddbf0fe2ce69a2062cceb45a660,m,400.0,1250.0,825.0,0,-0.8430277942063088,-0.18366809397011596
923,Taiwan,,,600 m,7.5,7.42,7.25,7.25,7.33,7.33,10.0,10.0,10.0,7.42,81.5,0.11,0,0.0,Green,0,"December 26th, 2014",Blossom Valley International,fc45352eee499d8470cf94c9827922fb745bf815,de73fc9412358b523d3a641501e542f31d2668b0,m,600.0,600.0,600.0,0,-0.8573561724051167,-0.23146473671388
924,Mexico,,2222,1150,7.33,7.33,7.17,7.42,7.5,7.5,10.0,10.0,10.0,7.25,81.5,0.13,0,0.0,Green,2,"March 11th, 2014",AMECAFE,59e396ad6e22a1c22b248f958e1da2bd8af85272,0eb4ee5b3f47b20b049548a2fd1e7d4a2b70d0a7,m,1150.0,1150.0,1150.0,0,-0.8939383578244412,-0.11991454050924577
925,Mexico,,1506811628,1600,7.58,7.42,7.25,7.42,7.33,7.33,10.0,10.0,10.0,7.17,81.5,0.12,0,0.0,Green,5,"August 30th, 2013",AMECAFE,59e396ad6e22a1c22b248f958e1da2bd8af85272,0eb4ee5b3f47b20b049548a2fd1e7d4a2b70d0a7,m,1600.0,1600.0,1600.0,0,-0.917978515753541,-0.04559268211953611
926,Mexico,,0,1100,7.42,7.25,7.17,7.42,7.17,8.0,10.0,10.0,10.0,7.08,81.5,0.12,0,0.0,Green,10,"August 29th, 2013",AMECAFE,59e396ad6e22a1c22b248f958e1da2bd8af85272,0eb4ee5b3f47b20b049548a2fd1e7d4a2b70d0a7,m,1100.0,1100.0,1100.0,0,-1.0061890348806288,-0.16197839081595242
927,Mexico,,0,1000,7.33,7.5,7.33,7.33,7.33,7.42,10.0,10.0,10.0,7.25,81.5,0.11,0,0.0,Green,6,"August 1st, 2013",AMECAFE,59e396ad6e22a1c22b248f958e1da2bd8af85272,0eb4ee5b3f47b20b049548a2fd1e7d4a2b70d0a7,m,1000.0,1000.0,1000.0,0,-0.9341665226389883,-0.17245500020142815
928,Mexico,,1506546082,1250,7.42,7.42,7.33,7.17,7.25,7.42,10.0,10.0,10.0,7.5,81.5,0.13,0,0.0,Green,5,"July 26th, 2013",AMECAFE,59e396ad6e22a1c22b248f958e1da2bd8af85272,0eb4ee5b3f47b20b049548a2fd1e7d4a2b70d0a7,m,1250.0,1250.0,1250.0,0,-0.9725741566847537,-0.11786257394740919
929,Mexico,,1302919531,1100,7.5,7.5,7.25,7.5,7.42,7.58,9.33,10.0,10.0,7.42,81.5,0.11,0,0.0,Green,3,"July 26th, 2013",AMECAFE,59e396ad6e22a1c22b248f958e1da2bd8af85272,0eb4ee5b3f47b20b049548a2fd1e7d4a2b70d0a7,m,1100.0,1100.0,1100.0,0,-0.652739811369737,-0.13775323193249747
930,Indonesia,,na,1200-1600masl,7.75,7.17,7.17,7.33,7.58,7.33,10.0,10.0,10.0,7.17,81.5,0.12,0,0.0,Green,0,"May 24th, 2013",Specialty Coffee Association of Indonesia,99fa73db21b7acd9c9ceb9dd84e409d2077d55c4,36910838db193ebdd61fa1427bac74622114c49a,m,1200.0,1600.0,1400.0,0,-0.8434715872473137,-0.07042240919441647
931,Brazil,,002/1352/0099,1.25,7.5,7.42,7.17,7.42,7.5,7.33,10.0,10.0,10.0,7.17,81.5,0.12,0,0.0,Blue-Green,2,"April 12th, 2013",NUCOFFEE,567f200bcc17a90070cb952647bf88141ad9c80c,aa2ff513ffb9c844462a1fb07c599bce7f3bb53d,m,125.0,125.0,125.0,0,-0.8569193220494323,-0.32381398565582936
933,Colombia,,3-37-2759,1050 - 1850,7.42,7.42,7.17,7.42,7.42,7.33,10.0,10.0,10.0,7.33,81.5,0.06,1,0.0,,0,"September 6th, 2012",Almacafé,e493c36c2d076bf273064f7ac23ad562af257a25,70d3c0c26f89e00fdae6fb39ff54f0d2eb1c38ab,m,1050.0,1850.0,1450.0,0,-0.7955769545750712,-0.08314160347983639
935,Mexico,016-1273-098,,1100,7.58,7.33,7.08,7.33,7.5,7.33,10.0,10.0,10.0,7.25,81.42,0.12,1,5.0,Green,17,"May 12th, 2018",Centro Agroecológico del Café A.C.,3b8dfdd621590b424ff64e0b76df7d6a92e1c628,d470dc009281519e30da6ead1c649fcd7670f386,m,1100.0,1100.0,1100.0,0,-1.180765545346237,0.37026664027408535
936,Guatemala,11/326/14,11/326/14,4500,7.42,7.33,7.08,7.58,7.33,7.25,10.0,10.0,10.0,7.42,81.42,0.1,0,0.0,Green,0,"March 17th, 2017",Asociacion Nacional Del Café,b1f20fe3a819fd6b2ee0eb8fdc3da256604f1e53,724f04ad10ed31dbb9d260f0dfd221ba48be8a95,ft,1371.6,1371.6,1371.6,0,-0.9360540056857694,-0.07428879456730345
937,Brazil,,002/1495/0134,1100,7.33,7.5,7.5,7.33,6.83,7.42,10.0,10.0,10.0,7.5,81.42,0.11,0,0.0,Green,2,"December 2nd, 2016",Brazil Specialty Coffee Association,3297cfa4c538e3dd03f72cc4082c54f7999e1f9d,8900f0bf1d0b2bafe6807a73562c7677d57eb980,m,1100.0,1100.0,1100.0,0,-1.008005880791095,-0.1398510833926065
938,Honduras,,13-63-204,1400 msnm,7.5,7.33,7.17,7.25,7.5,7.42,10.0,10.0,10.0,7.25,81.42,0.12,0,0.0,Green,1,"May 11th, 2016",Instituto Hondureño del Café,b4660a57e9f8cc613ae5b8f02bfce8634c763ab4,7f521ca403540f81ec99daec7da19c2788393880,m,1400.0,1400.0,1400.0,0,-0.9449456277914418,-0.07516460743596873
939,Taiwan,,Taiwan台灣,110公尺,7.83,7.75,7.42,7.17,7.08,7.08,10.0,10.0,10.0,7.08,81.42,0.12,0,0.0,Green,0,"November 23rd, 2015",Blossom Valley International,fc45352eee499d8470cf94c9827922fb745bf815,de73fc9412358b523d3a641501e542f31d2668b0,m,110.0,110.0,110.0,0,-0.9088346653313336,-0.32632500794919406
940,Malawi,,C15,1422,7.58,7.17,7.33,7.42,7.08,7.42,10.0,10.0,10.0,7.42,81.42,0.12,0,0.0,Bluish-Green,0,"November 4th, 2015",Africa Fine Coffee Association,073285c0d45e2f5539012d969937e529564fa6fe,c4ab13415cdd69376a93780c0166e7b1a10481ea,m,1422.0,1422.0,1422.0,0,-0.9784775806498611,-0.06519909921847951
941,Brazil,,002/1660/0065,1100,7.25,7.5,7.42,7.17,7.33,7.33,10.0,10.0,10.0,7.42,81.42,0.0,0,0.0,Green,0,"October 17th, 2015",Specialty Coffee Association,36d0d00a3724338ba7937c52a378d085f2172daa,0878a7d4b9d35ddbf0fe2ce69a2062cceb45a660,m,1100.0,1100.0,1100.0,0,-0.7840786445066519,-0.17025444717470772
942,Guatemala,,11/752/02,1550 mts.,7.42,7.5,7.17,7.42,7.42,7.42,10.0,10.0,10.0,7.08,81.42,0.1,0,0.0,Green,6,"May 26th, 2015",Asociacion Nacional Del Café,b1f20fe3a819fd6b2ee0eb8fdc3da256604f1e53,724f04ad10ed31dbb9d260f0dfd221ba48be8a95,m,1550.0,1550.0,1550.0,0,-0.9637397757075561,-0.06406600815542103
943,Mexico,,0016-2814-0001,1550 meter,7.67,7.33,7.25,7.17,7.25,7.42,10.0,10.0,10.0,7.33,81.42,0.0,1,0.0,Green,1,"May 1st, 2015",Specialty Coffee Association,36d0d00a3724338ba7937c52a378d085f2172daa,0878a7d4b9d35ddbf0fe2ce69a2062cceb45a660,m,1550.0,1550.0,1550.0,0,-0.8284795128598391,-0.09426946394616274
945,Guatemala,,11/9772/3,4300,7.42,7.33,7.25,7.42,7.42,7.5,10.0,10.0,10.0,7.08,81.42,0.12,0,0.0,Green,4,"October 7th, 2014",Asociacion Nacional Del Café,b1f20fe3a819fd6b2ee0eb8fdc3da256604f1e53,724f04ad10ed31dbb9d260f0dfd221ba48be8a95,ft,1310.64,1310.64,1310.64,0,-0.9767120699089292,-0.09961510474955722
946,Mexico,,1702771645,763,7.42,7.33,7.25,7.17,7.25,7.42,10.0,10.0,10.0,7.58,81.42,0.13,1,0.0,,8,"September 27th, 2013",AMECAFE,59e396ad6e22a1c22b248f958e1da2bd8af85272,0eb4ee5b3f47b20b049548a2fd1e7d4a2b70d0a7,m,763.0,763.0,763.0,0,-1.1416093406851529,-0.23390005962015714
947,Mexico,,F30002939,1100,7.42,7.42,7.25,7.25,7.5,7.33,10.0,10.0,10.0,7.25,81.42,0.13,0,0.0,,1,"June 6th, 2013",AMECAFE,59e396ad6e22a1c22b248f958e1da2bd8af85272,0eb4ee5b3f47b20b049548a2fd1e7d4a2b70d0a7,m,1100.0,1100.0,1100.0,0,-0.9566130664758349,-0.13067366409126566
948,Colombia,,3-68-0027,1750 m.s.n.m,7.5,7.42,7.25,7.17,7.17,7.75,10.0,10.0,10.0,7.17,81.42,0.11,0,0.0,Green,0,"November 10th, 2012",Almacafé,e493c36c2d076bf273064f7ac23ad562af257a25,70d3c0c26f89e00fdae6fb39ff54f0d2eb1c38ab,m,1750.0,1750.0,1750.0,0,-0.929236470444284,-0.006736654557618962
949,Colombia,,3-68-0130,1880 msnm,7.75,7.33,7.42,7.0,7.33,7.25,10.0,10.0,10.0,7.33,81.42,0.16,0,0.0,,2,"February 22nd, 2012",Almacafé,e493c36c2d076bf273064f7ac23ad562af257a25,70d3c0c26f89e00fdae6fb39ff54f0d2eb1c38ab,m,1880.0,1880.0,1880.0,0,-1.0433874474894542,0.01967695926684476
952,Honduras,149,13-111-084,1500,7.5,7.5,7.0,7.17,7.5,7.33,10.0,10.0,10.0,7.33,81.33,0.11,0,2.0,Bluish-Green,3,"June 9th, 2017",Instituto Hondureño del Café,b4660a57e9f8cc613ae5b8f02bfce8634c763ab4,7f521ca403540f81ec99daec7da19c2788393880,m,1500.0,1500.0,1500.0,0,-1.0416218789361087,0.16201166201368541
953,Mexico,1,,1130,7.67,7.42,7.0,7.42,7.58,7.08,10.0,10.0,10.0,7.17,81.33,0.12,0,2.0,Green,0,"February 24th, 2017",Centro Agroecológico del Café A.C.,3b8dfdd621590b424ff64e0b76df7d6a92e1c628,d470dc009281519e30da6ead1c649fcd7670f386,m,1130.0,1130.0,1130.0,0,-0.973171383873837,0.10873460104504368
954,Brazil,,002/1495/0134,1100,7.25,7.33,7.33,7.33,7.33,7.42,10.0,10.0,10.0,7.33,81.33,0.11,0,0.0,Green,14,"November 19th, 2016",Brazil Specialty Coffee Association,3297cfa4c538e3dd03f72cc4082c54f7999e1f9d,8900f0bf1d0b2bafe6807a73562c7677d57eb980,m,1100.0,1100.0,1100.0,0,-1.237232794309062,-0.18440857724844983
955,Honduras,,13-63-318,1350,7.58,7.42,7.17,7.42,7.17,7.17,10.0,10.0,10.0,7.42,81.33,0.09,0,0.0,Green,4,"May 21st, 2016",Instituto Hondureño del Café,b4660a57e9f8cc613ae5b8f02bfce8634c763ab4,7f521ca403540f81ec99daec7da19c2788393880,m,1350.0,1350.0,1350.0,0,-1.0536134055206108,-0.1005013393849049
956,Brazil,,002/135-2/0076,1200,7.17,7.33,7.42,7.25,7.42,7.33,10.0,10.0,10.0,7.42,81.33,0.12,0,0.0,Green,6,"December 16th, 2015",Brazil Specialty Coffee Association,3297cfa4c538e3dd03f72cc4082c54f7999e1f9d,8900f0bf1d0b2bafe6807a73562c7677d57eb980,m,1200.0,1200.0,1200.0,0,-1.119886076286741,-0.13498177309065124
957,Philippines,,123/300/01,1400 masl,7.08,7.33,7.42,7.33,7.33,7.5,10.0,10.0,10.0,7.33,81.33,0.14,0,0.0,Green,3,"November 13th, 2015",Specialty Coffee Association,36d0d00a3724338ba7937c52a378d085f2172daa,0878a7d4b9d35ddbf0fe2ce69a2062cceb45a660,m,1400.0,1400.0,1400.0,0,-1.1168671652147257,-0.07632547791048433
958,Malawi,,C19,1200m,7.75,7.33,7.08,7.33,7.33,7.25,10.0,10.0,10.0,7.25,81.33,0.13,0,0.0,Green,1,"November 4th, 2015",Africa Fine Coffee Association,073285c0d45e2f5539012d969937e529564fa6fe,c4ab13415cdd69376a93780c0166e7b1a10481ea,m,1200.0,1200.0,1200.0,0,-1.0659698512555569,-0.10925037411622447
959,Honduras,,13-01-0556,1450 msnm,7.33,7.33,7.17,7.33,7.5,7.33,10.0,10.0,10.0,7.33,81.33,0.12,0,0.0,Green,3,"January 22nd, 2015",Instituto Hondureño del Café,b4660a57e9f8cc613ae5b8f02bfce8634c763ab4,7f521ca403540f81ec99daec7da19c2788393880,m,1450.0,1450.0,1450.0,0,-1.0831586850262276,-0.07094905634898659
960,Mexico,,0,1800,7.58,7.42,7.25,7.33,7.25,7.25,10.0,10.0,10.0,7.25,81.33,0.13,4,0.0,Green,13,"August 30th, 2013",AMECAFE,59e396ad6e22a1c22b248f958e1da2bd8af85272,0eb4ee5b3f47b20b049548a2fd1e7d4a2b70d0a7,m,1800.0,1800.0,1800.0,0,-1.3194758130074702,-0.07075035630788613
961,Mexico,,0,1000,7.33,7.25,7.17,7.42,7.58,7.33,10.0,10.0,10.0,7.25,81.33,0.12,0,0.0,,4,"July 11th, 2013",AMECAFE,59e396ad6e22a1c22b248f958e1da2bd8af85272,0eb4ee5b3f47b20b049548a2fd1e7d4a2b70d0a7,m,1000.0,1000.0,1000.0,0,-1.0780323642853795,-0.161368065862808
962,Brazil,KLEM-C08        ,002/1566/0003        ,1100,7.5,7.58,7.5,7.5,7.75,7.83,9.33,9.33,9.33,7.58,81.33,0.11,0,0.0,Green,0,"November 15th, 2018
",Specialty Coffee Association,d3ed2a8c1db69c87daef88f425dd0e8ef3216a39,0878a7d4b9d35ddbf0fe2ce69a2062cceb45a660,m,1100.0,1100.0,1100.0,2,-0.24215796108620674,-0.12446090101816747
963,Taiwan,2016NA Lot001,Taiwan,680,7.83,7.75,7.67,7.83,7.83,7.75,9.33,10.0,10.0,5.25,81.25,0.12,0,0.0,Green,0,"May 18th, 2017",Specialty Coffee Association,36d0d00a3724338ba7937c52a378d085f2172daa,0878a7d4b9d35ddbf0fe2ce69a2062cceb45a660,m,680.0,680.0,680.0,0,-0.5574669937438906,-0.20195897147181865
964,Brazil,,002/4177/0164,1,7.17,7.42,7.17,7.08,6.92,8.17,10.0,10.0,10.0,7.33,81.25,0.0,0,0.0,Green,1,"October 7th, 2016",Brazil Specialty Coffee Association,3297cfa4c538e3dd03f72cc4082c54f7999e1f9d,8900f0bf1d0b2bafe6807a73562c7677d57eb980,m,1.0,1.0,1.0,0,-0.9942874534564902,-0.3909605060786478
965,Nicaragua,,017/001/1214,1100,7.08,7.5,7.33,7.17,7.42,7.25,10.0,10.0,10.0,7.5,81.25,0.1,0,0.0,Green,4,"July 5th, 2016",Asociación de Cafés Especiales de Nicaragua,fc561dd3c2eee024b032933e0a97b4aede0dc206,f79a8d4dee92a80ff14025f03ea34fa316b2132f,m,1100.0,1100.0,1100.0,0,-1.1504802050283922,-0.1541907029701989
966,Honduras,,13-63-301,1400 msn,7.42,7.17,7.17,7.5,7.33,7.25,10.0,10.0,10.0,7.42,81.25,0.12,0,0.0,Green,1,"May 11th, 2016",Instituto Hondureño del Café,b4660a57e9f8cc613ae5b8f02bfce8634c763ab4,7f521ca403540f81ec99daec7da19c2788393880,m,1400.0,1400.0,1400.0,0,-1.136458466304417,-0.07098825094637834
967,Guatemala,,11999144,1700m,7.33,7.42,7.17,7.25,7.42,7.33,10.0,10.0,10.0,7.33,81.25,0.09,0,0.0,Bluish-Green,2,"March 20th, 2016",Blossom Valley International,fc45352eee499d8470cf94c9827922fb745bf815,de73fc9412358b523d3a641501e542f31d2668b0,m,1700.0,1700.0,1700.0,0,-1.0973572618813412,-0.029273643651645368
968,"Tanzania, United Republic Of",,C38,1700,7.33,7.17,7.17,7.5,7.25,7.42,10.0,10.0,10.0,7.42,81.25,0.13,0,0.0,Green,5,"December 17th, 2015",Africa Fine Coffee Association,073285c0d45e2f5539012d969937e529564fa6fe,c4ab13415cdd69376a93780c0166e7b1a10481ea,m,1700.0,1700.0,1700.0,0,-1.220892628045335,-0.02312983869319564
969,Taiwan,,,650 m,7.5,7.5,7.25,7.25,7.25,7.25,10.0,10.0,10.0,7.25,81.25,0.11,0,0.0,Green,0,"December 26th, 2014",Blossom Valley International,fc45352eee499d8470cf94c9827922fb745bf815,de73fc9412358b523d3a641501e542f31d2668b0,m,650.0,650.0,650.0,0,-1.0862709431022575,-0.22232525816211995
970,Guatemala,,11/11711/08,5000 f,7.5,7.33,7.5,7.58,7.0,7.25,10.0,10.0,10.0,7.08,81.25,0.11,0,0.0,Green,4,"March 4th, 2014",Asociacion Nacional Del Café,b1f20fe3a819fd6b2ee0eb8fdc3da256604f1e53,724f04ad10ed31dbb9d260f0dfd221ba48be8a95,ft,1524.0,1524.0,1524.0,0,-1.148881763024235,-0.06005142896755696
971,Mexico,,1507169991,1500,7.42,7.42,7.33,7.33,7.5,7.42,9.33,10.0,10.0,7.5,81.25,0.12,0,0.0,Green,1,"July 26th, 2013",AMECAFE,59e396ad6e22a1c22b248f958e1da2bd8af85272,0eb4ee5b3f47b20b049548a2fd1e7d4a2b70d0a7,m,1500.0,1500.0,1500.0,0,-0.8887901643744418,-0.0559221004424787
972,Nicaragua,017-053-0134,017-053-0134,1200,7.33,7.5,7.17,7.17,7.58,7.17,10.0,10.0,10.0,7.25,81.17,0.09,0,0.0,Green,7,"March 8th, 2018",Instituto Hondureño del Café,b4660a57e9f8cc613ae5b8f02bfce8634c763ab4,7f521ca403540f81ec99daec7da19c2788393880,m,1200.0,1200.0,1200.0,0,-1.2179159922363205,-0.14834995734888165
973,"Tanzania, United Republic Of",,A057,100/2000,7.67,7.17,7.17,7.33,7.5,7.17,10.0,10.0,10.0,7.17,81.17,0.12,0,0.0,Green,2,"November 15th, 2016",Africa Fine Coffee Association,073285c0d45e2f5539012d969937e529564fa6fe,c4ab13415cdd69376a93780c0166e7b1a10481ea,m,100.0,2000.0,1050.0,0,-1.182932073154811,-0.14894409462188601
974,Mexico,,016-2028-042,1200,7.75,7.58,7.08,7.25,7.08,7.25,10.0,10.0,10.0,7.17,81.17,0.12,0,0.0,Green,10,"June 24th, 2016",Asociación Mexicana De Cafés y Cafeterías De Especialidad A.C.,3441698871fa609a44ce947e8944ee42eb4428b9,9894541e8065ee718165a1d432389d114defc38c,m,1200.0,1200.0,1200.0,0,-1.3330750934526685,-0.1464465379007902
975,Costa Rica,,5-019-0118,1200-1400 masl,7.5,7.5,7.33,7.17,7.08,7.17,10.0,10.0,10.0,7.42,81.17,0.11,0,0.0,Bluish-Green,0,"May 21st, 2016",Specialty Coffee Association of Costa Rica,8e0b118f3cf3121ab27c5387deacdb7d4d2a60b1,5eb2b7129d9714c43825e44dc3bca9423de209e9,m,1200.0,1400.0,1300.0,0,-1.1901098192779325,-0.09788258571242132
976,Honduras,,13-111-037,1450 mals,7.42,7.33,7.0,7.42,7.33,7.33,10.0,10.0,10.0,7.33,81.17,0.13,0,0.0,Green,1,"March 10th, 2016",Instituto Hondureño del Café,b4660a57e9f8cc613ae5b8f02bfce8634c763ab4,7f521ca403540f81ec99daec7da19c2788393880,m,1450.0,1450.0,1450.0,0,-1.2318109615348938,-0.058079061710282
977,Thailand,,Thailand,1400-1500 m,6.83,7.42,7.42,7.17,7.5,7.42,10.0,10.0,10.0,7.42,81.17,0.12,0,0.0,Blue-Green,0,"February 15th, 2016",Specialty Coffee Institute of Asia,726e4891cf2c9a4848768bd34b668124d12c4224,b70da261fcc84831e3e9620c30a8701540abc200,m,1400.0,1500.0,1450.0,0,-1.1796804956413574,-0.06608674522128677
978,Philippines,,123/300/01,1200 masl,7.25,7.25,7.25,7.08,7.58,7.5,10.0,10.0,10.0,7.25,81.17,0.0,0,0.0,,4,"January 8th, 2016",Specialty Coffee Association,36d0d00a3724338ba7937c52a378d085f2172daa,0878a7d4b9d35ddbf0fe2ce69a2062cceb45a660,m,1200.0,1200.0,1200.0,0,-1.0777262670955063,-0.1699174609722633
979,"Tanzania, United Republic Of",,C18,1550,7.58,7.17,7.17,7.33,7.33,7.25,10.0,10.0,10.0,7.33,81.17,0.12,0,0.0,Bluish-Green,2,"December 17th, 2015",Africa Fine Coffee Association,073285c0d45e2f5539012d969937e529564fa6fe,c4ab13415cdd69376a93780c0166e7b1a10481ea,m,1550.0,1550.0,1550.0,0,-1.236147813135938,-0.050291152173695106
980,Malawi,,C16,990-1000m,7.58,7.25,7.33,7.08,7.33,7.33,10.0,10.0,10.0,7.25,81.17,0.12,0,0.0,Green,12,"November 4th, 2015",Africa Fine Coffee Association,073285c0d45e2f5539012d969937e529564fa6fe,c4ab13415cdd69376a93780c0166e7b1a10481ea,m,990.0,1000.0,995.0,0,-1.3788068850829558,-0.2030808672811654
981,Costa Rica,,5-0048-0126,1200-1400,7.33,7.08,7.33,7.25,7.33,7.58,10.0,10.0,10.0,7.25,81.17,0.11,0,0.0,Green,3,"May 9th, 2015",Specialty Coffee Association of Costa Rica,8e0b118f3cf3121ab27c5387deacdb7d4d2a60b1,5eb2b7129d9714c43825e44dc3bca9423de209e9,m,1200.0,1400.0,1300.0,0,-1.2435129039691868,-0.10993286630549791
983,Mexico,,0,1800,7.42,7.25,7.08,7.75,7.42,7.17,10.0,10.0,10.0,7.08,81.17,0.13,3,0.0,Green,7,"August 30th, 2013",AMECAFE,59e396ad6e22a1c22b248f958e1da2bd8af85272,0eb4ee5b3f47b20b049548a2fd1e7d4a2b70d0a7,m,1800.0,1800.0,1800.0,0,-1.3395627011866966,-0.030439556519026464
984,Guatemala,,11-183-25,1450,7.42,7.25,7.33,7.25,7.25,7.42,10.0,10.0,10.0,7.25,81.17,0.12,0,0.0,Green,4,"August 20th, 2013",Specialty Coffee Association,36d0d00a3724338ba7937c52a378d085f2172daa,0878a7d4b9d35ddbf0fe2ce69a2062cceb45a660,m,1450.0,1450.0,1450.0,0,-1.253830253429861,-0.0793963595831398
985,Brazil,,002/1251/0182,1000m,7.42,7.33,7.25,7.42,7.5,7.17,10.0,10.0,10.0,7.08,81.17,0.12,0,0.0,Green,1,"January 22nd, 2013",NUCOFFEE,567f200bcc17a90070cb952647bf88141ad9c80c,aa2ff513ffb9c844462a1fb07c599bce7f3bb53d,m,1000.0,1000.0,1000.0,0,-1.1643419487246789,-0.15166305475532396
988,Brazil,14,,695,7.58,7.42,7.5,7.25,7.75,7.58,9.33,10.0,9.33,7.33,81.08,0.11,5,0.0,Green,8,"June 21st, 2018",Specialty Coffee Association,36d0d00a3724338ba7937c52a378d085f2172daa,0878a7d4b9d35ddbf0fe2ce69a2062cceb45a660,m,695.0,695.0,695.0,0,-0.9515604218710007,-0.2853502272509877
989,Nicaragua,,017/001/652,1100 m.o.s.l.,7.33,7.33,7.33,7.42,7.33,7.33,10.0,10.0,10.0,7.0,81.08,0.11,0,0.0,,1,"March 27th, 2016",Asociación de Cafés Especiales de Nicaragua,fc561dd3c2eee024b032933e0a97b4aede0dc206,f79a8d4dee92a80ff14025f03ea34fa316b2132f,m,1100.0,1100.0,1100.0,0,-1.241722590549715,-0.13654943443937803
990,United States,,,5600 feet,7.42,7.17,7.33,7.42,7.25,7.33,10.0,10.0,10.0,7.17,81.08,0.0,0,0.0,,0,"March 3rd, 2016",Specialty Coffee Association,36d0d00a3724338ba7937c52a378d085f2172daa,0878a7d4b9d35ddbf0fe2ce69a2062cceb45a660,ft,1706.88,1706.88,1706.88,0,-1.0952730397923136,-0.04877508127369543
991,"Tanzania, United Republic Of",,C006,1456,7.42,7.33,7.33,7.25,7.25,7.33,10.0,10.0,10.0,7.17,81.08,0.13,0,0.0,Green,2,"January 2nd, 2016",Africa Fine Coffee Association,073285c0d45e2f5539012d969937e529564fa6fe,c4ab13415cdd69376a93780c0166e7b1a10481ea,m,1456.0,1456.0,1456.0,0,-1.3058740272622467,-0.06808659574981069
992,Costa Rica,,5-545-0005,1500 mts,7.42,7.25,7.17,7.25,7.25,7.58,10.0,10.0,10.0,7.17,81.08,0.13,0,0.0,Green,0,"December 18th, 2015",Specialty Coffee Association of Costa Rica,8e0b118f3cf3121ab27c5387deacdb7d4d2a60b1,5eb2b7129d9714c43825e44dc3bca9423de209e9,m,1500.0,1500.0,1500.0,0,-1.2818577001253704,-0.05105061179747399
993,United States (Puerto Rico),,,2800 ft,7.67,7.75,7.67,7.58,7.58,7.67,6.67,10.0,10.0,8.5,81.08,0.0,0,0.0,Green,0,"May 28th, 2015",Specialty Coffee Association,36d0d00a3724338ba7937c52a378d085f2172daa,0878a7d4b9d35ddbf0fe2ce69a2062cceb45a660,ft,853.44,853.44,853.44,2,0.030080689832938663,-0.21602796680887135
994,Mexico,,0,1650,7.25,7.42,7.33,7.33,7.17,7.33,10.0,10.0,10.0,7.25,81.08,0.13,5,0.0,,16,"September 14th, 2013",AMECAFE,59e396ad6e22a1c22b248f958e1da2bd8af85272,0eb4ee5b3f47b20b049548a2fd1e7d4a2b70d0a7,m,1650.0,1650.0,1650.0,0,-1.6303651662959997,-0.12216419286084088
995,Mexico,,"1405833052, 1405833062",1300,7.33,7.25,7.33,7.42,7.25,7.42,10.0,10.0,10.0,7.08,81.08,0.12,0,0.0,Green,2,"September 4th, 2013",AMECAFE,59e396ad6e22a1c22b248f958e1da2bd8af85272,0eb4ee5b3f47b20b049548a2fd1e7d4a2b70d0a7,m,1300.0,1300.0,1300.0,0,-1.2872620823506393,-0.09791834925842893
996,Mexico,,1955,1642,7.33,7.33,7.25,7.42,7.25,7.25,10.0,10.0,10.0,7.25,81.08,0.11,0,0.0,Green,5,"August 30th, 2013",AMECAFE,59e396ad6e22a1c22b248f958e1da2bd8af85272,0eb4ee5b3f47b20b049548a2fd1e7d4a2b70d0a7,m,1642.0,1642.0,1642.0,0,-1.3362585469492145,-0.04346639071110234
997,Mexico,,0,1200,7.42,7.33,7.25,7.42,7.17,7.25,10.0,10.0,10.0,7.25,81.08,0.1,0,0.0,Green,1,"July 3rd, 2013",AMECAFE,59e396ad6e22a1c22b248f958e1da2bd8af85272,0eb4ee5b3f47b20b049548a2fd1e7d4a2b70d0a7,m,1200.0,1200.0,1200.0,0,-1.2591725411062529,-0.1187720358293097
1000,El Salvador,1-198,09-030-273,1450,7.42,7.08,7.08,7.33,7.25,7.58,10.0,10.0,10.0,7.25,81.0,0.0,0,2.0,Green,6,"August 28th, 2018",Salvadoran Coffee Council,3d4987e3b91399dbb3938b5bdf53893b6ef45be1,27b21e368fb8291cbea02c60623fe6c98f84524d,m,1450.0,1450.0,1450.0,0,-1.2879154363330891,0.10504221934943823
1002,Guatemala,11/23/0506,11/23/0506,3280,7.42,7.25,7.17,7.5,7.25,7.17,10.0,10.0,10.0,7.25,81.0,0.09,0,0.0,Green,8,"August 2nd, 2017",Asociacion Nacional Del Café,b1f20fe3a819fd6b2ee0eb8fdc3da256604f1e53,724f04ad10ed31dbb9d260f0dfd221ba48be8a95,m,3280.0,3280.0,3280.0,0,-1.4274847357753577,0.2628282536261448
1003,Colombia,3-37-4378,3-37-4378,1600,7.67,7.5,7.42,5.25,7.67,7.75,10.0,10.0,10.0,7.75,81.0,0.0,0,4.0,Green,4,"July 22nd, 2017",Almacafé,e493c36c2d076bf273064f7ac23ad562af257a25,70d3c0c26f89e00fdae6fb39ff54f0d2eb1c38ab,m,1600.0,1600.0,1600.0,0,-1.262554476199639,0.31728507873657685
1004,Guatemala,,11/23/0706,4000psn,7.5,7.25,7.0,7.25,7.5,7.25,10.0,10.0,10.0,7.25,81.0,0.11,0,0.0,Green,1,"July 22nd, 2016",Asociacion Nacional Del Café,b1f20fe3a819fd6b2ee0eb8fdc3da256604f1e53,724f04ad10ed31dbb9d260f0dfd221ba48be8a95,ft,1219.2,1219.2,1219.2,0,-1.3459828942240502,-0.11586076615078107
1005,Taiwan,,Taiwan,758m,7.25,7.17,7.17,7.25,7.5,7.33,10.0,10.0,10.0,7.33,81.0,0.12,0,0.0,Bluish-Green,0,"May 5th, 2016",Specialty Coffee Association,36d0d00a3724338ba7937c52a378d085f2172daa,0878a7d4b9d35ddbf0fe2ce69a2062cceb45a660,m,758.0,758.0,758.0,0,-1.3546657858865454,-0.2016236466182708
1006,Honduras,,13-132-92,1350 snn,7.42,7.25,7.25,7.33,7.25,7.17,10.0,10.0,10.0,7.33,81.0,0.12,0,0.0,Green,1,"January 26th, 2016",Instituto Hondureño del Café,b4660a57e9f8cc613ae5b8f02bfce8634c763ab4,7f521ca403540f81ec99daec7da19c2788393880,m,1350.0,1350.0,1350.0,0,-1.3777346948177116,-0.08686473979921613
1008,"Tanzania, United Republic Of",,C23,1525 m,7.33,7.33,7.08,7.42,7.17,7.33,10.0,10.0,10.0,7.33,81.0,0.12,0,0.0,Green,5,"December 15th, 2015",Africa Fine Coffee Association,073285c0d45e2f5539012d969937e529564fa6fe,c4ab13415cdd69376a93780c0166e7b1a10481ea,m,1525.0,1525.0,1525.0,0,-1.4561103565371587,-0.06242352974317998
1009,Uganda,,0,1700,7.33,6.92,7.17,7.33,7.42,7.42,10.0,10.0,10.0,7.42,81.0,0.12,0,0.0,Green,3,"June 30th, 2015",Uganda Coffee Development Authority,188fe373b511e21f614564bf86aa4774270d8e04,b7614767a5343729bbde3a2777c60ce836aed928,m,1700.0,1700.0,1700.0,0,-1.4244057126492182,-0.02694494931017998
1010,Taiwan,,,1100 m,7.5,6.92,7.33,7.33,7.33,7.33,10.0,10.0,10.0,7.25,81.0,0.11,0,0.0,Green,0,"December 26th, 2014",Blossom Valley International,fc45352eee499d8470cf94c9827922fb745bf815,de73fc9412358b523d3a641501e542f31d2668b0,m,1100.0,1100.0,1100.0,0,-1.3584562574800587,-0.13881549102615764
1011,Thailand,,10589010,800++,7.33,7.42,7.25,7.42,7.25,7.17,10.0,10.0,10.0,7.17,81.0,0.0,0,0.0,Green,3,"May 29th, 2014",Specialty Coffee Association,36d0d00a3724338ba7937c52a378d085f2172daa,0878a7d4b9d35ddbf0fe2ce69a2062cceb45a660,m,800.0,800.0,800.0,0,-1.2104275754725797,-0.23564475541371557
1012,Mexico,,1506558878,950,7.08,7.33,7.33,7.33,7.42,7.25,10.0,10.0,10.0,7.25,81.0,0.12,0,0.0,Green,12,"September 11th, 2013",AMECAFE,59e396ad6e22a1c22b248f958e1da2bd8af85272,0eb4ee5b3f47b20b049548a2fd1e7d4a2b70d0a7,m,950.0,950.0,950.0,0,-1.5294904730093095,-0.20544295689203518
1013,Mexico,,2671,1100,7.58,7.67,7.5,7.67,7.58,7.5,8.0,10.0,10.0,7.5,81.0,0.0,0,0.0,Green,8,"July 3rd, 2013",AMECAFE,59e396ad6e22a1c22b248f958e1da2bd8af85272,0eb4ee5b3f47b20b049548a2fd1e7d4a2b70d0a7,m,1100.0,1100.0,1100.0,0,-0.5579727744514764,-0.192007891775569
1014,Taiwan,1,,200,7.33,7.17,7.25,7.33,7.33,7.25,10.0,10.0,10.0,7.25,80.92,0.0,0,0.0,Blue-Green,0,"December 8th, 2018",Blossom Valley International,fc45352eee499d8470cf94c9827922fb745bf815,de73fc9412358b523d3a641501e542f31d2668b0,m,200.0,200.0,200.0,0,-1.2681074806219508,-0.3481279363895884
1015,Guatemala,11/23/0689,11/23/0689,1901,7.67,7.67,7.33,7.58,7.67,7.5,9.33,9.33,9.33,7.5,80.92,0.1,0,0.0,Green,2,"August 23rd, 2018",Asociacion Nacional Del Café,b1f20fe3a819fd6b2ee0eb8fdc3da256604f1e53,724f04ad10ed31dbb9d260f0dfd221ba48be8a95,m,1901.0,1901.0,1901.0,0,-0.5725793086377047,0.024436168243835998
1016,Kenya,CN 70741,,1600,7.17,7.58,7.5,7.5,8.0,7.75,10.0,10.0,10.0,5.42,80.92,0.11,0,0.0,Green,3,"July 7th, 2018",Kenya Coffee Traders Association,ccba45b89d859740b749878be8c6d16fbdb96c2e,d752c909a015f3c76224b3c5cc520f8a67afda74,m,1600.0,1600.0,1600.0,0,-1.1831491625613006,-0.043860194646227806
1017,Mexico,240LVCF,,1100,7.5,7.33,7.17,7.42,7.5,7.33,9.33,10.0,10.0,7.33,80.92,0.11,0,0.0,Green,11,"May 12th, 2018",Centro Agroecológico del Café A.C.,3b8dfdd621590b424ff64e0b76df7d6a92e1c628,d470dc009281519e30da6ead1c649fcd7670f386,m,1100.0,1100.0,1100.0,0,-1.3339030735925443,-0.1739289292419296
1018,Myanmar,,unspecified,3500 ft,7.17,7.42,7.0,7.58,7.33,7.0,10.0,10.0,10.0,7.42,80.92,0.0,0,0.0,,5,"July 16th, 2016",Coffee Quality Institute,1d4c7f93129f9fb1c8a5f0ce0e36cc1cf4c2f4d7,0f62c9236e3ff5c4921da1e22a350aa99482779d,ft,1066.8,1066.8,1066.8,0,-1.35080707581686,-0.18516104067589365
1020,"Tanzania, United Republic Of",,C002,1700,7.33,7.17,7.17,7.25,7.42,7.33,10.0,10.0,10.0,7.25,80.92,0.12,0,0.0,Green,0,"December 18th, 2015",Africa Fine Coffee Association,073285c0d45e2f5539012d969937e529564fa6fe,c4ab13415cdd69376a93780c0166e7b1a10481ea,m,1700.0,1700.0,1700.0,0,-1.4326493110704819,-0.016743596292526412
1021,Brazil,,002/135-2/0075,1200,7.25,7.33,7.25,7.25,7.25,7.33,10.0,10.0,10.0,7.25,80.92,0.12,0,0.0,Green,8,"December 16th, 2015",Brazil Specialty Coffee Association,3297cfa4c538e3dd03f72cc4082c54f7999e1f9d,8900f0bf1d0b2bafe6807a73562c7677d57eb980,m,1200.0,1200.0,1200.0,0,-1.5609879604981878,-0.14358949319527226
1022,Taiwan,,Taiwan台灣,550公尺,7.92,7.67,7.33,7.08,7.08,7.08,10.0,10.0,10.0,6.75,80.92,0.09,0,0.0,Green,0,"November 23rd, 2015",Blossom Valley International,fc45352eee499d8470cf94c9827922fb745bf815,de73fc9412358b523d3a641501e542f31d2668b0,m,550.0,550.0,550.0,0,-1.3276738161691204,-0.25437980791364867
1023,Brazil,,002/1660/0065,1100,7.17,7.42,7.17,7.25,7.25,7.33,10.0,10.0,10.0,7.33,80.92,0.1,0,0.0,,0,"October 16th, 2015",Specialty Coffee Association,36d0d00a3724338ba7937c52a378d085f2172daa,0878a7d4b9d35ddbf0fe2ce69a2062cceb45a660,m,1100.0,1100.0,1100.0,0,-1.4160703155066146,-0.13857619537679497
1024,Nicaragua,,17/009/0057,between 700 and 1400 meters,7.33,7.08,7.25,7.0,7.5,7.42,10.0,10.0,10.0,7.33,80.92,0.1,1,0.0,Green,3,"July 16th, 2015",Specialty Coffee Association,36d0d00a3724338ba7937c52a378d085f2172daa,0878a7d4b9d35ddbf0fe2ce69a2062cceb45a660,m,700.0,1400.0,1050.0,0,-1.4894492773019983,-0.17831655173169433
1025,Guatemala,,11/972/29,5000 ft.,7.58,7.42,6.92,7.5,7.25,7.17,10.0,10.0,10.0,7.08,80.92,0.12,2,0.0,Green,5,"June 10th, 2015",Asociacion Nacional Del Café,b1f20fe3a819fd6b2ee0eb8fdc3da256604f1e53,724f04ad10ed31dbb9d260f0dfd221ba48be8a95,ft,1524.0,1524.0,1524.0,0,-1.531235556438745,-0.0767821903224116
1026,Taiwan,,,900 m,7.42,7.25,7.25,7.25,7.25,7.25,10.0,10.0,10.0,7.25,80.92,0.11,0,0.0,,0,"December 26th, 2014",Blossom Valley International,fc45352eee499d8470cf94c9827922fb745bf815,de73fc9412358b523d3a641501e542f31d2668b0,m,900.0,900.0,900.0,0,-1.4239153283768675,-0.1770272896034555
1027,Taiwan,,,688 m,7.25,7.17,7.08,7.08,7.08,8.08,10.0,10.0,10.0,7.17,80.92,0.11,0,0.0,Green,0,"December 26th, 2014",Blossom Valley International,fc45352eee499d8470cf94c9827922fb745bf815,de73fc9412358b523d3a641501e542f31d2668b0,m,688.0,688.0,688.0,0,-1.4594550597983065,-0.22136735579083547
1028,Taiwan,,,300 m,7.42,7.25,7.25,7.25,7.25,7.25,10.0,10.0,10.0,7.25,80.92,0.11,0,0.0,Green,0,"December 26th, 2014",Blossom Valley International,fc45352eee499d8470cf94c9827922fb745bf815,de73fc9412358b523d3a641501e542f31d2668b0,m,300.0,300.0,300.0,0,-1.4234326579513767,-0.29497465674499646
1029,Mexico,,1104386282,1186,7.58,7.33,7.08,7.5,7.17,7.25,10.0,10.0,10.0,7.0,80.92,0.13,0,0.0,Green,12,"July 11th, 2013",AMECAFE,59e396ad6e22a1c22b248f958e1da2bd8af85272,0eb4ee5b3f47b20b049548a2fd1e7d4a2b70d0a7,m,1186.0,1186.0,1186.0,0,-1.6142077042866643,-0.15000208289711034
1031,Laos,201601,,1300,7.42,7.33,7.17,7.17,7.17,7.25,10.0,10.0,10.0,7.33,80.83,0.0,0,0.0,Green,0,"June 22nd, 2018",Blossom Valley International,fc45352eee499d8470cf94c9827922fb745bf815,de73fc9412358b523d3a641501e542f31d2668b0,m,1300.0,1300.0,1300.0,0,-1.3628588616250548,-0.1340144870593539
1032,Guatemala,,11-873-054,1200,7.67,7.25,7.08,7.33,7.17,7.25,10.0,10.0,10.0,7.08,80.83,0.11,0,0.0,Green,1,"May 26th, 2015",Specialty Coffee Association of Costa Rica,8e0b118f3cf3121ab27c5387deacdb7d4d2a60b1,5eb2b7129d9714c43825e44dc3bca9423de209e9,m,1200.0,1200.0,1200.0,0,-1.509524420090589,-0.11922471303261208
1033,Mexico,,1506717737,1210,7.17,7.08,7.25,7.42,7.25,7.33,10.0,10.0,10.0,7.33,80.83,0.13,0,0.0,Green,7,"August 30th, 2013",AMECAFE,59e396ad6e22a1c22b248f958e1da2bd8af85272,0eb4ee5b3f47b20b049548a2fd1e7d4a2b70d0a7,m,1210.0,1210.0,1210.0,0,-1.6570221730942984,-0.13306508119264152
1034,Mexico,,0,1100,7.33,7.25,7.33,7.33,7.25,7.17,10.0,10.0,10.0,7.17,80.83,0.11,0,0.0,Green,3,"August 29th, 2013",AMECAFE,59e396ad6e22a1c22b248f958e1da2bd8af85272,0eb4ee5b3f47b20b049548a2fd1e7d4a2b70d0a7,m,1100.0,1100.0,1100.0,0,-1.5389534628540698,-0.1481219996008051
1035,Mexico,,1201255296,100,7.5,7.17,7.33,7.25,7.17,7.17,10.0,10.0,10.0,7.25,80.83,0.13,0,0.0,Green,1,"July 3rd, 2013",AMECAFE,59e396ad6e22a1c22b248f958e1da2bd8af85272,0eb4ee5b3f47b20b049548a2fd1e7d4a2b70d0a7,m,100.0,100.0,100.0,0,-1.5445401932624576,-0.3339128371572069
1037,Colombia,,3-068-0123,1800 m.s.n.m,7.33,7.33,7.0,6.83,7.33,7.67,10.0,10.0,10.0,7.33,80.83,0.01,0,0.0,,1,"January 25th, 2012",Almacafé,e493c36c2d076bf273064f7ac23ad562af257a25,70d3c0c26f89e00fdae6fb39ff54f0d2eb1c38ab,m,1800.0,1800.0,1800.0,0,-1.4195976460948716,-0.04305571314522548
1039,Myanmar,,Unspecified,3825,6.92,7.5,7.0,7.58,7.5,7.08,10.0,10.0,10.0,7.17,80.75,0.0,0,0.0,Green,2,"July 16th, 2016",Coffee Quality Institute,1d4c7f93129f9fb1c8a5f0ce0e36cc1cf4c2f4d7,0f62c9236e3ff5c4921da1e22a350aa99482779d,m,3825.0,3825.0,3825.0,0,-1.4351869682896086,0.36782732581089006
1040,Guatemala,,11/52/841,5440-5760 metros,7.5,7.33,7.0,7.42,7.17,7.17,10.0,10.0,10.0,7.17,80.75,0.12,0,0.0,Green,1,"June 17th, 2016",Asociacion Nacional Del Café,b1f20fe3a819fd6b2ee0eb8fdc3da256604f1e53,724f04ad10ed31dbb9d260f0dfd221ba48be8a95,ft,1658.112,1755.648,1706.88,0,-1.5999518495541698,-0.013296639805831002
1041,Nicaragua,,017/001/1066,1100.00 mosl,7.25,7.25,7.17,7.25,7.33,7.25,10.0,10.0,10.0,7.25,80.75,0.12,0,0.0,Green,5,"May 27th, 2016",Asociación de Cafés Especiales de Nicaragua,fc561dd3c2eee024b032933e0a97b4aede0dc206,f79a8d4dee92a80ff14025f03ea34fa316b2132f,m,110000.0,110000.0,110000.0,3,-2.013226886914469,21.26829224126787
1042,Honduras,,13-111-083,1450 masl,7.5,7.33,7.0,7.42,7.25,7.17,10.0,10.0,10.0,7.08,80.75,0.11,0,0.0,Green,2,"May 24th, 2016",Instituto Hondureño del Café,b4660a57e9f8cc613ae5b8f02bfce8634c763ab4,7f521ca403540f81ec99daec7da19c2788393880,m,1450.0,1450.0,1450.0,0,-1.5936162037710626,-0.07068361872667697
1043,Panama,,290503,1680m,7.25,7.33,7.17,7.33,7.33,7.17,10.0,10.0,10.0,7.17,80.75,0.11,1,0.0,Green,4,"May 22nd, 2016",Blossom Valley International,fc45352eee499d8470cf94c9827922fb745bf815,de73fc9412358b523d3a641501e542f31d2668b0,m,1680.0,1680.0,1680.0,0,-1.6482392034309898,-0.045143879367412196
1044,Honduras,,13-63-318,1350,7.42,7.17,7.08,7.42,7.25,7.25,10.0,10.0,10.0,7.17,80.75,0.09,0,0.0,Green,2,"May 21st, 2016",Instituto Hondureño del Café,b4660a57e9f8cc613ae5b8f02bfce8634c763ab4,7f521ca403540f81ec99daec7da19c2788393880,m,1350.0,1350.0,1350.0,0,-1.5767233077621,-0.09824414645960224
1045,Honduras,,13-111-035,1450 mals,7.25,7.33,7.08,7.5,7.25,7.33,10.0,10.0,10.0,7.0,80.75,0.13,0,0.0,Green,1,"March 10th, 2016",Instituto Hondureño del Café,b4660a57e9f8cc613ae5b8f02bfce8634c763ab4,7f521ca403540f81ec99daec7da19c2788393880,m,1450.0,1450.0,1450.0,0,-1.6071994935524014,-0.059127373633141446
1046,Costa Rica,,5-562-0014,1300 msnm,7.33,7.33,7.25,7.25,7.17,7.17,10.0,10.0,10.0,7.25,80.75,0.11,0,0.0,Green,0,"April 11th, 2015",Specialty Coffee Association,36d0d00a3724338ba7937c52a378d085f2172daa,0878a7d4b9d35ddbf0fe2ce69a2062cceb45a660,m,1300.0,1300.0,1300.0,0,-1.587075262775937,-0.09898170250815136
1047,Mexico,,"1401325570, 1405822583, 1405822338",1200,7.58,7.33,7.42,7.25,7.5,7.5,9.33,9.33,10.0,7.5,80.75,0.11,0,0.0,Green,2,"September 4th, 2013",AMECAFE,59e396ad6e22a1c22b248f958e1da2bd8af85272,0eb4ee5b3f47b20b049548a2fd1e7d4a2b70d0a7,m,1200.0,1200.0,1200.0,0,-1.0369788396414992,-0.12999471139601143
1048,Haiti,,None exists,~1000 meters,7.42,7.0,7.42,7.25,7.08,7.33,10.0,10.0,10.0,7.25,80.75,0.12,0,0.0,Green,0,"May 22nd, 2013",Specialty Coffee Association,36d0d00a3724338ba7937c52a378d085f2172daa,0878a7d4b9d35ddbf0fe2ce69a2062cceb45a660,m,1000.0,1000.0,1000.0,0,-1.6185892386669116,-0.15882363731200785
1051,Indonesia,,015/1691/006,1200-1500,7.58,7.42,7.0,7.67,7.5,7.5,9.33,9.33,10.0,7.33,80.67,0.13,0,0.0,Blue-Green,1,"November 9th, 2016",Specialty Coffee Association,36d0d00a3724338ba7937c52a378d085f2172daa,0878a7d4b9d35ddbf0fe2ce69a2062cceb45a660,m,1200.0,1500.0,1350.0,0,-1.105119998001588,-0.07647416922002999
1052,Guatemala,,11/11711/1,1500msnm,7.67,7.42,6.83,7.17,7.42,7.17,10.0,10.0,10.0,7.0,80.67,0.11,0,0.0,Green,0,"October 22nd, 2016",Asociacion Nacional Del Café,b1f20fe3a819fd6b2ee0eb8fdc3da256604f1e53,724f04ad10ed31dbb9d260f0dfd221ba48be8a95,m,1500.0,1500.0,1500.0,0,-1.6153212191588298,-0.05847261268667396
1053,Costa Rica,,5-025-0048,1.85,7.83,7.5,7.67,7.67,7.83,7.5,6.67,10.0,10.0,8.0,80.67,0.11,0,0.0,Blue-Green,4,"February 27th, 2016",Specialty Coffee Association of Costa Rica,8e0b118f3cf3121ab27c5387deacdb7d4d2a60b1,5eb2b7129d9714c43825e44dc3bca9423de209e9,m,185.0,185.0,185.0,2,-0.5128386770603912,-0.33106557037147155
1054,Malawi,,C17,990-1000m,7.5,7.25,7.17,7.17,7.25,7.17,10.0,10.0,10.0,7.17,80.67,0.12,0,0.0,Bluish-Green,1,"November 4th, 2015",Africa Fine Coffee Association,073285c0d45e2f5539012d969937e529564fa6fe,c4ab13415cdd69376a93780c0166e7b1a10481ea,m,990.0,1000.0,995.0,0,-1.6730709203023557,-0.16230675088569255
1055,Mexico,,0,1200,7.25,7.17,7.17,7.25,7.17,7.42,10.0,10.0,10.0,7.25,80.67,0.12,0,0.0,Green,4,"October 23rd, 2015",AMECAFE,59e396ad6e22a1c22b248f958e1da2bd8af85272,0eb4ee5b3f47b20b049548a2fd1e7d4a2b70d0a7,m,1200.0,1200.0,1200.0,0,-1.7421524357035008,-0.13105524560683315
1056,Colombia,,14-3-79-1034,1550,7.67,7.5,7.42,7.67,7.5,7.75,10.0,10.0,6.67,8.5,80.67,0.0,0,0.0,,1,"April 14th, 2015",Almacafé,e493c36c2d076bf273064f7ac23ad562af257a25,70d3c0c26f89e00fdae6fb39ff54f0d2eb1c38ab,m,1550.0,1550.0,1550.0,2,-0.36778518593091253,-0.04253417185025112
1057,Guatemala,,11/752/02,1550,7.67,7.17,7.0,7.5,7.0,7.0,10.0,10.0,10.0,7.33,80.67,0.12,0,0.0,Green,5,"June 5th, 2014",Asociacion Nacional Del Café,b1f20fe3a819fd6b2ee0eb8fdc3da256604f1e53,724f04ad10ed31dbb9d260f0dfd221ba48be8a95,m,1550.0,1550.0,1550.0,0,-1.7800371703390472,-0.058621896240480004
1063,"Tanzania, United Republic Of",,C28,1400,7.25,7.08,7.08,7.33,7.33,7.25,10.0,10.0,10.0,7.25,80.58,0.12,0,0.0,Bluish-Green,1,"January 6th, 2016",Africa Fine Coffee Association,073285c0d45e2f5539012d969937e529564fa6fe,c4ab13415cdd69376a93780c0166e7b1a10481ea,m,1400.0,1400.0,1400.0,0,-1.7890856051688389,-0.07997356920292345
1064,Brazil,,002/1660/0066,1200,7.42,7.25,7.33,7.0,7.08,7.25,10.0,10.0,10.0,7.25,80.58,0.0,0,0.0,Green,3,"October 17th, 2015",Specialty Coffee Association,36d0d00a3724338ba7937c52a378d085f2172daa,0878a7d4b9d35ddbf0fe2ce69a2062cceb45a660,m,1200.0,1200.0,1200.0,0,-1.6515732707879573,-0.17288327248283517
1065,Honduras,,13-123-238,1400 m.s.n.m.,7.5,7.17,7.0,7.42,7.33,7.0,10.0,10.0,10.0,7.17,80.58,0.11,0,0.0,Green,5,"April 30th, 2015",Instituto Hondureño del Café,b4660a57e9f8cc613ae5b8f02bfce8634c763ab4,7f521ca403540f81ec99daec7da19c2788393880,m,1400.0,1400.0,1400.0,0,-1.8031849437117848,-0.09410888611268532
1066,Guatemala,,11-52-121,4540 metros,7.17,7.42,6.83,7.5,7.17,7.25,10.0,10.0,10.0,7.25,80.58,0.11,0,0.0,Green,5,"January 28th, 2015",Asociacion Nacional Del Café,b1f20fe3a819fd6b2ee0eb8fdc3da256604f1e53,724f04ad10ed31dbb9d260f0dfd221ba48be8a95,ft,1383.792,1383.792,1383.792,0,-1.823221378237152,-0.091140442834947
1069,Taiwan,1,,50,7.17,7.17,7.17,7.42,7.17,7.25,10.0,10.0,10.0,7.17,80.5,0.0,0,0.0,Blue-Green,0,"December 8th, 2018",Blossom Valley International,fc45352eee499d8470cf94c9827922fb745bf815,de73fc9412358b523d3a641501e542f31d2668b0,m,50.0,50.0,50.0,0,-1.6495144584507395,-0.37722976038814077
1070,Guatemala,11/15/0293,11/15/0293,1500,7.33,7.25,7.08,7.17,7.25,7.17,10.0,10.0,10.0,7.25,80.5,0.1,0,0.0,Green,4,"September 8th, 2018",Asociacion Nacional Del Café,b1f20fe3a819fd6b2ee0eb8fdc3da256604f1e53,724f04ad10ed31dbb9d260f0dfd221ba48be8a95,m,1500.0,1500.0,1500.0,0,-1.8711627178252965,-0.08085956750923906
1071,Honduras,331,13-154-234,1650,7.58,7.33,7.0,7.17,7.33,7.08,10.0,10.0,10.0,7.0,80.5,0.11,0,0.0,Green,5,"August 23rd, 2018",Instituto Hondureño del Café,b4660a57e9f8cc613ae5b8f02bfce8634c763ab4,7f521ca403540f81ec99daec7da19c2788393880,m,1650.0,1650.0,1650.0,0,-1.869732366917322,-0.05097054451259014
1072,Mauritius,K7 Chamarel 2015,not applicable,280,7.25,7.25,7.17,7.17,7.25,7.17,10.0,10.0,10.0,7.25,80.5,0.12,0,0.0,Green,0,"February 10th, 2017",Kenya Coffee Traders Association,ccba45b89d859740b749878be8c6d16fbdb96c2e,d752c909a015f3c76224b3c5cc520f8a67afda74,m,280.0,280.0,280.0,0,-1.826447674315311,-0.30053622461758345
1073,Brazil,,002/4542/0049,1250 m,7.25,7.33,7.17,7.5,7.33,7.25,9.33,10.0,10.0,7.33,80.5,0.11,0,0.0,Green,3,"November 16th, 2016",Brazil Specialty Coffee Association,3297cfa4c538e3dd03f72cc4082c54f7999e1f9d,8900f0bf1d0b2bafe6807a73562c7677d57eb980,m,1250.0,1250.0,1250.0,0,-1.6276293818195766,-0.11598750122704345
1074,Myanmar,,Unspecified,3800,7.17,7.33,7.17,7.42,7.25,7.08,10.0,10.0,10.0,7.08,80.5,0.0,0,0.0,Green,2,"July 16th, 2016",Coffee Quality Institute,1d4c7f93129f9fb1c8a5f0ce0e36cc1cf4c2f4d7,0f62c9236e3ff5c4921da1e22a350aa99482779d,m,3800.0,3800.0,3800.0,0,-1.6843550232133084,0.3542175728377749
1075,Guatemala,,11-951-136,4000 p.s.n.m.,7.5,7.17,6.83,7.5,7.17,7.17,10.0,10.0,10.0,7.17,80.5,0.11,0,0.0,Green,3,"April 23rd, 2015",Asociacion Nacional Del Café,b1f20fe3a819fd6b2ee0eb8fdc3da256604f1e53,724f04ad10ed31dbb9d260f0dfd221ba48be8a95,ft,1219.2,1219.2,1219.2,0,-1.8664558932671445,-0.11923076164494038
1076,Brazil,,002/135-2/0182,1250,7.42,7.42,7.08,7.33,7.67,7.5,9.33,9.33,10.0,7.42,80.5,0.1,0,0.0,,10,"April 17th, 2015",Specialty Coffee Association,36d0d00a3724338ba7937c52a378d085f2172daa,0878a7d4b9d35ddbf0fe2ce69a2062cceb45a660,m,1250.0,1250.0,1250.0,0,-1.3574143360073312,-0.14872895889684695
1078,Guatemala,,11/52/492,6100 metros,7.5,7.5,7.0,7.67,7.17,7.0,10.0,10.0,10.0,6.67,80.5,0.12,1,0.0,Green,1,"February 13th, 2014",Asociacion Nacional Del Café,b1f20fe3a819fd6b2ee0eb8fdc3da256604f1e53,724f04ad10ed31dbb9d260f0dfd221ba48be8a95,ft,1859.28,1859.28,1859.28,0,-1.7909484754303664,0.013761957519013103
1079,Mexico,,1405793051,1450,7.25,7.25,7.08,7.33,7.25,7.17,10.0,10.0,10.0,7.17,80.5,0.15,0,0.0,,1,"September 17th, 2013",AMECAFE,59e396ad6e22a1c22b248f958e1da2bd8af85272,0eb4ee5b3f47b20b049548a2fd1e7d4a2b70d0a7,m,1450.0,1450.0,1450.0,0,-1.8899874465447655,-0.05970329255073692
1080,Honduras,115,13-63-60,1450,7.25,7.42,7.0,7.42,7.33,7.0,10.0,10.0,10.0,7.0,80.42,0.1,0,0.0,Green,0,"February 2nd, 2017",Instituto Hondureño del Café,b4660a57e9f8cc613ae5b8f02bfce8634c763ab4,7f521ca403540f81ec99daec7da19c2788393880,m,1450.0,1450.0,1450.0,0,-1.842000798858032,-0.06842545258624802
1081,Taiwan,,Taiwan台灣,600公尺,7.58,7.17,7.17,7.17,7.17,7.17,10.0,10.0,10.0,7.0,80.42,0.14,0,0.0,Green,0,"November 23rd, 2015",Blossom Valley International,fc45352eee499d8470cf94c9827922fb745bf815,de73fc9412358b523d3a641501e542f31d2668b0,m,600.0,600.0,600.0,0,-1.9074777734658208,-0.23288902851911877
1082,El Salvador,,NONE,1450m,7.33,7.17,7.08,7.08,7.33,7.17,10.0,10.0,10.0,7.25,80.42,0.0,0,0.0,Green,1,"April 26th, 2015",Specialty Coffee Association,36d0d00a3724338ba7937c52a378d085f2172daa,0878a7d4b9d35ddbf0fe2ce69a2062cceb45a660,m,1450.0,1450.0,1450.0,0,-1.7740953856376298,-0.11447021919252959
1083,China,,CNY,1700,7.25,7.08,7.25,7.17,7.33,7.17,10.0,10.0,10.0,7.17,80.42,0.17,0,0.0,Green,14,"January 17th, 2015",Specialty Coffee Association,36d0d00a3724338ba7937c52a378d085f2172daa,0878a7d4b9d35ddbf0fe2ce69a2062cceb45a660,m,1700.0,1700.0,1700.0,0,-2.1832254171747474,-0.05962725274960774
1084,Taiwan,,,600 m,7.25,7.25,7.17,7.25,7.25,7.25,10.0,10.0,10.0,7.0,80.42,0.11,0,0.0,Green,0,"December 26th, 2014","Blossom Valley International
",09e3c859cac41901d54f4bd36cce80d19c9272f5,94828eb00127a1563ed640ea428f42f3313b182d,m,600.0,600.0,600.0,0,-1.8698254680900583,-0.23925617457829287
1085,Mexico,,1405675414,1050,6.92,7.17,7.08,7.5,7.33,7.17,10.0,10.0,10.0,7.25,80.42,0.1,2,0.0,Green,4,"September 4th, 2013",AMECAFE,59e396ad6e22a1c22b248f958e1da2bd8af85272,0eb4ee5b3f47b20b049548a2fd1e7d4a2b70d0a7,m,1050.0,1050.0,1050.0,0,-1.9867672440619408,-0.17947027635821405
1086,Mexico,,2676,1550,7.42,7.08,7.08,7.33,7.25,7.17,10.0,10.0,10.0,7.08,80.42,0.12,4,0.0,Green,16,"August 30th, 2013",AMECAFE,59e396ad6e22a1c22b248f958e1da2bd8af85272,0eb4ee5b3f47b20b049548a2fd1e7d4a2b70d0a7,m,1550.0,1550.0,1550.0,0,-2.232297887957664,-0.1418687781519484
1087,Burundi,601,027/01/601,1700,7.08,7.25,7.17,7.33,7.08,7.08,10.0,10.0,10.0,7.33,80.33,0.12,0,0.0,Green,0,"January 21st, 2017",Kenya Coffee Traders Association,ccba45b89d859740b749878be8c6d16fbdb96c2e,d752c909a015f3c76224b3c5cc520f8a67afda74,m,1700.0,1700.0,1700.0,0,-2.0217530850873304,-0.018717127252890105
1088,"Tanzania, United Republic Of",,A053,1700,7.25,7.17,7.0,7.25,7.42,7.08,10.0,10.0,10.0,7.17,80.33,0.13,0,0.0,Green,5,"November 15th, 2016",Africa Fine Coffee Association,073285c0d45e2f5539012d969937e529564fa6fe,c4ab13415cdd69376a93780c0166e7b1a10481ea,m,1700.0,1700.0,1700.0,0,-2.0629636565834204,-0.03524808380525454
1090,Taiwan,,,600 m,7.25,7.25,7.08,7.25,7.25,7.25,10.0,10.0,10.0,7.0,80.33,0.11,0,0.0,Green,0,"December 26th, 2014",Blossom Valley International,fc45352eee499d8470cf94c9827922fb745bf815,de73fc9412358b523d3a641501e542f31d2668b0,m,600.0,600.0,600.0,0,-1.9545586774953114,-0.23938489537739469
1091,Guatemala,,11/23/0795,4300,7.33,7.33,6.83,7.5,7.0,7.17,10.0,10.0,10.0,7.17,80.33,0.11,1,0.0,Green,4,"June 6th, 2014",Asociacion Nacional Del Café,b1f20fe3a819fd6b2ee0eb8fdc3da256604f1e53,724f04ad10ed31dbb9d260f0dfd221ba48be8a95,ft,1310.64,1310.64,1310.64,0,-2.0730668695087138,-0.11378789155748763
1092,Mexico,,01-04,940,7.25,7.08,7.08,7.33,7.33,7.17,10.0,10.0,10.0,7.08,80.33,0.11,0,0.0,Green,21,"August 30th, 2013",AMECAFE,59e396ad6e22a1c22b248f958e1da2bd8af85272,0eb4ee5b3f47b20b049548a2fd1e7d4a2b70d0a7,m,940.0,940.0,940.0,0,-2.2874170354037173,-0.24873508410563852
1095,Brazil,2017-003,002/143-0/0058,995,7.17,7.33,7.42,7.08,7.0,7.0,10.0,10.0,10.0,7.25,80.25,0.11,0,1.0,Green,1,"November 3rd, 2018",Brazil Specialty Coffee Association,3297cfa4c538e3dd03f72cc4082c54f7999e1f9d,8900f0bf1d0b2bafe6807a73562c7677d57eb980,m,995.0,995.0,995.0,0,-2.0667295229386036,-0.05879390895060545
1096,Honduras,102,13-111-053,1400,7.25,7.25,7.0,7.0,7.42,7.0,10.0,10.0,10.0,7.33,80.25,0.1,0,0.0,Green,4,"April 6th, 2018",Instituto Hondureño del Café,b4660a57e9f8cc613ae5b8f02bfce8634c763ab4,7f521ca403540f81ec99daec7da19c2788393880,m,1400.0,1400.0,1400.0,0,-2.105783220024735,-0.10649196956322017
1097,Mexico,cosecha 2015-2016,,1600,7.25,7.17,7.0,7.33,7.33,7.0,10.0,10.0,10.0,7.17,80.25,0.1,0,0.0,Green,2,"April 26th, 2017",Centro Agroecológico del Café A.C.,3b8dfdd621590b424ff64e0b76df7d6a92e1c628,d470dc009281519e30da6ead1c649fcd7670f386,m,1600.0,1600.0,1600.0,0,-2.0634405469645243,-0.05201410119872696
1098,Myanmar,,,3000 ft,8.0,7.08,7.0,7.33,7.08,6.92,10.0,10.0,10.0,6.83,80.25,0.11,1,0.0,Green,26,"August 26th, 2016",Specialty Coffee Association,36d0d00a3724338ba7937c52a378d085f2172daa,0878a7d4b9d35ddbf0fe2ce69a2062cceb45a660,ft,914.4,914.4,914.4,0,-2.436092744499536,-0.28158450873107177
1099,Myanmar,,unspecified,4287,7.42,7.0,7.08,7.0,7.17,7.33,10.0,10.0,10.0,7.25,80.25,0.0,0,0.0,Green,1,"July 16th, 2016",Coffee Quality Institute,1d4c7f93129f9fb1c8a5f0ce0e36cc1cf4c2f4d7,0f62c9236e3ff5c4921da1e22a350aa99482779d,m,4287.0,4287.0,4287.0,0,-1.955405109831197,0.43899667357924765
1100,Nicaragua,,017/117/018,900 m.s.n.m.,7.08,6.92,7.0,7.25,7.5,7.25,10.0,10.0,10.0,7.25,80.25,0.11,0,0.0,Green,2,"February 20th, 2016",Asociación de Cafés Especiales de Nicaragua,fc561dd3c2eee024b032933e0a97b4aede0dc206,f79a8d4dee92a80ff14025f03ea34fa316b2132f,m,900.0,900.0,900.0,0,-2.092716906231943,-0.190334545091886
1103,Taiwan,,,700 m,7.25,7.08,7.25,7.25,7.17,7.25,10.0,10.0,10.0,7.0,80.25,0.11,0,0.0,Green,0,"December 26th, 2014",Blossom Valley International,fc45352eee499d8470cf94c9827922fb745bf815,de73fc9412358b523d3a641501e542f31d2668b0,m,700.0,700.0,700.0,0,-2.040674884158823,-0.22299171407895776
1104,Guatemala,,11-23-1972,1400,7.0,7.17,7.33,7.33,7.0,7.17,10.0,10.0,10.0,7.25,80.25,0.11,1,0.0,Green,12,"January 9th, 2014",Specialty Coffee Association,36d0d00a3724338ba7937c52a378d085f2172daa,0878a7d4b9d35ddbf0fe2ce69a2062cceb45a660,m,1400.0,1400.0,1400.0,0,-2.2764854857681955,-0.13558216244189797
1105,Mexico,,1702801679,808,7.58,7.33,7.17,7.25,6.75,7.0,10.0,10.0,10.0,7.17,80.25,0.11,2,0.0,,8,"September 27th, 2013",AMECAFE,59e396ad6e22a1c22b248f958e1da2bd8af85272,0eb4ee5b3f47b20b049548a2fd1e7d4a2b70d0a7,m,808.0,808.0,808.0,0,-2.235387477743723,-0.24598268377608073
1106,Vietnam,Oriental Paris Civet Coffee,,1550,7.42,7.25,7.25,7.58,7.42,7.33,8.67,10.0,10.0,7.25,80.17,0.0,0,0.0,,2,"May 9th, 2018",Specialty Coffee Association,36d0d00a3724338ba7937c52a378d085f2172daa,0878a7d4b9d35ddbf0fe2ce69a2062cceb45a660,m,1550.0,1550.0,1550.0,0,-1.5056522730676827,-0.09077840052919639
1107,Nicaragua,,017-053-0125,1100 - 1275 mts,7.17,7.08,7.08,7.33,7.25,7.08,10.0,10.0,10.0,7.17,80.17,0.11,0,0.0,,2,"April 23rd, 2016",Asociación de Cafés Especiales de Nicaragua,fc561dd3c2eee024b032933e0a97b4aede0dc206,f79a8d4dee92a80ff14025f03ea34fa316b2132f,m,1100.0,1275.0,1187.5,0,-2.1682787330898896,-0.1319988365961656
1108,Honduras,,13-63-70,1400 msnm,7.25,7.25,7.0,7.17,7.08,7.08,10.0,10.0,10.0,7.33,80.17,0.11,0,0.0,Green,0,"January 26th, 2016",Instituto Hondureño del Café,b4660a57e9f8cc613ae5b8f02bfce8634c763ab4,7f521ca403540f81ec99daec7da19c2788393880,m,1400.0,1400.0,1400.0,0,-2.166428902723153,-0.08476859983521445
1109,Guatemala,,11/23/1170,4300,7.33,7.33,7.0,7.17,7.17,7.17,10.0,10.0,10.0,7.0,80.17,0.11,0,0.0,Green,2,"August 7th, 2014",Asociacion Nacional Del Café,b1f20fe3a819fd6b2ee0eb8fdc3da256604f1e53,724f04ad10ed31dbb9d260f0dfd221ba48be8a95,ft,1310.64,1310.64,1310.64,0,-2.141655827345076,-0.10893286334659066
1110,Mexico,,1104362940,1250,7.33,7.08,6.92,7.42,7.25,7.08,10.0,10.0,10.0,7.08,80.17,0.11,0,0.0,Green,2,"October 9th, 2013",AMECAFE,59e396ad6e22a1c22b248f958e1da2bd8af85272,0eb4ee5b3f47b20b049548a2fd1e7d4a2b70d0a7,m,1250.0,1250.0,1250.0,0,-2.1627011935896614,-0.1160576154338901
1111,Mexico,,1405791535,1550,7.58,7.42,7.33,7.5,7.08,7.17,8.67,10.0,10.0,7.42,80.17,0.14,1,0.0,Green,2,"September 13th, 2013",AMECAFE,59e396ad6e22a1c22b248f958e1da2bd8af85272,0eb4ee5b3f47b20b049548a2fd1e7d4a2b70d0a7,m,1550.0,1550.0,1550.0,0,-1.7509937736731143,-0.0572004142578321
1112,Mexico,,1104367469,1000,7.33,7.33,7.17,7.08,7.25,7.0,10.0,10.0,10.0,7.0,80.17,0.12,0,0.0,Green,12,"September 10th, 2013",AMECAFE,59e396ad6e22a1c22b248f958e1da2bd8af85272,0eb4ee5b3f47b20b049548a2fd1e7d4a2b70d0a7,m,1000.0,1000.0,1000.0,0,-2.3012611915428764,-0.2073993149112066
1113,Guatemala,,11/23/0582,4300,7.33,7.33,7.0,7.33,7.0,7.0,10.0,10.0,10.0,7.17,80.17,0.11,0,0.0,Green,5,"May 24th, 2013",Asociacion Nacional Del Café,b1f20fe3a819fd6b2ee0eb8fdc3da256604f1e53,724f04ad10ed31dbb9d260f0dfd221ba48be8a95,ft,1310.64,1310.64,1310.64,0,-2.223159170444438,-0.11577962319347956
1115,Brazil,BR5691,002/1352/0226,1100,7.17,7.17,7.0,7.17,7.25,7.25,10.0,10.0,10.0,7.08,80.08,0.11,0,0.0,Green,5,"November 29th, 2018",Brazil Specialty Coffee Association,3297cfa4c538e3dd03f72cc4082c54f7999e1f9d,8900f0bf1d0b2bafe6807a73562c7677d57eb980,m,1100.0,1100.0,1100.0,0,-2.2736499895466773,-0.16329168959976945
1116,Taiwan,,Taiwan台灣,850公尺,7.42,7.25,7.25,7.17,7.0,7.0,10.0,10.0,10.0,7.0,80.08,0.07,0,0.0,Green,0,"November 23rd, 2015",Blossom Valley International,fc45352eee499d8470cf94c9827922fb745bf815,de73fc9412358b523d3a641501e542f31d2668b0,m,850.0,850.0,850.0,0,-2.134125339138532,-0.20831227684433126
1118,Taiwan,,,200 m,7.25,7.25,7.25,7.25,7.08,7.0,10.0,10.0,10.0,7.0,80.08,0.11,0,0.0,Green,0,"December 26th, 2014",Blossom Valley International,fc45352eee499d8470cf94c9827922fb745bf815,de73fc9412358b523d3a641501e542f31d2668b0,m,200.0,200.0,200.0,0,-2.1906923337441655,-0.32165651941367335
1119,Taiwan,,,150 m,7.25,7.25,7.25,7.0,7.25,7.08,10.0,10.0,10.0,7.0,80.08,0.11,0,0.0,Green,0,"December 26th, 2014",Blossom Valley International,fc45352eee499d8470cf94c9827922fb745bf815,de73fc9412358b523d3a641501e542f31d2668b0,m,150.0,150.0,150.0,0,-2.1847684235802283,-0.33786346553799557
1120,Taiwan,,,250 m,7.25,7.25,7.25,7.08,7.17,7.08,10.0,10.0,10.0,7.0,80.08,0.11,0,0.0,Green,0,"December 26th, 2014",Blossom Valley International,fc45352eee499d8470cf94c9827922fb745bf815,de73fc9412358b523d3a641501e542f31d2668b0,m,250.0,250.0,250.0,0,-2.1899755521698805,-0.3160604717059118
1121,Mexico,,1401045726,1300,7.33,7.17,7.25,7.08,7.08,7.08,10.0,10.0,10.0,7.08,80.08,0.15,0,0.0,,0,"September 14th, 2013",AMECAFE,59e396ad6e22a1c22b248f958e1da2bd8af85272,0eb4ee5b3f47b20b049548a2fd1e7d4a2b70d0a7,m,1300.0,1300.0,1300.0,0,-2.274813352693648,-0.09778197644099029
1122,Mexico,,0,1300,7.25,7.08,7.0,7.17,7.33,7.17,10.0,10.0,10.0,7.08,80.08,0.14,1,0.0,Green,17,"August 30th, 2013",AMECAFE,59e396ad6e22a1c22b248f958e1da2bd8af85272,0eb4ee5b3f47b20b049548a2fd1e7d4a2b70d0a7,m,1300.0,1300.0,1300.0,0,-2.524364448445341,-0.1680488939958305
1123,Nicaragua,605135 / K1730103,017/001/1638,1250,7.33,7.08,6.92,7.08,7.42,7.17,10.0,10.0,10.0,7.0,80.0,0.1,0,0.0,Green,5,"June 13th, 2018",Instituto Hondureño del Café,b4660a57e9f8cc613ae5b8f02bfce8634c763ab4,7f521ca403540f81ec99daec7da19c2788393880,m,1250.0,1250.0,1250.0,0,-2.327547827772133,-0.14035176820807344
1124,Myanmar,,Unspecified,3845,7.17,7.33,7.0,7.42,7.17,7.0,10.0,10.0,10.0,6.92,80.0,0.0,0,0.0,Green,4,"July 16th, 2016",Coffee Quality Institute,1d4c7f93129f9fb1c8a5f0ce0e36cc1cf4c2f4d7,0f62c9236e3ff5c4921da1e22a350aa99482779d,m,3845.0,3845.0,3845.0,0,-2.1640602022206674,0.3529713739755085
1125,Mexico,,0016-2050-0001,1300 to 1500 meters,7.58,7.75,7.42,7.5,7.5,7.5,8.67,8.67,10.0,7.42,80.0,0.0,0,0.0,Green,2,"May 1st, 2015",Specialty Coffee Association,36d0d00a3724338ba7937c52a378d085f2172daa,0878a7d4b9d35ddbf0fe2ce69a2062cceb45a660,m,1300.0,1500.0,1400.0,0,-0.9574597965160923,-0.12358841238240639
1126,Taiwan,,,250 m,7.25,7.25,7.25,7.0,7.25,7.0,10.0,10.0,10.0,7.0,80.0,0.11,0,0.0,Green,0,"December 26th, 2014",Blossom Valley International,fc45352eee499d8470cf94c9827922fb745bf815,de73fc9412358b523d3a641501e542f31d2668b0,m,250.0,250.0,250.0,0,-2.2577714743745783,-0.31899239191736684
1127,Thailand,,10589010,800++,7.33,6.67,7.08,7.42,7.42,7.08,10.0,10.0,10.0,7.0,80.0,0.0,0,0.0,Green,0,"May 29th, 2014",Specialty Coffee Association,36d0d00a3724338ba7937c52a378d085f2172daa,0878a7d4b9d35ddbf0fe2ce69a2062cceb45a660,m,800.0,800.0,800.0,0,-2.124576885786428,-0.2376925975909059
1128,Mexico,,1104362940,1250,7.25,7.25,7.08,7.17,7.33,7.33,9.33,10.0,10.0,7.25,80.0,0.12,0,0.0,Green,9,"September 10th, 2013",AMECAFE,59e396ad6e22a1c22b248f958e1da2bd8af85272,0eb4ee5b3f47b20b049548a2fd1e7d4a2b70d0a7,m,1250.0,1250.0,1250.0,0,-2.2041538480191547,-0.14714098015330762
1129,Mexico,,0,1100,7.08,7.33,7.0,7.33,7.08,7.0,10.0,10.0,10.0,7.17,80.0,0.11,0,0.0,Green,12,"September 4th, 2013",AMECAFE,59e396ad6e22a1c22b248f958e1da2bd8af85272,0eb4ee5b3f47b20b049548a2fd1e7d4a2b70d0a7,m,1100.0,1100.0,1100.0,0,-2.481419550128,-0.18417123231555796
1133,Mexico,,2406,1300,7.33,7.08,7.08,7.33,7.42,7.17,9.33,10.0,10.0,7.17,79.92,0.12,0,0.0,Green,4,"March 29th, 2014",AMECAFE,59e396ad6e22a1c22b248f958e1da2bd8af85272,0eb4ee5b3f47b20b049548a2fd1e7d4a2b70d0a7,m,1300.0,1300.0,1300.0,0,-2.1891371752523257,-0.11743794495594599
1134,Mexico,,1506558878,1100,7.17,7.17,6.92,7.25,7.33,7.08,10.0,10.0,10.0,7.0,79.92,0.12,1,0.0,Green,7,"September 11th, 2013",AMECAFE,59e396ad6e22a1c22b248f958e1da2bd8af85272,0eb4ee5b3f47b20b049548a2fd1e7d4a2b70d0a7,m,1100.0,1100.0,1100.0,0,-2.4807500972112333,-0.17518494665485254
1135,Mexico,,1506729960,1100,7.5,7.17,7.0,7.17,7.25,7.08,10.0,10.0,10.0,6.75,79.92,0.0,0,0.0,,0,"August 30th, 2013",AMECAFE,59e396ad6e22a1c22b248f958e1da2bd8af85272,0eb4ee5b3f47b20b049548a2fd1e7d4a2b70d0a7,m,1100.0,1100.0,1100.0,0,-2.1645736933201962,-0.18098458995873407
1136,Mexico,,0,1100,7.17,7.08,7.08,7.08,7.5,7.33,9.33,10.0,10.0,7.33,79.92,0.11,0,0.0,Green,3,"July 26th, 2013",AMECAFE,59e396ad6e22a1c22b248f958e1da2bd8af85272,0eb4ee5b3f47b20b049548a2fd1e7d4a2b70d0a7,m,1100.0,1100.0,1100.0,0,-2.1903756279862603,-0.1623652005093894
1137,Mexico,,1104362940,1250,7.33,7.25,7.0,7.42,7.17,7.17,9.33,10.0,10.0,7.25,79.92,0.12,0,0.0,Green,6,"July 11th, 2013",AMECAFE,59e396ad6e22a1c22b248f958e1da2bd8af85272,0eb4ee5b3f47b20b049548a2fd1e7d4a2b70d0a7,m,1250.0,1250.0,1250.0,0,-2.2335705300850424,-0.1297663186646426
1138,Mexico,,1104387103,1250,7.17,7.33,7.08,7.58,7.33,7.08,10.0,9.33,10.0,7.0,79.92,0.11,0,0.0,Green,0,"July 11th, 2013",AMECAFE,59e396ad6e22a1c22b248f958e1da2bd8af85272,0eb4ee5b3f47b20b049548a2fd1e7d4a2b70d0a7,m,1250.0,1250.0,1250.0,0,-1.9965362430464335,-0.10740762926458877
1140,Kenya,SC 9634,37-0985-4045,1500,7.0,7.08,7.0,7.17,7.25,7.25,10.0,10.0,10.0,7.08,79.83,0.11,0,1.0,,5,"August 25th, 2018",Kenya Coffee Traders Association,ccba45b89d859740b749878be8c6d16fbdb96c2e,d752c909a015f3c76224b3c5cc520f8a67afda74,m,1500.0,1500.0,1500.0,0,-2.514156144160727,0.026398861383679383
1141,Guatemala,11/23/0639,11/23/0639,1700,7.33,7.25,6.92,7.33,7.25,7.33,9.33,10.0,10.0,7.08,79.83,0.1,0,0.0,Green,2,"August 22nd, 2018",Asociacion Nacional Del Café,b1f20fe3a819fd6b2ee0eb8fdc3da256604f1e53,724f04ad10ed31dbb9d260f0dfd221ba48be8a95,m,1700.0,1700.0,1700.0,0,-2.21721228587476,-0.035474647649374504
1142,Nicaragua,,017/191/488,1250,6.83,7.17,7.17,6.92,7.5,7.08,10.0,10.0,10.0,7.17,79.83,0.11,0,0.0,Green,0,"March 29th, 2016",Asociación de Cafés Especiales de Nicaragua,fc561dd3c2eee024b032933e0a97b4aede0dc206,f79a8d4dee92a80ff14025f03ea34fa316b2132f,m,1250.0,1250.0,1250.0,0,-2.426100825956311,-0.1254684144818436
1143,Mexico,,1104276076,1300,7.17,7.08,7.0,7.25,7.5,7.0,10.0,10.0,10.0,6.83,79.83,0.12,0,0.0,Green,3,"July 11th, 2013",AMECAFE,59e396ad6e22a1c22b248f958e1da2bd8af85272,0eb4ee5b3f47b20b049548a2fd1e7d4a2b70d0a7,m,1300.0,1300.0,1300.0,0,-2.454308129973642,-0.11479746100318518
1145,Guatemala,11/23/0507,11/23/0507,1901.64,7.5,7.42,7.25,7.58,7.33,7.42,9.33,9.33,9.33,7.25,79.75,0.1,0,4.0,Green,1,"June 22nd, 2018",Asociacion Nacional Del Café,b1f20fe3a819fd6b2ee0eb8fdc3da256604f1e53,724f04ad10ed31dbb9d260f0dfd221ba48be8a95,m,190164.0,190164.0,190164.0,3,-2.2335729546613323,37.5065198892026
1146,Taiwan,,Taiwan,800-1200,7.75,7.33,7.17,7.33,7.67,7.83,9.33,9.33,8.67,7.33,79.75,0.0,0,0.0,,0,"March 20th, 2016",Specialty Coffee Association,36d0d00a3724338ba7937c52a378d085f2172daa,0878a7d4b9d35ddbf0fe2ce69a2062cceb45a660,m,800.0,1200.0,1000.0,0,-1.262961499859865,-0.1867959867198419
1147,Taiwan,,Taiwan,500-700m,7.08,7.08,7.25,7.0,7.17,7.17,10.0,10.0,10.0,7.0,79.75,0.1,0,0.0,Blue-Green,0,"July 28th, 2015",Specialty Coffee Association,36d0d00a3724338ba7937c52a378d085f2172daa,0878a7d4b9d35ddbf0fe2ce69a2062cceb45a660,m,500.0,700.0,600.0,0,-2.4926205551352796,-0.2566331722397969
1148,Thailand,,10703510,800++,7.25,7.08,6.92,7.5,7.08,6.92,10.0,10.0,10.0,7.0,79.75,0.12,0,0.0,Green,0,"June 16th, 2015",Specialty Coffee Association,36d0d00a3724338ba7937c52a378d085f2172daa,0878a7d4b9d35ddbf0fe2ce69a2062cceb45a660,m,800.0,800.0,800.0,0,-2.525458182119396,-0.1957733626400636
1150,Costa Rica,,5-066-038,1100,7.58,7.5,7.67,7.75,7.67,7.58,8.0,8.0,10.0,8.0,79.75,0.1,0,0.0,Bluish-Green,4,"September 23rd, 2014",Specialty Coffee Association,36d0d00a3724338ba7937c52a378d085f2172daa,0878a7d4b9d35ddbf0fe2ce69a2062cceb45a660,m,1100.0,1100.0,1100.0,0,-0.8285264357066384,-0.16129843197427168
1151,Mexico,,2496,1400,7.58,7.08,7.0,7.0,7.5,6.92,10.0,10.0,10.0,6.67,79.75,0.12,0,0.0,Green,4,"March 29th, 2014",AMECAFE,59e396ad6e22a1c22b248f958e1da2bd8af85272,0eb4ee5b3f47b20b049548a2fd1e7d4a2b70d0a7,m,1400.0,1400.0,1400.0,0,-2.524792879107823,-0.10622171755236642
1152,Mexico,,0,1022,7.58,7.08,6.92,7.58,7.5,6.92,10.0,9.33,10.0,6.83,79.75,0.13,0,0.0,Green,4,"March 29th, 2014",AMECAFE,59e396ad6e22a1c22b248f958e1da2bd8af85272,0eb4ee5b3f47b20b049548a2fd1e7d4a2b70d0a7,m,1022.0,1022.0,1022.0,0,-2.2113554046176582,-0.1633984740986682
1153,Mexico,,2406,1300,7.25,7.08,7.0,7.17,7.17,7.08,10.0,10.0,10.0,7.0,79.75,0.12,0,0.0,Green,5,"March 29th, 2014",AMECAFE,59e396ad6e22a1c22b248f958e1da2bd8af85272,0eb4ee5b3f47b20b049548a2fd1e7d4a2b70d0a7,m,1300.0,1300.0,1300.0,0,-2.6039246115490213,-0.12449088330881114
1154,Mexico,,0,1450,7.25,7.17,7.17,7.08,7.17,7.0,10.0,10.0,10.0,6.92,79.75,0.14,0,0.0,,0,"September 14th, 2013",AMECAFE,59e396ad6e22a1c22b248f958e1da2bd8af85272,0eb4ee5b3f47b20b049548a2fd1e7d4a2b70d0a7,m,1450.0,1450.0,1450.0,0,-2.531381981682989,-0.07343072975134772
1155,Mexico,,1405811686,1050,7.33,7.25,7.0,7.08,7.08,7.0,10.0,10.0,10.0,7.0,79.75,0.1,1,0.0,Green,22,"September 4th, 2013",AMECAFE,59e396ad6e22a1c22b248f958e1da2bd8af85272,0eb4ee5b3f47b20b049548a2fd1e7d4a2b70d0a7,m,1050.0,1050.0,1050.0,0,-2.8567264593119748,-0.2518270438265589
1157,Mexico,,1506622214,1100,7.25,6.83,6.92,7.08,7.25,7.08,10.0,10.0,10.0,7.33,79.75,0.12,0,0.0,,7,"June 6th, 2013",AMECAFE,59e396ad6e22a1c22b248f958e1da2bd8af85272,0eb4ee5b3f47b20b049548a2fd1e7d4a2b70d0a7,m,1100.0,1100.0,1100.0,0,-2.6920399393977874,-0.17476391063138216
1158,Guatemala,11/23/0508,11/23/0508,4000,7.42,7.42,7.25,7.58,7.42,7.33,9.33,9.33,9.33,7.25,79.67,0.1,0,2.0,Green,1,"June 22nd, 2018",Asociacion Nacional Del Café,b1f20fe3a819fd6b2ee0eb8fdc3da256604f1e53,724f04ad10ed31dbb9d260f0dfd221ba48be8a95,ft,1219.2,1219.2,1219.2,0,-1.72108762440713,0.11048254156337146
1159,El Salvador,1,9,1250,7.25,7.08,7.0,6.83,7.33,7.17,10.0,10.0,10.0,7.0,79.67,0.0,0,0.0,Bluish-Green,12,"March 23rd, 2018",Salvadoran Coffee Council,3d4987e3b91399dbb3938b5bdf53893b6ef45be1,27b21e368fb8291cbea02c60623fe6c98f84524d,m,1250.0,1250.0,1250.0,0,-2.6205369755175236,-0.20678344627050327
1160,Thailand,,10703510,800++,6.92,7.17,6.83,7.42,7.17,7.08,10.0,10.0,10.0,7.08,79.67,0.12,0,0.0,Blue-Green,0,"June 16th, 2015",Specialty Coffee Association,36d0d00a3724338ba7937c52a378d085f2172daa,0878a7d4b9d35ddbf0fe2ce69a2062cceb45a660,m,800.0,800.0,800.0,0,-2.611225612284267,-0.1965063402545978
1161,Guatemala,,11/23/0957,4300,7.5,7.0,6.83,7.08,7.08,7.17,10.0,10.0,10.0,7.0,79.67,0.11,0,0.0,Green,6,"June 27th, 2014",Asociacion Nacional Del Café,b1f20fe3a819fd6b2ee0eb8fdc3da256604f1e53,724f04ad10ed31dbb9d260f0dfd221ba48be8a95,ft,1310.64,1310.64,1310.64,0,-2.7034231858875413,-0.13149592715964645
1162,Mexico,,2496,1400,7.42,7.25,6.83,7.58,7.17,6.58,10.0,10.0,10.0,6.83,79.67,0.12,0,0.0,Green,6,"March 29th, 2014",AMECAFE,59e396ad6e22a1c22b248f958e1da2bd8af85272,0eb4ee5b3f47b20b049548a2fd1e7d4a2b70d0a7,m,1400.0,1400.0,1400.0,0,-2.665012712228222,-0.09653309171489456
1163,Mexico,,1702807163,975,7.33,7.17,7.0,6.75,7.08,7.0,10.0,10.0,10.0,7.33,79.67,0.13,5,0.0,,6,"September 27th, 2013",AMECAFE,59e396ad6e22a1c22b248f958e1da2bd8af85272,0eb4ee5b3f47b20b049548a2fd1e7d4a2b70d0a7,m,975.0,975.0,975.0,0,-2.8620490490519592,-0.24383089248033057
1164,Mexico,,1104363350,1264,6.92,7.17,7.17,7.17,7.08,7.08,10.0,10.0,10.0,7.08,79.67,0.0,0,0.0,,9,"June 4th, 2013",AMECAFE,59e396ad6e22a1c22b248f958e1da2bd8af85272,0eb4ee5b3f47b20b049548a2fd1e7d4a2b70d0a7,m,1264.0,1264.0,1264.0,0,-2.5843434231685483,-0.18447447181811286
1166,Mexico,,1104379888,1250,7.08,7.0,6.92,7.33,7.25,7.08,10.0,10.0,10.0,6.92,79.58,0.12,0,0.0,,11,"September 17th, 2013",AMECAFE,59e396ad6e22a1c22b248f958e1da2bd8af85272,0eb4ee5b3f47b20b049548a2fd1e7d4a2b70d0a7,m,1250.0,1250.0,1250.0,0,-2.8395626348364384,-0.1537177536912219
1167,Mexico,,2676,1550,7.25,6.92,6.92,7.33,7.25,7.0,10.0,10.0,10.0,6.92,79.58,0.13,0,0.0,Green,5,"August 30th, 2013",AMECAFE,59e396ad6e22a1c22b248f958e1da2bd8af85272,0eb4ee5b3f47b20b049548a2fd1e7d4a2b70d0a7,m,1550.0,1550.0,1550.0,0,-2.758780555907223,-0.07037610794089119
1168,Colombia,,3-68-0153,1800 msnm,7.25,7.17,7.0,6.75,7.17,7.33,10.0,10.0,10.0,6.92,79.58,0.1,0,0.0,,4,"February 9th, 2012",Almacafé,e493c36c2d076bf273064f7ac23ad562af257a25,70d3c0c26f89e00fdae6fb39ff54f0d2eb1c38ab,m,1800.0,1800.0,1800.0,0,-2.709328899064093,-0.03988288748448809
1169,Guatemala,,11-194-0008,3500 - 5200 feet,7.08,7.0,6.83,7.33,7.25,7.0,10.0,10.0,10.0,7.08,79.58,0.17,1,0.0,,19,"January 13th, 2012",Specialty Coffee Association,36d0d00a3724338ba7937c52a378d085f2172daa,0878a7d4b9d35ddbf0fe2ce69a2062cceb45a660,ft,1066.8,1584.96,1325.88,0,-3.0781485308258345,-0.1605764125696276
1170,Nicaragua,,017/176/160,1050,6.92,6.92,7.0,7.42,7.25,7.0,10.0,10.0,10.0,7.0,79.5,0.12,0,0.0,Green,6,"July 5th, 2016",Asociación de Cafés Especiales de Nicaragua,fc561dd3c2eee024b032933e0a97b4aede0dc206,f79a8d4dee92a80ff14025f03ea34fa316b2132f,m,1050.0,1050.0,1050.0,0,-2.8375073790236103,-0.17452603033533598
1171,Taiwan,,none,700m公尺,6.92,7.0,7.17,7.0,7.42,7.0,10.0,10.0,10.0,7.0,79.5,0.0,0,0.0,,1,"May 22nd, 2016",Blossom Valley International,fc45352eee499d8470cf94c9827922fb745bf815,de73fc9412358b523d3a641501e542f31d2668b0,m,700.0,700.0,700.0,0,-2.5839047203683423,-0.2739855176881657
1172,Colombia,,68-0197,1550 msnm,7.83,7.5,7.42,7.42,7.67,7.5,10.0,6.67,10.0,7.5,79.5,0.0,0,0.0,Green,2,"June 21st, 2014",Almacafé,e493c36c2d076bf273064f7ac23ad562af257a25,70d3c0c26f89e00fdae6fb39ff54f0d2eb1c38ab,m,1550.0,1550.0,1550.0,0,-0.8827851306442749,-0.10467240417281384
1173,Mexico,,2676,1550,7.25,7.08,6.92,7.25,7.58,7.08,9.33,10.0,10.0,7.0,79.5,0.12,1,0.0,Green,20,"August 1st, 2013",AMECAFE,59e396ad6e22a1c22b248f958e1da2bd8af85272,0eb4ee5b3f47b20b049548a2fd1e7d4a2b70d0a7,m,1550.0,1550.0,1550.0,0,-2.81454424781687,-0.14008169411245147
1174,Mexico,,145092,1100,7.25,7.33,7.0,7.25,7.17,7.17,9.33,10.0,10.0,7.0,79.5,0.12,0,0.0,Bluish-Green,5,"July 11th, 2013",AMECAFE,59e396ad6e22a1c22b248f958e1da2bd8af85272,0eb4ee5b3f47b20b049548a2fd1e7d4a2b70d0a7,m,1100.0,1100.0,1100.0,0,-2.5767806613771884,-0.1630820234859508
1175,Guatemala,,11/23/0358,4000 p.s.n.m.,7.08,7.33,7.25,7.58,7.33,7.42,9.33,9.33,9.33,7.42,79.42,0.1,0,0.0,Green,2,"May 13th, 2015",Asociacion Nacional Del Café,b1f20fe3a819fd6b2ee0eb8fdc3da256604f1e53,724f04ad10ed31dbb9d260f0dfd221ba48be8a95,ft,1219.2,1219.2,1219.2,0,-2.019360000208019,-0.12384289085881536
1176,Guatemala,,11-951-136,4000 p.s.n.m.,7.25,7.33,6.83,7.0,7.0,7.17,10.0,10.0,10.0,6.83,79.42,0.1,1,0.0,Green,4,"March 31st, 2015",Asociacion Nacional Del Café,b1f20fe3a819fd6b2ee0eb8fdc3da256604f1e53,724f04ad10ed31dbb9d260f0dfd221ba48be8a95,ft,1219.2,1219.2,1219.2,0,-2.8797881177330047,-0.15578511420764332
1177,Mexico,,0,800,7.0,6.83,6.83,7.42,7.33,7.17,10.0,10.0,10.0,6.83,79.42,0.13,0,0.0,Green,30,"September 11th, 2013",AMECAFE,59e396ad6e22a1c22b248f958e1da2bd8af85272,0eb4ee5b3f47b20b049548a2fd1e7d4a2b70d0a7,m,800.0,800.0,800.0,0,-3.2842470930352947,-0.30850187967783815
1178,Cote d?Ivoire,Lot A 20170519,,200,7.42,7.25,6.83,7.0,7.33,7.08,9.33,10.0,10.0,7.08,79.33,0.13,1,0.0,Bluish-Green,2,"June 6th, 2018",Specialty Coffee Association,36d0d00a3724338ba7937c52a378d085f2172daa,0878a7d4b9d35ddbf0fe2ce69a2062cceb45a660,m,200.0,200.0,200.0,0,-2.729020497013184,-0.3428510111941284
1179,Colombia,,3-279-390,1200,7.42,7.25,6.75,7.25,7.42,7.25,9.33,9.33,10.0,7.33,79.33,0.0,0,0.0,Green,3,"January 8th, 2015",Specialty Coffee Association,36d0d00a3724338ba7937c52a378d085f2172daa,0878a7d4b9d35ddbf0fe2ce69a2062cceb45a660,m,1200.0,1200.0,1200.0,0,-2.2194104685107945,-0.1754081531600614
1180,Mexico,,1104340088,950,7.0,7.0,6.83,7.33,7.42,6.92,10.0,10.0,10.0,6.83,79.33,0.14,0,0.0,,23,"September 17th, 2013",AMECAFE,59e396ad6e22a1c22b248f958e1da2bd8af85272,0eb4ee5b3f47b20b049548a2fd1e7d4a2b70d0a7,m,950.0,950.0,950.0,0,-3.24967055193749,-0.2523968924727525
1181,Mexico,,1104275271,750,7.42,7.17,7.08,7.17,7.08,7.08,9.33,10.0,10.0,7.0,79.33,0.14,0,0.0,Green,19,"September 10th, 2013",AMECAFE,59e396ad6e22a1c22b248f958e1da2bd8af85272,0eb4ee5b3f47b20b049548a2fd1e7d4a2b70d0a7,m,750.0,750.0,750.0,0,-2.9727005763794008,-0.28290233327630687
1183,Taiwan,,Taiwan,850,7.08,6.83,6.83,7.25,7.42,7.08,10.0,10.0,10.0,6.75,79.25,0.11,0,0.0,Blue-Green,0,"November 7th, 2015",Specialty Coffee Association,36d0d00a3724338ba7937c52a378d085f2172daa,0878a7d4b9d35ddbf0fe2ce69a2062cceb45a660,m,850.0,850.0,850.0,0,-2.945253096842118,-0.20171037553236437
1184,Mexico,,1104367469,1000,7.0,7.0,6.92,7.17,7.17,7.08,10.0,10.0,10.0,6.92,79.25,0.13,0,0.0,Green,10,"September 10th, 2013",AMECAFE,59e396ad6e22a1c22b248f958e1da2bd8af85272,0eb4ee5b3f47b20b049548a2fd1e7d4a2b70d0a7,m,1000.0,1000.0,1000.0,0,-3.135428065883599,-0.20342941302715203
1185,Guatemala,11/23/0632,11/23/0632,4000,7.33,7.42,7.33,7.42,7.5,7.42,8.67,9.33,9.33,7.42,79.17,0.1,0,0.0,Green,0,"August 22nd, 2018",Asociacion Nacional Del Café,b1f20fe3a819fd6b2ee0eb8fdc3da256604f1e53,724f04ad10ed31dbb9d260f0dfd221ba48be8a95,ft,1219.2,1219.2,1219.2,0,-1.9370546831616529,-0.12447819295738974
1186,Honduras,Lot # 331,13-154-234,1650,7.58,7.0,6.75,6.92,7.0,6.92,10.0,10.0,10.0,7.0,79.17,0.11,0,0.0,Green,5,"July 27th, 2018",Instituto Hondureño del Café,b4660a57e9f8cc613ae5b8f02bfce8634c763ab4,7f521ca403540f81ec99daec7da19c2788393880,m,1650.0,1650.0,1650.0,0,-3.13644682405993,-0.06990308289337085
1187,Guatemala,11/23/0168,11/23/0168,1320,7.08,7.0,6.92,7.42,7.0,6.92,10.0,10.0,10.0,6.83,79.17,0.11,0,8.0,Green,6,"May 23rd, 2017",Asociacion Nacional Del Café,b1f20fe3a819fd6b2ee0eb8fdc3da256604f1e53,724f04ad10ed31dbb9d260f0dfd221ba48be8a95,m,1320.0,1320.0,1320.0,0,-3.065680066128441,0.7842407620620765
1188,Guatemala,,11-973-94,1300 a 1800 metros sobre el nivel del mar,7.25,7.17,6.75,7.25,7.0,6.92,10.0,10.0,10.0,6.83,79.17,0.11,0,0.0,Green,6,"June 29th, 2016",Asociacion Nacional Del Café,b1f20fe3a819fd6b2ee0eb8fdc3da256604f1e53,724f04ad10ed31dbb9d260f0dfd221ba48be8a95,m,1300.0,1800.0,1550.0,0,-3.1225965419956845,-0.08313184747040636
1190,Mexico,,0,1550,7.25,7.08,6.92,7.08,7.17,7.17,9.33,10.0,10.0,7.17,79.17,0.14,0,0.0,,8,"September 13th, 2013",AMECAFE,59e396ad6e22a1c22b248f958e1da2bd8af85272,0eb4ee5b3f47b20b049548a2fd1e7d4a2b70d0a7,m,1550.0,1550.0,1550.0,0,-2.982447260314456,-0.08850386830341846
1191,Mexico,,2728,1450,7.17,6.92,6.92,7.08,7.17,7.0,10.0,10.0,10.0,6.92,79.17,0.14,0,0.0,Green,34,"August 30th, 2013",AMECAFE,59e396ad6e22a1c22b248f958e1da2bd8af85272,0eb4ee5b3f47b20b049548a2fd1e7d4a2b70d0a7,m,1450.0,1450.0,1450.0,0,-3.5850468555779593,-0.20336402859093627
1192,Mexico,,016/2362/0057,1200 m,6.75,6.75,6.83,7.25,7.58,7.08,10.0,10.0,10.0,6.92,79.17,0.01,0,0.0,,8,"April 9th, 2011",Specialty Coffee Association,36d0d00a3724338ba7937c52a378d085f2172daa,0878a7d4b9d35ddbf0fe2ce69a2062cceb45a660,m,1200.0,1200.0,1200.0,0,-3.019505005430926,-0.1943474720626153
1193,Guatemala,11/23/0693,11/23/0693,1700,7.58,7.67,7.42,7.42,7.67,7.67,8.67,8.67,8.67,7.67,79.08,0.1,0,0.0,Green,1,"August 23rd, 2018",Asociacion Nacional Del Café,b1f20fe3a819fd6b2ee0eb8fdc3da256604f1e53,724f04ad10ed31dbb9d260f0dfd221ba48be8a95,m,1700.0,1700.0,1700.0,0,-1.4269107430986312,-0.027226816076760762
1194,United States (Puerto Rico),,,2800 ft,7.42,7.08,6.75,7.33,7.33,6.92,10.0,9.33,10.0,6.92,79.08,0.13,0,0.0,Green,0,"June 9th, 2015",Specialty Coffee Association,36d0d00a3724338ba7937c52a378d085f2172daa,0878a7d4b9d35ddbf0fe2ce69a2062cceb45a660,ft,853.44,853.44,853.44,0,-2.7830596971509687,-0.1932796396137233
1195,Mexico,,1405792893,1500,7.33,7.0,6.92,7.25,7.33,7.08,9.33,10.0,10.0,6.83,79.08,0.16,0,0.0,,2,"September 13th, 2013",AMECAFE,59e396ad6e22a1c22b248f958e1da2bd8af85272,0eb4ee5b3f47b20b049548a2fd1e7d4a2b70d0a7,m,1500.0,1500.0,1500.0,0,-2.9576992085989287,-0.06785447276655819
1196,Mexico,,1207093598,1100,7.25,7.08,6.75,7.33,7.42,7.0,9.33,10.0,10.0,6.92,79.08,0.11,0,0.0,Green,45,"September 12th, 2013",AMECAFE,59e396ad6e22a1c22b248f958e1da2bd8af85272,0eb4ee5b3f47b20b049548a2fd1e7d4a2b70d0a7,m,1100.0,1100.0,1100.0,0,-3.527244448547638,-0.31498337738743176
1197,Mexico,,0,1200,7.17,7.25,7.25,7.17,7.25,7.08,9.33,9.33,10.0,7.25,79.08,0.1,0,0.0,Bluish-Green,0,"July 3rd, 2013",AMECAFE,59e396ad6e22a1c22b248f958e1da2bd8af85272,0eb4ee5b3f47b20b049548a2fd1e7d4a2b70d0a7,m,1200.0,1200.0,1200.0,0,-2.5262420985930816,-0.1419392612223587
1199,Guatemala,,11-951-388,4000,7.33,7.17,6.58,7.42,7.08,6.83,10.0,10.0,10.0,6.58,79.0,0.12,0,0.0,Green,3,"September 11th, 2015",Asociacion Nacional Del Café,b1f20fe3a819fd6b2ee0eb8fdc3da256604f1e53,724f04ad10ed31dbb9d260f0dfd221ba48be8a95,ft,1219.2,1219.2,1219.2,0,-3.2189553393061576,-0.13039040780960862
1200,Honduras,,13-117-87,1350,7.0,7.0,7.0,7.0,7.0,7.0,10.0,10.0,10.0,7.0,79.0,0.11,0,0.0,Green,12,"April 26th, 2015",Instituto Hondureño del Café,b4660a57e9f8cc613ae5b8f02bfce8634c763ab4,7f521ca403540f81ec99daec7da19c2788393880,m,1350.0,1350.0,1350.0,0,-3.3929359892234237,-0.15568029768632166
1201,Peru,,030-0582-0050,1400,7.67,7.17,7.08,7.25,8.0,7.5,8.67,9.33,9.33,7.0,79.0,0.0,0,0.0,,4,"January 8th, 2014",Specialty Coffee Association,36d0d00a3724338ba7937c52a378d085f2172daa,0878a7d4b9d35ddbf0fe2ce69a2062cceb45a660,m,1400.0,1400.0,1400.0,0,-1.9563962139098083,-0.14095298895546676
1202,Mexico,,0,1300,6.75,7.08,6.67,7.25,7.17,7.08,10.0,10.0,10.0,7.0,79.0,0.12,0,0.0,,12,"September 17th, 2013",AMECAFE,59e396ad6e22a1c22b248f958e1da2bd8af85272,0eb4ee5b3f47b20b049548a2fd1e7d4a2b70d0a7,m,1300.0,1300.0,1300.0,0,-3.402968627246142,-0.15235912020904457
1203,Mexico,,2074632,1550,7.5,7.17,6.92,7.5,7.25,7.0,8.67,10.0,10.0,7.0,79.0,0.14,3,0.0,Green,17,"September 12th, 2013",AMECAFE,59e396ad6e22a1c22b248f958e1da2bd8af85272,0eb4ee5b3f47b20b049548a2fd1e7d4a2b70d0a7,m,1550.0,1550.0,1550.0,0,-3.044014872228018,-0.1394710805544325
1204,Mexico,,F07016865,12oo,7.17,6.83,6.83,7.25,7.17,6.92,10.0,10.0,10.0,6.83,79.0,0.14,7,0.0,Green,38,"August 30th, 2013",AMECAFE,59e396ad6e22a1c22b248f958e1da2bd8af85272,0eb4ee5b3f47b20b049548a2fd1e7d4a2b70d0a7,m,12.0,12.0,12.0,0,-3.9393183013389512,-0.5601426439444464
1205,Mexico,,2222,1300,7.33,7.0,6.75,7.08,7.17,7.25,9.33,10.0,10.0,7.0,78.92,0.12,0,0.0,Green,8,"March 12th, 2014",AMECAFE,59e396ad6e22a1c22b248f958e1da2bd8af85272,0eb4ee5b3f47b20b049548a2fd1e7d4a2b70d0a7,m,1300.0,1300.0,1300.0,0,-3.1780092923001453,-0.14577678763520588
1206,Mexico,,0,1400,7.5,7.0,6.92,7.08,6.92,6.75,10.0,10.0,10.0,6.75,78.92,0.16,0,0.0,,0,"September 17th, 2013",AMECAFE,59e396ad6e22a1c22b248f958e1da2bd8af85272,0eb4ee5b3f47b20b049548a2fd1e7d4a2b70d0a7,m,1400.0,1400.0,1400.0,0,-3.3255409285625945,-0.08505837456622069
1207,Nicaragua,017-053-0211/053-0212,017-053-0211/053-0212,1100,7.17,7.0,6.92,7.0,7.0,7.0,10.0,10.0,10.0,6.75,78.83,0.1,0,2.0,Green,4,"May 22nd, 2018",Instituto Hondureño del Café,b4660a57e9f8cc613ae5b8f02bfce8634c763ab4,7f521ca403540f81ec99daec7da19c2788393880,m,1100.0,1100.0,1100.0,0,-3.36087129799009,0.04779479457931595
1209,Guatemala,,11/23/1020,4300,7.33,7.08,6.33,7.25,7.0,7.0,10.0,10.0,10.0,6.75,78.75,0.12,1,0.0,Green,8,"July 5th, 2014",Asociacion Nacional Del Café,b1f20fe3a819fd6b2ee0eb8fdc3da256604f1e53,724f04ad10ed31dbb9d260f0dfd221ba48be8a95,ft,1310.64,1310.64,1310.64,0,-3.579336516703795,-0.14497046477587386
1210,Mexico,,0,1320,7.25,6.83,6.83,7.0,7.17,7.0,10.0,10.0,10.0,6.67,78.75,0.14,0,0.0,Green,0,"August 1st, 2013",AMECAFE,59e396ad6e22a1c22b248f958e1da2bd8af85272,0eb4ee5b3f47b20b049548a2fd1e7d4a2b70d0a7,m,1320.0,1320.0,1320.0,0,-3.438838219896112,-0.11144374181221206
1211,Mexico,,0,1250,7.25,7.33,7.17,7.25,7.08,7.0,8.67,10.0,10.0,7.0,78.75,0.14,0,0.0,,0,"July 16th, 2013",AMECAFE,59e396ad6e22a1c22b248f958e1da2bd8af85272,0eb4ee5b3f47b20b049548a2fd1e7d4a2b70d0a7,m,1250.0,1250.0,1250.0,0,-2.9586373784204683,-0.11968860897218712
1212,Mexico,,11042707999,1350,7.67,7.17,6.83,7.33,7.58,7.17,9.33,10.0,8.67,7.0,78.75,0.12,0,0.0,,0,"June 6th, 2013",AMECAFE,59e396ad6e22a1c22b248f958e1da2bd8af85272,0eb4ee5b3f47b20b049548a2fd1e7d4a2b70d0a7,m,1350.0,1350.0,1350.0,0,-2.6526945823717427,-0.08808845963257975
1213,China,,LOUIS88,1850,7.0,6.92,6.83,7.17,7.17,7.17,10.0,10.0,9.33,7.08,78.67,0.0,0,0.0,Green,5,"April 26th, 2015",Specialty Coffee Association,36d0d00a3724338ba7937c52a378d085f2172daa,0878a7d4b9d35ddbf0fe2ce69a2062cceb45a660,m,1850.0,1850.0,1850.0,0,-3.1861612939494863,-0.05743187981567698
1214,Mexico,,1104374276,1150,6.92,6.92,6.67,7.25,7.17,6.92,10.0,10.0,10.0,6.83,78.67,0.13,0,0.0,,2,"September 17th, 2013",AMECAFE,59e396ad6e22a1c22b248f958e1da2bd8af85272,0eb4ee5b3f47b20b049548a2fd1e7d4a2b70d0a7,m,1150.0,1150.0,1150.0,0,-3.535930285814908,-0.14739193351999771
1217,Guatemala,,11/951/388,4000 psnm,7.33,7.17,6.92,7.58,7.25,7.17,8.67,9.33,10.0,7.17,78.58,0.12,0,0.0,Green,3,"September 4th, 2015",Asociacion Nacional Del Café,b1f20fe3a819fd6b2ee0eb8fdc3da256604f1e53,724f04ad10ed31dbb9d260f0dfd221ba48be8a95,ft,1219.2,1219.2,1219.2,0,-2.7929715300494773,-0.1368446404541044
1218,Taiwan,,Taiwan,800m,6.83,6.75,7.17,7.25,7.0,6.92,10.0,10.0,10.0,6.67,78.58,0.1,0,0.0,Green,0,"July 22nd, 2015",Specialty Coffee Association,36d0d00a3724338ba7937c52a378d085f2172daa,0878a7d4b9d35ddbf0fe2ce69a2062cceb45a660,m,800.0,800.0,800.0,0,-3.5294082150654855,-0.22472902331405373
1219,Mexico,,1506502938,1400,7.0,7.0,6.75,7.33,6.92,6.92,10.0,10.0,10.0,6.67,78.58,0.13,0,0.0,Green,1,"July 26th, 2013",AMECAFE,59e396ad6e22a1c22b248f958e1da2bd8af85272,0eb4ee5b3f47b20b049548a2fd1e7d4a2b70d0a7,m,1400.0,1400.0,1400.0,0,-3.59300716352061,-0.0933883774507561
1220,Mexico,,"703817078, 703817042, 700137443",1300,7.92,7.58,7.58,7.92,7.92,7.5,8.0,6.67,10.0,7.5,78.58,0.1,0,0.0,,1,"July 2nd, 2013",AMECAFE,59e396ad6e22a1c22b248f958e1da2bd8af85272,0eb4ee5b3f47b20b049548a2fd1e7d4a2b70d0a7,m,1300.0,1300.0,1300.0,0,-1.0639288693314213,-0.1202883744474295
1222,Mexico,,0016-2795-0008,1600 meters,7.25,6.75,6.92,6.92,7.25,7.58,9.33,9.33,10.0,7.17,78.5,0.0,0,0.0,Green,0,"April 26th, 2015",Specialty Coffee Association,36d0d00a3724338ba7937c52a378d085f2172daa,0878a7d4b9d35ddbf0fe2ce69a2062cceb45a660,m,1600.0,1600.0,1600.0,0,-2.9431853999338817,-0.10795087708782777
1223,Mexico,,0,1400,7.08,6.83,6.83,7.0,7.0,6.92,10.0,10.0,10.0,6.83,78.5,0.12,0,0.0,,14,"September 14th, 2013",AMECAFE,59e396ad6e22a1c22b248f958e1da2bd8af85272,0eb4ee5b3f47b20b049548a2fd1e7d4a2b70d0a7,m,1400.0,1400.0,1400.0,0,-3.8831691609448433,-0.15563095616994044
1224,Mexico,,1506868415,1200,7.25,7.17,7.0,6.83,7.58,7.08,8.67,10.0,10.0,6.92,78.5,0.13,1,0.0,Green,3,"July 26th, 2013",AMECAFE,59e396ad6e22a1c22b248f958e1da2bd8af85272,0eb4ee5b3f47b20b049548a2fd1e7d4a2b70d0a7,m,1200.0,1200.0,1200.0,0,-3.212056460560307,-0.16590427804851443
1226,Mexico,,0,1500,7.58,7.17,7.0,7.17,7.33,7.0,8.0,10.0,10.0,7.17,78.42,0.14,0,0.0,,0,"September 14th, 2013",AMECAFE,59e396ad6e22a1c22b248f958e1da2bd8af85272,0eb4ee5b3f47b20b049548a2fd1e7d4a2b70d0a7,m,1500.0,1500.0,1500.0,0,-3.02325143916071,-0.07746840171599537
1228,Guatemala,,11-951-136,4000 p.s.n.m,7.17,6.5,6.67,7.0,7.17,7.17,10.0,10.0,10.0,6.67,78.33,0.1,0,0.0,Green,2,"February 27th, 2015",Asociacion Nacional Del Café,b1f20fe3a819fd6b2ee0eb8fdc3da256604f1e53,724f04ad10ed31dbb9d260f0dfd221ba48be8a95,ft,1219.2,1219.2,1219.2,0,-3.7965082336858225,-0.15652283812002887
1229,Guatemala,,11/23/0334,4300,7.17,7.17,6.5,7.17,7.0,6.83,10.0,10.0,10.0,6.5,78.33,0.11,1,0.0,Green,4,"February 7th, 2014",Asociacion Nacional Del Café,b1f20fe3a819fd6b2ee0eb8fdc3da256604f1e53,724f04ad10ed31dbb9d260f0dfd221ba48be8a95,ft,1310.64,1310.64,1310.64,0,-3.8279139321873585,-0.14056198229623623
1230,Mexico,,0,1300,7.25,7.25,7.0,7.5,7.33,7.42,8.0,9.33,10.0,7.75,78.33,0.13,31,0.0,Green,47,"September 11th, 2013",AMECAFE,3e18a5ae6f5e2aabca37e025f94e1974558bf5f0,e3212d17882b7657b3fba559b4072e552604d5d1,m,1300.0,1300.0,1300.0,0,-3.761181702694634,-0.5527907354209111
1234,Indonesia,sran-ijen,,1300,6.92,6.83,6.92,6.92,6.92,6.83,10.0,10.0,10.0,6.83,78.17,0.13,0,0.0,,1,"July 18th, 2018",Specialty Coffee Association of Indonesia,99fa73db21b7acd9c9ceb9dd84e409d2077d55c4,36910838db193ebdd61fa1427bac74622114c49a,m,1300.0,1300.0,1300.0,0,-3.9906213487347255,-0.13101984984134105
1235,Mexico,,1104341113,1050,7.08,6.83,6.67,7.25,7.25,6.92,10.0,9.33,10.0,6.75,78.08,0.11,0,0.0,Green,3,"July 11th, 2013",AMECAFE,59e396ad6e22a1c22b248f958e1da2bd8af85272,0eb4ee5b3f47b20b049548a2fd1e7d4a2b70d0a7,m,1050.0,1050.0,1050.0,0,-3.6954997109704433,-0.18589365559411944
1236,Taiwan,2017台南市精品咖啡評鑑批次 Specialty Coffee Evaluation of Tainan 2017 lot.20161230,Taiwan,650,7.5,7.08,7.33,7.17,7.5,7.5,6.67,10.0,10.0,7.25,78.0,0.0,3,0.0,Green,4,"June 6th, 2018",Specialty Coffee Association,36d0d00a3724338ba7937c52a378d085f2172daa,0878a7d4b9d35ddbf0fe2ce69a2062cceb45a660,m,650.0,650.0,650.0,0,-2.830992043178044,-0.3395701234809491
1237,Honduras,,13-117-88,1350,6.83,7.0,6.67,7.0,7.0,6.83,10.0,10.0,10.0,6.67,78.0,0.11,2,0.0,Green,6,"May 15th, 2015",Instituto Hondureño del Café,b4660a57e9f8cc613ae5b8f02bfce8634c763ab4,7f521ca403540f81ec99daec7da19c2788393880,m,1350.0,1350.0,1350.0,0,-4.2033516541119065,-0.159812234671611
1239,Guatemala,,11-951-136,4000 p.s.n.m,7.42,7.25,6.83,7.33,7.0,6.92,9.33,9.33,9.33,7.25,78.0,0.1,1,0.0,Green,2,"February 7th, 2015",Asociacion Nacional Del Café,b1f20fe3a819fd6b2ee0eb8fdc3da256604f1e53,724f04ad10ed31dbb9d260f0dfd221ba48be8a95,ft,1219.2,1219.2,1219.2,0,-3.3143452982396795,-0.1518468762161991
1240,China,,na,1200 meters,7.33,7.17,6.92,7.08,7.33,7.0,9.33,9.33,9.33,7.17,78.0,0.1,0,0.0,Green,28,"September 5th, 2014",Specialty Coffee Association,36d0d00a3724338ba7937c52a378d085f2172daa,0878a7d4b9d35ddbf0fe2ce69a2062cceb45a660,m,1200.0,1200.0,1200.0,0,-3.657514564735437,-0.24964071246090866
1241,Guatemala,,11/9772/3,4300,7.0,6.83,6.83,7.17,6.67,6.83,10.0,10.0,10.0,6.67,78.0,0.11,3,0.0,Green,9,"April 29th, 2014",Asociacion Nacional Del Café,b1f20fe3a819fd6b2ee0eb8fdc3da256604f1e53,724f04ad10ed31dbb9d260f0dfd221ba48be8a95,ft,1310.64,1310.64,1310.64,0,-4.292129213976129,-0.18551626033875937
1242,Mexico,,1506558883,850,7.25,7.33,7.0,7.0,7.25,7.08,10.0,10.0,8.0,7.08,78.0,0.12,2,0.0,Green,7,"September 11th, 2013",AMECAFE,59e396ad6e22a1c22b248f958e1da2bd8af85272,0eb4ee5b3f47b20b049548a2fd1e7d4a2b70d0a7,m,850.0,850.0,850.0,0,-3.4888319112512485,-0.23802260272935258
1244,Costa Rica,,5-545-0007,1200 msm,7.5,7.25,7.42,7.0,7.08,6.83,8.67,9.33,10.0,6.83,77.92,0.12,2,0.0,Green,4,"February 3rd, 2016",Specialty Coffee Association of Costa Rica,8e0b118f3cf3121ab27c5387deacdb7d4d2a60b1,5eb2b7129d9714c43825e44dc3bca9423de209e9,m,1200.0,1200.0,1200.0,0,-3.4060875610650663,-0.18811450598110122
1245,Mexico,,0,1248,7.42,7.25,7.0,7.0,7.25,7.08,8.0,10.0,10.0,6.92,77.92,0.11,0,0.0,Green,3,"July 26th, 2013",AMECAFE,59e396ad6e22a1c22b248f958e1da2bd8af85272,0eb4ee5b3f47b20b049548a2fd1e7d4a2b70d0a7,m,1248.0,1248.0,1248.0,0,-3.4482044498991034,-0.15633687984255118
1247,Nicaragua,017/105/16039,16039,1000,7.42,7.0,7.0,7.17,7.08,7.0,9.33,8.67,10.0,7.17,77.83,0.1,0,0.0,Bluish-Green,0,"February 28th, 2017",Specialty Coffee Association of Costa Rica,8e0b118f3cf3121ab27c5387deacdb7d4d2a60b1,5eb2b7129d9714c43825e44dc3bca9423de209e9,m,1000.0,1000.0,1000.0,0,-3.3074345248797923,-0.19631945093840567
1249,Guatemala,,11/23/0333,4300,7.0,6.83,6.67,7.17,6.83,6.83,10.0,10.0,10.0,6.5,77.83,0.11,0,0.0,Green,2,"February 7th, 2014",Asociacion Nacional Del Café,b1f20fe3a819fd6b2ee0eb8fdc3da256604f1e53,724f04ad10ed31dbb9d260f0dfd221ba48be8a95,ft,1310.64,1310.64,1310.64,0,-4.253239084120469,-0.13403015353119666
1250,Taiwan,,Taiwan,750-800 m,7.17,6.75,6.58,7.33,7.33,7.17,9.33,9.33,10.0,6.67,77.67,0.11,0,0.0,Bluish-Green,0,"May 29th, 2014",Specialty Coffee Association,36d0d00a3724338ba7937c52a378d085f2172daa,0878a7d4b9d35ddbf0fe2ce69a2062cceb45a660,m,750.0,800.0,775.0,0,-3.7697166403084608,-0.23256879018936596
1252,Mexico,,110548082,1300,7.17,6.75,6.58,6.75,6.83,6.75,10.0,10.0,10.0,6.67,77.5,0.13,0,0.0,Green,3,"September 17th, 2013",AMECAFE,59e396ad6e22a1c22b248f958e1da2bd8af85272,0eb4ee5b3f47b20b049548a2fd1e7d4a2b70d0a7,m,1300.0,1300.0,1300.0,0,-4.61210080833031,-0.14835482411736217
1253,Guatemala,,11/426/1,4300,7.08,6.92,6.33,7.0,6.92,7.0,10.0,10.0,10.0,6.17,77.42,0.11,2,0.0,Green,15,"January 29th, 2014",Asociacion Nacional Del Café,b1f20fe3a819fd6b2ee0eb8fdc3da256604f1e53,724f04ad10ed31dbb9d260f0dfd221ba48be8a95,ft,1310.64,1310.64,1310.64,0,-4.811226051830122,-0.20491078469179935
1254,Brazil,020/17,002/1660/0080,890,7.5,7.33,7.42,7.58,7.58,6.92,8.0,8.0,10.0,7.0,77.33,0.0,0,0.0,Green,3,"October 20th, 2018",Brazil Specialty Coffee Association,3297cfa4c538e3dd03f72cc4082c54f7999e1f9d,8900f0bf1d0b2bafe6807a73562c7677d57eb980,m,890.0,890.0,890.0,0,-2.734089234186264,-0.2605931340931253
1255,Guatemala,,11-951-136,4000 p.s.n.m.,7.33,7.0,6.83,7.17,7.17,7.17,9.33,9.33,9.33,6.67,77.33,0.1,1,0.0,Green,2,"April 8th, 2015",Asociacion Nacional Del Café,b1f20fe3a819fd6b2ee0eb8fdc3da256604f1e53,724f04ad10ed31dbb9d260f0dfd221ba48be8a95,ft,1219.2,1219.2,1219.2,0,-3.8348884334582967,-0.1655765716985062
1256,Mexico,,0,1500,7.33,7.0,6.67,7.0,6.92,6.92,9.33,9.33,10.0,6.83,77.33,0.15,4,0.0,,5,"September 13th, 2013",AMECAFE,59e396ad6e22a1c22b248f958e1da2bd8af85272,0eb4ee5b3f47b20b049548a2fd1e7d4a2b70d0a7,m,1500.0,1500.0,1500.0,0,-4.304332220572028,-0.14221111497412445
1257,Haiti,,,400-1250m,6.83,6.83,6.83,6.75,6.92,6.92,9.33,10.0,10.0,6.83,77.25,0.1,0,0.0,,1,"May 5th, 2015",Specialty Coffee Association,36d0d00a3724338ba7937c52a378d085f2172daa,0878a7d4b9d35ddbf0fe2ce69a2062cceb45a660,m,400.0,1250.0,825.0,0,-4.5268546207029985,-0.24909254193058858
1259,Mexico,,1506558882,1200,7.08,7.0,7.0,7.25,7.33,7.25,8.67,8.67,10.0,6.92,77.17,0.12,1,0.0,Green,11,"September 11th, 2013",AMECAFE,59e396ad6e22a1c22b248f958e1da2bd8af85272,0eb4ee5b3f47b20b049548a2fd1e7d4a2b70d0a7,m,1200.0,1200.0,1200.0,0,-3.8225305646720042,-0.20651649098586566
1260,Peru,,30,900-1500 masl,7.42,7.75,7.42,7.67,7.92,7.83,8.67,5.33,9.33,7.67,77.0,0.0,7,0.0,Green,9,"June 15th, 2016",Specialty Coffee Association,36d0d00a3724338ba7937c52a378d085f2172daa,0878a7d4b9d35ddbf0fe2ce69a2062cceb45a660,m,900.0,1500.0,1200.0,0,-1.9068546286439239,-0.27793697764695113
1262,Mexico,,016/2362/0051,1200 m,6.67,6.33,6.42,6.83,7.0,6.92,10.0,10.0,10.0,6.58,76.75,0.0,0,0.0,,0,"April 9th, 2011",Specialty Coffee Association,36d0d00a3724338ba7937c52a378d085f2172daa,0878a7d4b9d35ddbf0fe2ce69a2062cceb45a660,m,1200.0,1200.0,1200.0,0,-5.05042198016367,-0.20621204663172674
1264,Mexico,,0,1100,7.17,6.58,6.58,7.0,7.25,6.58,9.33,9.33,10.0,6.58,76.42,0.13,0,0.0,Green,14,"July 26th, 2013",AMECAFE,59e396ad6e22a1c22b248f958e1da2bd8af85272,0eb4ee5b3f47b20b049548a2fd1e7d4a2b70d0a7,m,1100.0,1100.0,1100.0,0,-5.100585127472231,-0.23915421479725904
1265,Guatemala,,11/23/0394,4300,7.5,7.0,6.83,7.5,7.17,7.33,8.67,8.67,8.67,7.0,76.33,0.11,0,0.0,Green,8,"April 30th, 2013",Asociacion Nacional Del Café,b1f20fe3a819fd6b2ee0eb8fdc3da256604f1e53,724f04ad10ed31dbb9d260f0dfd221ba48be8a95,ft,1310.64,1310.64,1310.64,0,-3.9799601104177458,-0.15671236921363205
1269,Mexico,,1405792248,1400,7.42,7.0,6.83,7.08,6.92,6.83,7.33,10.0,10.0,6.75,76.17,0.16,2,0.0,,4,"September 17th, 2013",AMECAFE,59e396ad6e22a1c22b248f958e1da2bd8af85272,0eb4ee5b3f47b20b049548a2fd1e7d4a2b70d0a7,m,1400.0,1400.0,1400.0,0,-4.87456590590839,-0.15310504001289513
1270,Indonesia,,1,3500,7.33,7.0,6.5,6.08,7.58,6.33,9.33,10.0,9.33,6.67,76.17,0.12,4,0.0,,26,"January 17th, 2013",Specialty Coffee Association,36d0d00a3724338ba7937c52a378d085f2172daa,0878a7d4b9d35ddbf0fe2ce69a2062cceb45a660,m,3500.0,3500.0,3500.0,0,-5.648104243543928,0.13623660621404082
1271,Mexico,,1104372556,1250,7.08,6.83,6.83,7.17,7.17,7.08,10.0,7.33,10.0,6.58,76.08,0.12,0,0.0,Green,12,"September 10th, 2013",AMECAFE,59e396ad6e22a1c22b248f958e1da2bd8af85272,0eb4ee5b3f47b20b049548a2fd1e7d4a2b70d0a7,m,1250.0,1250.0,1250.0,0,-4.549664162818113,-0.20740912943013337
1272,Honduras,,13-117-87,1350,6.83,6.83,6.67,6.83,7.0,6.83,9.33,8.67,10.0,7.0,76.0,0.11,0,0.0,Green,7,"May 15th, 2015",Instituto Hondureño del Café,b4660a57e9f8cc613ae5b8f02bfce8634c763ab4,7f521ca403540f81ec99daec7da19c2788393880,m,1350.0,1350.0,1350.0,0,-5.048203508550116,-0.17915302688373408
1273,Philippines,,0,1000+ meters,6.83,6.5,6.5,6.92,6.75,7.0,9.33,10.0,9.33,6.67,75.83,0.12,0,0.0,Green,2,"May 14th, 2014",Specialty Coffee Association,36d0d00a3724338ba7937c52a378d085f2172daa,0878a7d4b9d35ddbf0fe2ce69a2062cceb45a660,m,1000.0,1000.0,1000.0,0,-5.5604740699797315,-0.21766164364623938
1275,Guatemala,,11/23/0768,4300,7.92,7.58,7.17,7.58,7.33,7.17,8.0,8.0,8.0,6.83,75.58,0.11,0,0.0,Green,15,"July 9th, 2013",Asociacion Nacional Del Café,b1f20fe3a819fd6b2ee0eb8fdc3da256604f1e53,724f04ad10ed31dbb9d260f0dfd221ba48be8a95,ft,1310.64,1310.64,1310.64,0,-3.8240172861210775,-0.1835593640625375
1277,Mexico,,1207093598,1100,7.5,7.25,6.92,7.0,7.17,6.83,8.0,8.0,10.0,6.83,75.5,0.11,4,0.0,Green,20,"September 12th, 2013",AMECAFE,59e396ad6e22a1c22b248f958e1da2bd8af85272,0eb4ee5b3f47b20b049548a2fd1e7d4a2b70d0a7,m,1100.0,1100.0,1100.0,0,-4.849125821121986,-0.3156634118807971
1278,Mexico,,2670,1200,7.17,6.92,6.67,6.83,7.25,7.75,10.0,6.0,10.0,6.58,75.17,0.11,0,0.0,Green,20,"September 12th, 2013",AMECAFE,59e396ad6e22a1c22b248f958e1da2bd8af85272,0eb4ee5b3f47b20b049548a2fd1e7d4a2b70d0a7,m,1200.0,1200.0,1200.0,0,-4.758507154678503,-0.2693992765069332
1279,Mexico,,F07008657,1100,7.25,6.83,6.67,7.08,7.17,6.83,10.0,6.67,10.0,6.67,75.17,0.12,0,0.0,,8,"June 6th, 2013",AMECAFE,59e396ad6e22a1c22b248f958e1da2bd8af85272,0eb4ee5b3f47b20b049548a2fd1e7d4a2b70d0a7,m,1100.0,1100.0,1100.0,0,-4.941935752247512,-0.2359225147243053
1280,Mexico,,3,1280,7.17,7.17,6.83,7.17,7.42,6.67,8.67,7.33,10.0,6.75,75.17,0.13,23,0.0,Bluish-Green,29,"March 5th, 2013",AMECAFE,59e396ad6e22a1c22b248f958e1da2bd8af85272,0eb4ee5b3f47b20b049548a2fd1e7d4a2b70d0a7,m,1280.0,1280.0,1280.0,0,-5.555046567029419,-0.4745700683467541
1281,Mexico,,0,850,7.0,6.92,6.75,6.92,7.17,6.83,10.0,6.67,10.0,6.75,75.0,0.14,15,0.0,Green,7,"July 11th, 2013",AMECAFE,59e396ad6e22a1c22b248f958e1da2bd8af85272,0eb4ee5b3f47b20b049548a2fd1e7d4a2b70d0a7,m,850.0,850.0,850.0,0,-5.407114126575405,-0.41351520881771847
1282,Mexico,,0,1500,7.08,6.75,6.58,7.0,7.0,6.75,8.67,8.67,10.0,6.42,74.92,0.17,0,0.0,,6,"September 13th, 2013",AMECAFE,59e396ad6e22a1c22b248f958e1da2bd8af85272,0eb4ee5b3f47b20b049548a2fd1e7d4a2b70d0a7,m,1500.0,1500.0,1500.0,0,-5.7375202162221,-0.13741594733997917
1283,Mexico,,1104362940,1250,7.33,6.75,6.67,7.25,7.5,7.0,10.0,5.33,10.0,7.0,74.83,0.12,0,0.0,Green,30,"August 1st, 2013",AMECAFE,59e396ad6e22a1c22b248f958e1da2bd8af85272,0eb4ee5b3f47b20b049548a2fd1e7d4a2b70d0a7,m,1250.0,1250.0,1250.0,0,-4.892173225344912,-0.2900146490796219
1286,Mexico,,016-2129,1700,7.08,7.0,6.83,7.5,7.33,6.83,8.0,7.33,10.0,6.75,74.67,0.12,0,0.0,Green,7,"March 29th, 2014",AMECAFE,59e396ad6e22a1c22b248f958e1da2bd8af85272,0eb4ee5b3f47b20b049548a2fd1e7d4a2b70d0a7,m,1700.0,1700.0,1700.0,0,-4.969403417463885,-0.11170993962888283
1288,Guatemala,,11/23/0796,4300,6.5,6.33,6.5,7.5,7.33,6.83,8.67,10.0,8.67,6.0,74.33,0.11,1,0.0,Green,1,"June 6th, 2014",Asociacion Nacional Del Café,b1f20fe3a819fd6b2ee0eb8fdc3da256604f1e53,724f04ad10ed31dbb9d260f0dfd221ba48be8a95,ft,1310.64,1310.64,1310.64,0,-6.246711236808663,-0.16436708618581775
1289,Mexico,,1104355254,1140,7.0,6.58,6.67,6.83,7.08,6.83,10.0,6.67,10.0,6.67,74.33,0.14,3,0.0,Green,11,"September 10th, 2013",AMECAFE,59e396ad6e22a1c22b248f958e1da2bd8af85272,0eb4ee5b3f47b20b049548a2fd1e7d4a2b70d0a7,m,1140.0,1140.0,1140.0,0,-5.829721157542166,-0.2776623595415667
1290,Mexico,,1104820070,1200,6.92,6.42,6.17,7.33,7.25,6.75,10.0,6.67,10.0,6.5,74.0,0.13,0,0.0,,27,"September 17th, 2013",AMECAFE,59e396ad6e22a1c22b248f958e1da2bd8af85272,0eb4ee5b3f47b20b049548a2fd1e7d4a2b70d0a7,m,1200.0,1200.0,1200.0,0,-6.255465586730227,-0.28942126978655924
1291,Mexico,,0,1250,7.67,7.0,7.17,7.58,7.33,7.33,10.0,2.67,10.0,7.08,73.83,0.12,0,0.0,Green,19,"August 1st, 2013",AMECAFE,59e396ad6e22a1c22b248f958e1da2bd8af85272,0eb4ee5b3f47b20b049548a2fd1e7d4a2b70d0a7,m,1250.0,1250.0,1250.0,0,-4.208941633021536,-0.261028870560017
1294,Honduras,,13-117-88,1350,7.0,7.17,6.83,7.17,7.0,7.17,8.0,8.0,8.0,7.08,73.42,0.11,1,0.0,Green,16,"April 26th, 2015",Instituto Hondureño del Café,b4660a57e9f8cc613ae5b8f02bfce8634c763ab4,7f521ca403540f81ec99daec7da19c2788393880,m,1350.0,1350.0,1350.0,0,-5.829055324153596,-0.224762947127389
1295,Mexico,,0016-2722-0001,1200 meters,7.08,7.08,6.92,7.08,6.92,6.92,8.0,8.0,8.0,6.92,72.92,0.0,1,0.0,,1,"May 8th, 2015",Specialty Coffee Association,36d0d00a3724338ba7937c52a378d085f2172daa,0878a7d4b9d35ddbf0fe2ce69a2062cceb45a660,m,1200.0,1200.0,1200.0,0,-5.870647328632994,-0.24397370008830543
1298,Haiti,,,640m-1400m,6.92,6.75,7.08,7.17,7.33,6.67,10.0,5.33,8.67,6.42,72.33,0.08,1,0.0,,0,"August 22nd, 2012",Specialty Coffee Association,36d0d00a3724338ba7937c52a378d085f2172daa,0878a7d4b9d35ddbf0fe2ce69a2062cceb45a660,m,640.0,1400.0,1020.0,0,-5.992759709942888,-0.26930507489183253
1299,Costa Rica,,5-545-0015,1200 msm,6.33,6.5,6.33,6.83,6.33,6.5,10.0,6.67,10.0,6.25,71.75,0.11,0,0.0,Green,7,"February 3rd, 2016",Specialty Coffee Association of Costa Rica,8e0b118f3cf3121ab27c5387deacdb7d4d2a60b1,5eb2b7129d9714c43825e44dc3bca9423de209e9,m,1200.0,1200.0,1200.0,0,-7.922774386035464,-0.2634092245996935
1300,Mexico,,11111,800,6.92,6.92,6.92,6.92,7.17,7.0,10.0,2.67,10.0,6.58,71.08,0.12,4,0.0,Green,24,"September 10th, 2013",AMECAFE,59e396ad6e22a1c22b248f958e1da2bd8af85272,0eb4ee5b3f47b20b049548a2fd1e7d4a2b70d0a7,m,800.0,800.0,800.0,0,-6.700091334688808,-0.45228500644939096
1301,Mexico,,1104351023,1800,6.5,6.67,6.42,7.17,7.33,6.5,8.0,6.0,10.0,6.42,71.0,0.11,0,0.0,Green,0,"July 11th, 2013",AMECAFE,59e396ad6e22a1c22b248f958e1da2bd8af85272,0eb4ee5b3f47b20b049548a2fd1e7d4a2b70d0a7,m,1800.0,1800.0,1800.0,0,-7.308161742091147,-0.12510039781110194
1302,Mexico,,0016-2847-0001,1000 meters,6.92,7.0,6.83,6.92,7.42,6.92,6.0,6.0,10.0,6.75,70.75,0.12,0,0.0,Green,1,"May 5th, 2015",Specialty Coffee Association,36d0d00a3724338ba7937c52a378d085f2172daa,0878a7d4b9d35ddbf0fe2ce69a2062cceb45a660,m,1000.0,1000.0,1000.0,0,-6.828073603732076,-0.2965219606171227
1304,Honduras,,13-63-174,1450 msnm,6.67,6.5,6.17,6.67,6.83,6.17,8.0,8.0,8.0,6.33,69.33,0.1,0,0.0,Green,4,"May 15th, 2015",Instituto Hondureño del Café,b4660a57e9f8cc613ae5b8f02bfce8634c763ab4,7f521ca403540f81ec99daec7da19c2788393880,m,1450.0,1450.0,1450.0,0,-9.111650461048642,-0.2198103527430315
1305,Honduras,,13-63-174,1450 msnm,7.0,6.17,6.17,6.67,6.5,6.17,8.0,8.0,8.0,6.5,69.17,0.1,0,0.0,Green,3,"May 15th, 2015",Instituto Hondureño del Café,b4660a57e9f8cc613ae5b8f02bfce8634c763ab4,7f521ca403540f81ec99daec7da19c2788393880,m,1450.0,1450.0,1450.0,0,-9.28976334343591,-0.22083341234938877
1306,Honduras,,13-63-174,1450 msnm,7.0,6.33,6.17,6.5,6.67,6.17,8.0,8.0,8.0,6.33,69.17,0.1,0,0.0,Green,4,"May 15th, 2015",Instituto Hondureño del Café,b4660a57e9f8cc613ae5b8f02bfce8634c763ab4,7f521ca403540f81ec99daec7da19c2788393880,m,1450.0,1450.0,1450.0,0,-9.277078381134677,-0.2277055509133152
1307,Mexico,,1104328663,900,7.08,6.83,6.25,7.42,7.25,6.75,10.0,0.0,10.0,6.75,68.33,0.11,0,0.0,,20,"September 17th, 2013",AMECAFE,59e396ad6e22a1c22b248f958e1da2bd8af85272,0eb4ee5b3f47b20b049548a2fd1e7d4a2b70d0a7,m,900.0,900.0,900.0,0,-7.581193295601082,-0.40835641409772155
1308,Haiti,,,~350m,6.75,6.58,6.42,6.67,7.08,6.67,9.33,6.0,6.0,6.42,67.92,0.14,8,0.0,Blue-Green,16,"May 24th, 2013",Specialty Coffee Association,36d0d00a3724338ba7937c52a378d085f2172daa,0878a7d4b9d35ddbf0fe2ce69a2062cceb45a660,m,350.0,350.0,350.0,0,-9.413741935019985,-0.5381238915160135
1309,Nicaragua,017-053-0211/ 017-053-0212,017-053-0211/ 017-053-0212,1100,7.25,6.58,6.33,6.25,6.42,6.08,6.0,6.0,6.0,6.17,63.08,0.13,1,0.0,Green,5,"June 6th, 2018",Instituto Hondureño del Café,b4660a57e9f8cc613ae5b8f02bfce8634c763ab4,7f521ca403540f81ec99daec7da19c2788393880,m,1100.0,1100.0,1100.0,0,-12.058330426000957,-0.3685228489991626
1310,Guatemala,,11/853/165,4650,7.5,6.67,6.67,7.67,7.33,6.67,8.0,1.33,1.33,6.67,59.83,0.1,0,0.0,Green,4,"May 24th, 2013",Asociacion Nacional Del Café,b1f20fe3a819fd6b2ee0eb8fdc3da256604f1e53,724f04ad10ed31dbb9d260f0dfd221ba48be8a95,ft,1417.32,1417.32,1417.32,0,-11.289398328804287,-0.2671819484461401
1312,Honduras,103,13-111-053,1400,0.0,0.0,0.0,0.0,0.0,0.0,0.0,0.0,0.0,0.0,0.0,0.12,0,0.0,Green,2,"April 28th, 2018",Instituto Hondureño del Café,b4660a57e9f8cc613ae5b8f02bfce8634c763ab4,7f521ca403540f81ec99daec7da19c2788393880,m,1400.0,1400.0,1400.0,1,-59.04634086476213,-1.202772294953101
